# Blender 5.2.1 LTS
# www.blender.org
mtllib track_b_mesh.mtl
o mesh
v -0.047360 -0.001529 0.005542
v -0.085583 0.014952 0.005542
v 0.005680 0.000010 0.005542
v 0.034789 0.014952 0.005542
v -0.100399 0.042697 0.005542
v -0.115731 0.067991 0.005542
v -0.117157 0.121031 0.005542
v 0.058719 0.047766 0.005542
v 0.078359 0.067991 0.005542
v 0.088223 0.121031 0.005542
v -0.047360 -0.017431 0.058581
v -0.094631 0.014952 0.058581
v 0.005680 -0.005739 0.058581
v 0.058719 0.013671 0.058581
v -0.100399 0.026733 0.058581
v -0.133381 0.067991 0.058581
v -0.145288 0.121031 0.058581
v 0.061499 0.014952 0.058581
v 0.097147 0.067991 0.058581
v 0.110037 0.121031 0.058581
v 0.058719 0.014952 0.055854
v -0.047360 0.208411 0.058581
v 0.058719 0.191168 0.058581
v -0.153439 0.080248 0.111621
v -0.165061 0.121031 0.111621
v -0.047360 -0.039125 0.111621
v -0.049278 -0.038088 0.111621
v -0.100399 0.009884 0.111621
v -0.108695 0.014952 0.111621
v -0.043203 -0.038088 0.111621
v 0.005680 -0.035883 0.111621
v 0.058719 -0.012334 0.111621
v -0.149808 0.067991 0.111621
v 0.086168 0.014952 0.111621
v 0.101207 0.067991 0.111621
v 0.103609 0.121031 0.111621
v -0.153439 0.121031 0.084008
v -0.047360 -0.038088 0.108361
v -0.100399 0.014952 0.090024
v -0.153439 0.048278 0.164660
v -0.169424 0.067991 0.164660
v -0.188483 0.121031 0.164660
v -0.047360 -0.047450 0.164660
v -0.064474 -0.038088 0.164660
v -0.100399 -0.006081 0.164660
v -0.130452 0.014952 0.164660
v -0.039977 -0.038088 0.164660
v 0.005680 -0.036011 0.164660
v 0.058719 -0.014414 0.164660
v 0.082921 0.014952 0.164660
v 0.093067 0.067991 0.164660
v 0.094416 0.121031 0.164660
v -0.153439 0.067991 0.124985
v -0.153439 0.184419 0.164660
v -0.047360 0.213256 0.164660
v 0.058719 0.180408 0.164660
v -0.153439 -0.006076 0.217700
v -0.174493 0.014952 0.217700
v -0.206478 0.063369 0.217700
v -0.208817 0.067991 0.217700
v -0.211819 0.121031 0.217700
v -0.100399 -0.060645 0.217700
v -0.123002 -0.038088 0.217700
v -0.047360 -0.057126 0.217700
v -0.005620 -0.038088 0.217700
v 0.005680 -0.030378 0.217700
v 0.058719 -0.025975 0.217700
v 0.095615 0.014952 0.217700
v 0.095424 0.067991 0.217700
v 0.093143 0.121031 0.217700
v -0.153439 0.014952 0.202091
v -0.206478 0.067991 0.215757
v -0.206478 0.121031 0.207264
v -0.100399 -0.038088 0.207628
v -0.047360 -0.096409 0.270739
v -0.049481 -0.091127 0.270739
v 0.005680 -0.128582 0.270739
v 0.058719 -0.116871 0.270739
v -0.153439 -0.049807 0.270739
v -0.166276 -0.038088 0.270739
v -0.206478 -0.009026 0.270739
v -0.258737 0.014952 0.270739
v -0.259518 0.015654 0.270739
v -0.259518 0.113940 0.270739
v -0.249900 0.121031 0.270739
v -0.100399 -0.048069 0.270739
v 0.078838 -0.091127 0.270739
v 0.110614 -0.038088 0.270739
v 0.111759 -0.036865 0.270739
v 0.157870 0.014952 0.270739
v 0.117045 0.067991 0.270739
v 0.111759 0.083960 0.270739
v 0.090476 0.121031 0.270739
v -0.280735 0.067991 0.270739
v -0.047360 -0.091127 0.268344
v 0.005680 -0.091127 0.249157
v 0.058719 -0.091127 0.262081
v -0.153439 -0.038088 0.246453
v -0.206478 0.014952 0.244247
v -0.259518 0.067991 0.255296
v 0.005680 -0.038088 0.245169
v 0.058719 -0.038088 0.248979
v 0.111759 0.014952 0.252379
v 0.111759 0.067991 0.259023
v -0.153439 0.185900 0.270739
v -0.047360 0.195862 0.270739
v 0.058719 0.158307 0.270739
v -0.100399 -0.186918 0.323779
v -0.126230 -0.144167 0.323779
v -0.087833 -0.197206 0.323779
v -0.139388 -0.091127 0.323779
v -0.312557 -0.027969 0.323779
v -0.335181 0.014952 0.323779
v -0.259518 -0.034410 0.323779
v -0.206478 -0.025028 0.323779
v -0.153439 -0.035927 0.323779
v -0.330869 0.067991 0.323779
v -0.312557 0.100856 0.323779
v -0.294455 0.121031 0.323779
v -0.150370 -0.038088 0.323779
v 0.058719 0.120889 0.323779
v 0.058355 0.121031 0.323779
v 0.162046 -0.091127 0.323779
v 0.164798 -0.088357 0.323779
v 0.164798 -0.000723 0.323779
v 0.151314 0.014952 0.323779
v 0.193089 -0.038088 0.323779
v 0.135133 0.067991 0.323779
v 0.111759 0.094005 0.323779
v -0.100399 -0.144167 0.302479
v -0.047360 -0.197206 0.312411
v -0.047360 -0.144167 0.287911
v -0.100399 -0.091127 0.302033
v 0.005680 -0.197206 0.305591
v 0.005680 -0.144167 0.281346
v 0.058719 -0.197206 0.311064
v 0.058719 -0.144167 0.286838
v -0.312557 0.014952 0.299137
v -0.259518 0.014952 0.271079
v -0.153439 -0.038088 0.306043
v -0.312557 0.067991 0.297953
v -0.259518 0.121031 0.279596
v 0.058719 0.121031 0.323578
v 0.111759 -0.091127 0.288620
v 0.111759 -0.038088 0.271125
v 0.164798 -0.038088 0.296883
v -0.153439 -0.068137 0.376818
v -0.156450 -0.064607 0.376818
v -0.168424 -0.038088 0.376818
v -0.259518 -0.037944 0.376818
v -0.232998 -0.030255 0.376818
v -0.206478 -0.027813 0.376818
v -0.179959 -0.031692 0.376818
v -0.206478 -0.162683 0.376818
v -0.247359 -0.144167 0.376818
v -0.187016 -0.197206 0.376818
v -0.206478 -0.136893 0.376818
v -0.153439 -0.095087 0.376818
v -0.136372 -0.091127 0.376818
v -0.312557 -0.059235 0.376818
v -0.348474 -0.038088 0.376818
v -0.260071 -0.038088 0.376818
v -0.357774 0.014952 0.376818
v -0.347003 0.067991 0.376818
v -0.314251 0.121031 0.376818
v -0.047360 0.083090 0.376818
v -0.067072 0.121031 0.376818
v 0.005680 0.077152 0.376818
v 0.058719 0.069796 0.376818
v 0.164798 -0.019711 0.376818
v 0.152144 0.014952 0.376818
v 0.193968 -0.091127 0.376818
v 0.171856 -0.038088 0.376818
v 0.136933 0.067991 0.376818
v 0.111759 0.083803 0.376818
v 0.058719 -0.279261 0.376818
v 0.111759 -0.261950 0.376818
v 0.129706 -0.250246 0.376818
v 0.164798 -0.215756 0.376818
v 0.177341 -0.197206 0.376818
v 0.199346 -0.144167 0.376818
v -0.206478 -0.144167 0.351491
v -0.153439 -0.197206 0.351202
v -0.153439 -0.144167 0.374768
v -0.100399 -0.197206 0.328627
v -0.312557 -0.038088 0.338228
v -0.153439 -0.038088 0.327670
v -0.312557 0.121031 0.345197
v -0.047360 0.121031 0.360639
v 0.005680 0.121031 0.347442
v 0.164798 -0.091127 0.326536
v -0.153439 -0.248898 0.376818
v -0.047360 -0.277208 0.376818
v -0.259518 0.161762 0.376818
v -0.153439 0.169574 0.376818
v 0.164798 -0.197206 0.364730
v -0.259518 -0.043633 0.403338
v -0.244429 -0.038088 0.403338
v -0.153439 -0.075571 0.403338
v -0.156274 -0.064607 0.403338
v -0.167219 -0.038088 0.403338
v -0.232998 -0.024143 0.403338
v -0.206478 -0.013221 0.403338
v -0.179959 -0.032525 0.403338
v -0.259518 -0.038088 0.376888
v -0.165235 -0.091127 0.429858
v -0.157580 -0.064607 0.429858
v -0.153439 -0.040485 0.429858
v -0.259518 -0.033549 0.429858
v -0.244133 -0.011568 0.429858
v -0.232998 -0.004182 0.429858
v -0.206478 -0.010429 0.429858
v -0.179959 -0.026576 0.429858
v -0.204575 -0.011568 0.429858
v -0.153439 -0.036086 0.429858
v 0.270877 0.068825 0.429858
v 0.297397 0.074653 0.429858
v 0.323452 0.094511 0.429858
v 0.323917 0.095308 0.429858
v 0.333993 0.121031 0.429858
v -0.259518 -0.038088 0.423959
v -0.153439 -0.091127 0.407726
v -0.153439 -0.038088 0.426710
v -0.232998 -0.011568 0.414349
v -0.206478 -0.011568 0.418055
v -0.364538 -0.091127 0.429858
v -0.312547 -0.091141 0.429834
v -0.209305 -0.197206 0.429858
v -0.206478 -0.187627 0.429858
v -0.172296 -0.144167 0.429858
v -0.317004 -0.038088 0.429858
v -0.279587 -0.038088 0.429858
v -0.361142 0.014952 0.429858
v -0.340188 0.067991 0.429858
v -0.312557 0.099266 0.429858
v -0.284487 0.121031 0.429858
v -0.151008 -0.038088 0.429858
v -0.047360 -0.058404 0.429858
v -0.066288 -0.038088 0.429858
v -0.090888 0.014952 0.429858
v 0.005680 -0.070939 0.429858
v 0.053840 -0.038088 0.429858
v 0.058719 -0.026146 0.429858
v -0.094536 0.067991 0.429858
v -0.100399 0.089356 0.429858
v -0.130297 0.121031 0.429858
v 0.058719 -0.303028 0.429858
v 0.111759 -0.289951 0.429858
v 0.164798 -0.251226 0.429858
v 0.165677 -0.250246 0.429858
v 0.197642 -0.197206 0.429858
v 0.209418 -0.144167 0.429858
v 0.217838 -0.140365 0.429858
v 0.231549 -0.091127 0.429858
v 0.083282 0.014952 0.429858
v 0.164798 -0.011150 0.429858
v 0.150852 0.014952 0.429858
v 0.217838 -0.057012 0.429858
v 0.189157 -0.038088 0.429858
v 0.111759 0.043630 0.429858
v 0.164798 0.087785 0.429858
v 0.146219 0.121031 0.429858
v 0.217838 0.072716 0.429858
v 0.164798 0.165490 0.429858
v 0.175295 0.174070 0.429858
v 0.217838 0.189641 0.429858
v 0.270877 0.186304 0.429858
v 0.323917 0.156292 0.429858
v 0.300221 0.174070 0.429858
v -0.206478 -0.197206 0.404043
v -0.206478 -0.144167 0.428290
v -0.312557 0.121031 0.384635
v -0.047360 -0.038088 0.414849
v -0.047360 0.014952 0.386606
v 0.005680 -0.038088 0.401383
v 0.005680 0.014952 0.391174
v 0.058719 0.014952 0.403895
v -0.047360 0.067991 0.379915
v -0.100399 0.121031 0.408598
v 0.164798 -0.250246 0.427547
v 0.217838 -0.091127 0.392556
v 0.058719 0.067991 0.377526
v 0.111759 0.067991 0.395226
v 0.164798 0.121031 0.400512
v 0.217838 0.121031 0.387549
v 0.270877 0.121031 0.391212
v 0.323917 0.121031 0.419216
v 0.217838 0.174070 0.403281
v 0.270877 0.174070 0.409691
v -0.183424 -0.091127 0.456378
v -0.179959 -0.084517 0.456378
v -0.153439 -0.082626 0.456378
v -0.259518 -0.012166 0.456378
v -0.258921 -0.011568 0.456378
v -0.232998 0.003035 0.456378
v -0.206478 0.000152 0.456378
v -0.153439 -0.016054 0.456378
v -0.173130 -0.011568 0.456378
v -0.179959 -0.008815 0.456378
v 0.270877 0.051399 0.456378
v 0.297397 0.061907 0.456378
v 0.316600 0.067991 0.456378
v 0.323917 0.074117 0.456378
v 0.339061 0.094511 0.456378
v 0.345302 0.121031 0.456378
v -0.179959 -0.091127 0.445874
v -0.153439 -0.064607 0.441627
v -0.179959 -0.011568 0.453124
v 0.270877 0.067991 0.430966
v 0.297397 0.067991 0.437311
v 0.323917 0.094511 0.430362
v 0.270877 0.041247 0.482898
v 0.293448 0.041472 0.482898
v 0.297397 0.046575 0.482898
v 0.323917 0.066052 0.482898
v 0.326055 0.067991 0.482898
v 0.342219 0.094511 0.482898
v 0.350436 0.111807 0.482898
v 0.352077 0.121031 0.482898
v 0.207332 -0.091127 0.482898
v 0.206316 -0.064607 0.482898
v 0.202805 -0.038088 0.482898
v 0.191318 -0.020276 0.482898
v 0.175879 -0.011568 0.482898
v 0.217838 -0.036770 0.482898
v 0.206832 -0.011568 0.482898
v 0.171416 0.014952 0.482898
v 0.217838 -0.005052 0.482898
v 0.222060 -0.011568 0.482898
v 0.270185 0.041472 0.482898
v 0.217838 0.061627 0.482898
v 0.244358 0.051839 0.482898
v -0.179959 -0.091127 0.475493
v -0.153439 -0.091127 0.465988
v -0.259518 -0.011568 0.458398
v -0.259518 0.014952 0.474544
v -0.232998 0.014952 0.474045
v -0.206478 0.014952 0.473677
v -0.153439 -0.011568 0.461244
v -0.179959 0.014952 0.474095
v -0.153439 0.014952 0.474477
v 0.270877 0.041472 0.481007
v 0.323917 0.067991 0.474247
v 0.350436 0.121031 0.466063
v -0.312557 -0.100808 0.482898
v -0.320525 -0.091127 0.482898
v -0.261385 -0.091127 0.482898
v -0.152898 -0.197206 0.482898
v -0.137340 -0.144167 0.482898
v -0.100399 -0.128335 0.482898
v -0.047360 -0.093177 0.482898
v -0.040137 -0.091127 0.482898
v -0.312557 -0.079077 0.482898
v -0.312557 0.003451 0.482898
v -0.323565 0.014952 0.482898
v -0.276125 0.014952 0.482898
v -0.312557 0.031223 0.482898
v -0.259518 0.030644 0.482898
v -0.292461 0.067991 0.482898
v -0.259518 0.107693 0.482898
v -0.206478 0.031455 0.482898
v -0.161595 0.067991 0.482898
v -0.206478 0.108101 0.482898
v 0.005680 -0.083337 0.482898
v 0.058719 -0.047297 0.482898
v 0.088236 -0.303285 0.482898
v 0.111759 -0.297199 0.482898
v 0.164798 -0.264056 0.482898
v 0.176382 -0.250246 0.482898
v 0.199487 -0.197206 0.482898
v 0.204164 -0.144167 0.482898
v 0.068961 -0.038088 0.482898
v 0.102814 0.014952 0.482898
v 0.111759 0.029692 0.482898
v 0.124510 0.067991 0.482898
v 0.138643 0.121031 0.482898
v 0.163364 0.174070 0.482898
v 0.164798 0.175853 0.482898
v 0.217838 0.195558 0.482898
v 0.270877 0.193026 0.482898
v 0.323917 0.170340 0.482898
v 0.317634 0.174070 0.482898
v -0.206478 -0.197206 0.441724
v -0.153439 -0.197206 0.482684
v -0.153439 -0.144167 0.479737
v -0.100399 -0.091127 0.461954
v -0.047360 -0.091127 0.479786
v -0.312557 -0.038088 0.478130
v -0.312557 0.067991 0.469707
v -0.259518 0.121031 0.455853
v -0.153439 0.067991 0.479433
v -0.206478 0.121031 0.448592
v -0.153439 0.121031 0.442738
v -0.100399 -0.038088 0.446326
v -0.100399 0.014952 0.442557
v 0.058719 -0.038088 0.442080
v -0.100399 0.067991 0.437594
v 0.058719 -0.303285 0.431569
v 0.217838 -0.091127 0.468866
v 0.164798 0.014952 0.467616
v 0.164798 0.067991 0.447518
v 0.217838 0.067991 0.461685
v 0.164798 0.174070 0.457399
v 0.058719 -0.306570 0.482898
v 0.005668 -0.303285 0.482898
v -0.047360 -0.293004 0.482898
v 0.205027 -0.091127 0.509417
v 0.208693 -0.064607 0.509417
v 0.213717 -0.038088 0.509417
v 0.217838 -0.032550 0.509417
v 0.217838 0.009304 0.509417
v 0.211043 0.014952 0.509417
v 0.222262 -0.011568 0.509417
v 0.217838 0.026576 0.509417
v 0.244358 0.036226 0.509417
v 0.270877 0.040761 0.509417
v 0.273704 0.041472 0.509417
v 0.297397 0.049335 0.509417
v 0.323917 0.067519 0.509417
v 0.324423 0.067991 0.509417
v 0.341030 0.094511 0.509417
v 0.343003 0.121031 0.509417
v 0.191318 -0.011568 0.490822
v 0.191318 0.014952 0.499063
v 0.217838 0.041472 0.495762
v 0.244358 0.041472 0.502836
v 0.350436 0.121031 0.494399
v 0.211747 -0.091127 0.535937
v 0.217838 -0.076349 0.535937
v 0.224527 -0.064607 0.535937
v 0.237893 -0.038088 0.535937
v 0.243932 -0.011568 0.535937
v 0.244358 -0.009528 0.535937
v 0.252716 0.014952 0.535937
v 0.270877 0.028917 0.535937
v 0.323917 -0.055944 0.535937
v 0.299525 -0.038088 0.535937
v 0.333648 -0.038088 0.535937
v 0.323917 -0.015945 0.535937
v 0.323917 0.003659 0.535937
v 0.304650 0.014952 0.535937
v 0.333929 0.014952 0.535937
v 0.291068 0.041472 0.535937
v 0.323917 0.021029 0.535937
v 0.297397 0.045003 0.535937
v 0.323917 0.064958 0.535937
v 0.334862 0.067991 0.535937
v 0.332781 0.094511 0.535937
v 0.329541 0.121031 0.535937
v 0.217838 -0.064607 0.526367
v 0.217838 -0.038088 0.513624
v 0.217838 0.014952 0.513147
v 0.244358 0.014952 0.529930
v 0.323917 -0.038088 0.527094
v 0.323917 0.014952 0.530822
v -0.259518 -0.131092 0.535937
v 0.135568 0.121031 0.535937
v -0.273270 -0.091127 0.535937
v 0.164798 0.163470 0.535937
v -0.206478 -0.092473 0.535937
v 0.177373 0.174070 0.535937
v 0.217838 0.185255 0.535937
v -0.196254 -0.091127 0.535937
v 0.270877 0.179713 0.535937
v 0.323917 0.134177 0.535937
v -0.058791 -0.197206 0.535937
v 0.284916 0.174070 0.535937
v -0.047360 -0.154997 0.535937
v -0.042883 -0.144167 0.535937
v -0.011413 -0.091127 0.535937
v -0.312557 -0.049412 0.535937
v -0.340516 -0.038088 0.535937
v -0.259518 -0.071029 0.535937
v -0.294055 -0.038088 0.535937
v -0.312557 0.004920 0.535937
v -0.206478 -0.082217 0.535937
v 0.005680 -0.078052 0.535937
v 0.058719 -0.046787 0.535937
v 0.058719 -0.294380 0.535937
v 0.111759 -0.291492 0.535937
v 0.164798 -0.269202 0.535937
v 0.186713 -0.250246 0.535937
v 0.210806 -0.197206 0.535937
v 0.209454 -0.144167 0.535937
v 0.069276 -0.038088 0.535937
v 0.103172 0.014952 0.535937
v 0.111759 0.041612 0.535937
v 0.120704 0.067991 0.535937
v -0.312557 -0.091127 0.486785
v -0.259518 -0.091127 0.483308
v 0.164798 0.174070 0.496126
v -0.206478 -0.091127 0.490555
v -0.100399 -0.197206 0.505898
v -0.100399 -0.144167 0.491793
v -0.047360 -0.144167 0.531937
v -0.312557 -0.038088 0.502989
v -0.312557 0.014952 0.490306
v -0.259518 0.067991 0.491976
v -0.206478 0.067991 0.493813
v 0.058719 -0.303285 0.505388
v 0.231833 -0.197206 0.562457
v 0.232945 -0.170686 0.562457
v 0.229744 -0.144167 0.562457
v 0.227479 -0.117647 0.562457
v 0.229581 -0.091127 0.562457
v 0.235296 -0.064607 0.562457
v 0.222783 -0.038088 0.562457
v 0.244358 -0.031086 0.562457
v 0.268945 -0.011568 0.562457
v 0.263679 0.014952 0.562457
v 0.270877 0.022925 0.562457
v 0.297397 0.006120 0.562457
v 0.279476 0.014952 0.562457
v 0.320366 0.014952 0.562457
v 0.323917 0.023824 0.562457
v 0.323917 0.044092 0.562457
v 0.303688 0.067991 0.562457
v 0.331644 0.041472 0.562457
v 0.217838 -0.197206 0.547463
v 0.217838 -0.170686 0.545779
v 0.217838 -0.144167 0.549947
v 0.217838 -0.117647 0.549589
v 0.217838 -0.091127 0.545310
v 0.244358 -0.011568 0.536106
v 0.323917 -0.038088 0.559342
v 0.297397 0.014952 0.555623
v 0.323917 0.014952 0.562366
v 0.297397 0.041472 0.561804
v 0.323917 0.041472 0.557185
v 0.323917 0.067991 0.548635
v 0.263645 -0.197206 0.588977
v 0.270877 -0.186431 0.588977
v 0.270877 -0.134927 0.588977
v 0.253831 -0.117647 0.588977
v 0.253513 -0.091127 0.588977
v 0.278731 -0.170686 0.588977
v 0.279881 -0.144167 0.588977
v 0.254052 -0.064607 0.588977
v 0.270877 -0.040435 0.588977
v 0.273629 -0.038088 0.588977
v 0.293539 -0.011568 0.588977
v 0.297397 -0.000093 0.588977
v 0.302013 0.014952 0.588977
v 0.308085 0.041472 0.588977
v 0.297397 0.062222 0.588977
v 0.292290 0.067991 0.588977
v 0.282575 0.094511 0.588977
v 0.270882 0.121038 0.588983
v 0.244358 -0.197206 0.572392
v 0.244358 -0.170686 0.571310
v 0.270877 -0.170686 0.583695
v 0.244358 -0.144167 0.575642
v 0.270877 -0.144167 0.582898
v 0.244358 -0.117647 0.579381
v 0.244358 -0.091127 0.578339
v 0.244358 -0.064607 0.576008
v 0.244358 -0.038088 0.572919
v 0.270877 -0.038088 0.579496
v 0.270877 -0.011568 0.565077
v 0.270877 0.014952 0.568147
v 0.323917 0.041472 0.569349
v 0.297397 0.067991 0.575393
v 0.019588 -0.197206 0.588977
v 0.146348 0.121031 0.588977
v 0.026624 -0.144167 0.588977
v 0.164798 0.137333 0.588977
v 0.053333 -0.091127 0.588977
v 0.217838 0.153278 0.588977
v 0.058719 -0.081778 0.588977
v 0.058719 -0.252414 0.588977
v 0.111759 -0.269778 0.588977
v 0.164798 -0.272252 0.588977
v 0.217838 -0.258343 0.588977
v 0.227968 -0.250246 0.588977
v 0.082558 -0.038088 0.588977
v 0.102308 0.014952 0.588977
v 0.111759 0.045383 0.588977
v 0.119229 0.067991 0.588977
v 0.323917 0.121031 0.540478
v -0.259518 -0.091127 0.550216
v -0.206478 -0.091127 0.544199
v 0.217838 0.174070 0.561432
v 0.270877 0.174070 0.545404
v -0.047360 -0.197206 0.544418
v 0.005680 -0.197206 0.581276
v 0.005680 -0.144167 0.574494
v 0.005680 -0.091127 0.556754
v -0.312557 -0.038088 0.545789
v 0.217838 -0.250246 0.578533
v 0.270877 -0.245760 0.615496
v 0.286669 -0.223726 0.615496
v 0.290568 -0.197206 0.615496
v 0.297397 -0.189993 0.615496
v 0.306693 -0.170686 0.615496
v 0.307534 -0.144167 0.615496
v 0.297397 -0.134917 0.615496
v 0.280804 -0.117647 0.615496
v 0.273591 -0.091127 0.615496
v 0.376956 -0.101920 0.615496
v 0.365114 -0.091127 0.615496
v 0.390997 -0.091127 0.615496
v 0.244358 0.118992 0.615496
v 0.241646 0.121031 0.615496
v 0.270877 0.100195 0.615496
v 0.277954 -0.064607 0.615496
v 0.297397 -0.051672 0.615496
v 0.305205 -0.038088 0.615496
v 0.376956 -0.073405 0.615496
v 0.305756 -0.011568 0.615496
v 0.297397 0.002929 0.615496
v 0.289664 0.014952 0.615496
v 0.376956 -0.026003 0.615496
v 0.371227 -0.011568 0.615496
v 0.376956 -0.002070 0.615496
v 0.378974 -0.011568 0.615496
v 0.403476 0.006069 0.615496
v 0.386282 0.014952 0.615496
v 0.429996 0.010062 0.615496
v 0.297397 0.033070 0.615496
v 0.302726 0.041472 0.615496
v 0.297397 0.048193 0.615496
v 0.282859 0.067991 0.615496
v 0.376956 0.033021 0.615496
v 0.370432 0.041472 0.615496
v 0.376956 0.066495 0.615496
v 0.275660 0.094511 0.615496
v 0.429996 0.024200 0.615496
v 0.429395 0.041472 0.615496
v 0.384768 0.067991 0.615496
v 0.419562 0.067991 0.615496
v 0.403476 0.071160 0.615496
v 0.270877 -0.197206 0.594110
v 0.270877 -0.117647 0.604478
v 0.270877 -0.091127 0.610968
v 0.270877 -0.223726 0.604386
v 0.297397 -0.170686 0.602365
v 0.297397 -0.144167 0.606284
v 0.376956 -0.091127 0.609088
v 0.270877 -0.064607 0.609802
v 0.244358 0.121031 0.610685
v 0.297397 -0.038088 0.607292
v 0.297397 -0.011568 0.595319
v 0.297397 0.014952 0.609496
v 0.376956 -0.011568 0.608643
v 0.403476 0.014952 0.607941
v 0.429996 0.014952 0.612623
v 0.376956 0.041472 0.603199
v 0.403476 0.041472 0.598812
v 0.403476 0.067991 0.611744
v 0.310037 -0.250246 0.642016
v 0.323917 -0.240589 0.642016
v 0.323917 -0.201498 0.642016
v 0.319929 -0.197206 0.642016
v 0.330808 -0.223726 0.642016
v 0.350436 -0.212181 0.642016
v 0.328674 -0.197206 0.642016
v 0.362254 -0.197206 0.642016
v 0.323917 -0.196441 0.642016
v 0.357637 -0.170686 0.642016
v 0.350436 -0.150376 0.642016
v 0.338943 -0.144167 0.642016
v 0.323917 -0.139942 0.642016
v 0.300655 -0.117647 0.642016
v 0.297397 -0.116199 0.642016
v 0.287302 -0.091127 0.642016
v 0.217838 0.120211 0.642016
v 0.244358 0.108558 0.642016
v 0.270877 0.098611 0.642016
v 0.297397 -0.078636 0.642016
v 0.323917 -0.072406 0.642016
v 0.323917 -0.054357 0.642016
v 0.320570 -0.038088 0.642016
v 0.332428 -0.064607 0.642016
v 0.323917 -0.026058 0.642016
v 0.335049 -0.011568 0.642016
v 0.325851 0.014952 0.642016
v 0.376956 -0.007053 0.642016
v 0.356558 0.014952 0.642016
v 0.403476 -0.018522 0.642016
v 0.385542 -0.011568 0.642016
v 0.429996 -0.013461 0.642016
v 0.323917 0.017093 0.642016
v 0.312270 0.041472 0.642016
v 0.323917 0.059313 0.642016
v 0.360992 0.041472 0.642016
v 0.350436 0.050631 0.642016
v 0.297397 0.082325 0.642016
v 0.277339 0.094511 0.642016
v 0.323917 0.089768 0.642016
v 0.350436 0.089492 0.642016
v 0.376956 0.084835 0.642016
v 0.403476 0.082206 0.642016
v 0.429996 0.077220 0.642016
v 0.436004 -0.011568 0.642016
v 0.456516 -0.002078 0.642016
v 0.464653 0.014952 0.642016
v 0.270877 -0.250246 0.618111
v 0.297397 -0.250246 0.634013
v 0.297397 -0.223726 0.622897
v 0.323917 -0.223726 0.637207
v 0.297397 -0.197206 0.622024
v 0.350436 -0.197206 0.631365
v 0.323917 -0.170686 0.628135
v 0.323917 -0.144167 0.634650
v 0.350436 -0.170686 0.633270
v 0.297397 -0.117647 0.637700
v 0.376956 -0.091127 0.618463
v 0.217838 0.121031 0.640457
v 0.297397 -0.064607 0.624511
v 0.323917 -0.064607 0.636821
v 0.323917 -0.011568 0.636149
v 0.297397 0.014952 0.623120
v 0.323917 0.014952 0.639139
v 0.376956 -0.011568 0.631385
v 0.376956 0.014952 0.621081
v 0.403476 -0.011568 0.632885
v 0.429996 -0.011568 0.639921
v 0.297397 0.067991 0.636234
v 0.323917 0.067991 0.632970
v 0.350436 0.067991 0.626621
v 0.376956 0.067991 0.618461
v 0.429996 0.041472 0.616338
v 0.429996 0.067991 0.624742
v 0.443370 0.067991 0.642016
v 0.164798 -0.269785 0.642016
v 0.134229 -0.250246 0.642016
v 0.111759 -0.228230 0.642016
v 0.092942 -0.197206 0.642016
v 0.217838 -0.284423 0.642016
v 0.270877 -0.277336 0.642016
v 0.082032 -0.144167 0.642016
v 0.085284 -0.091127 0.642016
v 0.094424 -0.038088 0.642016
v 0.108262 0.014952 0.642016
v 0.111759 0.026357 0.642016
v 0.128926 0.067991 0.642016
v 0.164798 0.109163 0.642016
v 0.058719 -0.197206 0.613554
v 0.164798 0.121031 0.620173
v 0.058719 -0.144167 0.615421
v 0.058719 -0.091127 0.596512
v 0.058719 -0.250246 0.590610
v 0.111759 -0.250246 0.617931
v 0.342561 -0.250246 0.668536
v 0.350436 -0.238470 0.668536
v 0.357306 -0.223726 0.668536
v 0.360285 -0.197206 0.668536
v 0.376956 -0.187566 0.668536
v 0.350436 -0.156214 0.668536
v 0.340141 -0.144167 0.668536
v 0.376956 -0.159299 0.668536
v 0.323917 -0.132130 0.668536
v 0.312889 -0.117647 0.668536
v 0.315938 -0.091127 0.668536
v 0.379538 -0.170686 0.668536
v 0.217838 0.110384 0.668536
v 0.244358 0.105136 0.668536
v 0.270877 0.099826 0.668536
v 0.323917 -0.081727 0.668536
v 0.350436 -0.090478 0.668536
v 0.359617 -0.064607 0.668536
v 0.350436 -0.063007 0.668536
v 0.343010 -0.038088 0.668536
v 0.350436 -0.022060 0.668536
v 0.376956 -0.025774 0.668536
v 0.403476 -0.032812 0.668536
v 0.429996 -0.032840 0.668536
v 0.456516 -0.031919 0.668536
v 0.469316 -0.011568 0.668536
v 0.475042 0.014952 0.668536
v 0.297397 0.094474 0.668536
v 0.297173 0.094511 0.668536
v 0.323917 0.091428 0.668536
v 0.350436 0.090330 0.668536
v 0.376956 0.089728 0.668536
v 0.403476 0.087503 0.668536
v 0.429996 0.084917 0.668536
v 0.323917 -0.250246 0.652060
v 0.323917 -0.197206 0.642955
v 0.350436 -0.223726 0.660928
v 0.376956 -0.170686 0.664783
v 0.297397 -0.091127 0.649925
v 0.323917 -0.038088 0.646612
v 0.350436 -0.064607 0.658047
v 0.350436 -0.011568 0.653307
v 0.376956 -0.011568 0.648115
v 0.350436 0.014952 0.645530
v 0.456516 -0.011568 0.652432
v 0.323917 0.041472 0.649809
v 0.350436 0.041472 0.647845
v 0.359759 -0.250246 0.695056
v 0.368503 -0.223726 0.695056
v 0.369585 -0.197206 0.695056
v 0.374785 -0.170686 0.695056
v 0.350436 -0.153268 0.695056
v 0.344834 -0.144167 0.695056
v 0.343768 -0.117647 0.695056
v 0.350436 -0.113691 0.695056
v 0.376956 -0.111302 0.695056
v 0.403476 -0.110613 0.695056
v 0.421335 -0.091127 0.695056
v 0.217838 0.102062 0.695056
v 0.244358 0.101642 0.695056
v 0.270877 0.101407 0.695056
v 0.427231 -0.064607 0.695056
v 0.429996 -0.061404 0.695056
v 0.456516 -0.057189 0.695056
v 0.483020 -0.038088 0.695081
v 0.483035 -0.037864 0.695056
v 0.297397 0.098667 0.695056
v 0.323917 0.097354 0.695056
v 0.376956 0.093122 0.695056
v 0.358480 0.094511 0.695056
v 0.350436 0.095174 0.695056
v 0.403476 0.092412 0.695056
v 0.429996 0.091498 0.695056
v 0.350436 -0.250246 0.680271
v 0.376956 -0.170686 0.675344
v 0.323917 -0.117647 0.681426
v 0.323917 -0.091127 0.673749
v 0.350436 -0.091127 0.669325
v 0.376956 -0.091127 0.677681
v 0.403476 -0.091127 0.683376
v 0.376956 -0.064607 0.691504
v 0.350436 -0.038088 0.676420
v 0.376956 -0.038088 0.686175
v 0.403476 -0.064607 0.686676
v 0.403476 -0.038088 0.673006
v 0.429996 -0.038088 0.673952
v 0.456516 -0.038088 0.673840
v 0.483035 -0.011568 0.692098
v 0.483035 0.014952 0.687212
v 0.297397 0.094511 0.668655
v 0.323917 0.094511 0.678282
v 0.350436 0.094511 0.689419
v 0.483035 0.031532 0.695056
v 0.468613 0.067991 0.695056
v 0.164798 -0.258096 0.695056
v 0.157647 -0.250246 0.695056
v 0.486972 0.014952 0.695056
v 0.124911 -0.197206 0.695056
v 0.217838 -0.293082 0.695056
v 0.270877 -0.300663 0.695056
v 0.111759 -0.156003 0.695056
v 0.109523 -0.144167 0.695056
v 0.105776 -0.091127 0.695056
v 0.323917 -0.286801 0.695056
v 0.110361 -0.038088 0.695056
v 0.111759 -0.030006 0.695056
v 0.123922 0.014952 0.695056
v 0.154377 0.067991 0.695056
v 0.164798 0.078170 0.695056
v 0.111759 -0.197206 0.668977
v 0.111759 0.014952 0.658057
v 0.380757 -0.250246 0.721575
v 0.386329 -0.223726 0.721575
v 0.385203 -0.197206 0.721575
v 0.376956 -0.185925 0.721575
v 0.363458 -0.170686 0.721575
v 0.356807 -0.144167 0.721575
v 0.355941 -0.117647 0.721575
v 0.376956 -0.111813 0.721575
v 0.403476 -0.172381 0.721575
v 0.382931 -0.170686 0.721575
v 0.423391 -0.170686 0.721575
v 0.403476 -0.169321 0.721575
v 0.403476 -0.121798 0.721575
v 0.396263 -0.117647 0.721575
v 0.429996 -0.121781 0.721575
v 0.441773 -0.117647 0.721575
v 0.456516 -0.094038 0.721575
v 0.458812 -0.091127 0.721575
v 0.475761 -0.064607 0.721575
v 0.483035 -0.054906 0.721575
v 0.376956 -0.250246 0.716944
v 0.376956 -0.223726 0.711015
v 0.376956 -0.197206 0.710019
v 0.350436 -0.144167 0.708946
v 0.350436 -0.117647 0.708315
v 0.403476 -0.170686 0.717747
v 0.403476 -0.117647 0.709175
v 0.429996 -0.117647 0.715159
v 0.429996 -0.091127 0.704182
v 0.456516 -0.091127 0.720023
v 0.429996 -0.064607 0.697478
v 0.456516 -0.064607 0.702130
v 0.411946 -0.250246 0.748095
v 0.425151 -0.223726 0.748095
v 0.429996 -0.222006 0.748095
v 0.440909 -0.197206 0.748095
v 0.403476 -0.181002 0.748095
v 0.391773 -0.170686 0.748095
v 0.429996 -0.187513 0.748095
v 0.400727 -0.144167 0.748095
v 0.429996 -0.144996 0.748095
v 0.418364 -0.144167 0.748095
v 0.456516 -0.190610 0.748095
v 0.435130 -0.170686 0.748095
v 0.474958 -0.170686 0.748095
v 0.456516 -0.150504 0.748095
v 0.434109 -0.144167 0.748095
v 0.403476 -0.143586 0.748095
v 0.456516 -0.133713 0.748095
v 0.473928 -0.117647 0.748095
v 0.483035 -0.100500 0.748095
v 0.491500 -0.091127 0.748095
v 0.403476 -0.250246 0.742027
v 0.403476 -0.223726 0.734926
v 0.403476 -0.197206 0.734103
v 0.429996 -0.197206 0.743950
v 0.376956 -0.170686 0.736749
v 0.376956 -0.144167 0.740071
v 0.376956 -0.117647 0.728121
v 0.403476 -0.170686 0.732227
v 0.429996 -0.144167 0.747732
v 0.456516 -0.170686 0.740253
v 0.456516 -0.117647 0.733373
v 0.483035 -0.091127 0.741576
v 0.483035 -0.064607 0.730610
v 0.270877 -0.308788 0.748095
v 0.248851 -0.303285 0.748095
v 0.323917 -0.307792 0.748095
v 0.340038 -0.303285 0.748095
v 0.164798 -0.232920 0.748095
v 0.147079 -0.197206 0.748095
v 0.217838 -0.288311 0.748095
v 0.176872 -0.250246 0.748095
v 0.132077 -0.144167 0.748095
v 0.128127 -0.091127 0.748095
v 0.376956 -0.286488 0.748095
v 0.133189 -0.038088 0.748095
v 0.151613 0.014952 0.748095
v 0.164798 0.036163 0.748095
v 0.199449 0.067991 0.748095
v 0.217838 0.077689 0.748095
v 0.270877 0.090037 0.748095
v 0.323917 0.085162 0.748095
v 0.376956 0.082906 0.748095
v 0.483035 0.057604 0.748095
v 0.476740 0.067991 0.748095
v 0.429996 0.090565 0.748095
v 0.510596 -0.038088 0.748095
v 0.503772 0.014952 0.748095
v 0.270877 -0.303285 0.708789
v 0.323917 -0.303285 0.734400
v 0.164798 -0.250246 0.715544
v 0.111759 -0.144167 0.700112
v 0.111759 -0.091127 0.709522
v 0.111759 -0.038088 0.698925
v 0.164798 0.067991 0.709881
v 0.446846 -0.250246 0.774615
v 0.456516 -0.235242 0.774615
v 0.460525 -0.223726 0.774615
v 0.473807 -0.197206 0.774615
v 0.456516 -0.186534 0.774615
v 0.430468 -0.170686 0.774615
v 0.456516 -0.151807 0.774615
v 0.483035 -0.153234 0.774615
v 0.492018 -0.144167 0.774615
v 0.498993 -0.117647 0.774615
v 0.509555 -0.098823 0.774615
v 0.512844 -0.091127 0.774615
v 0.429996 -0.250246 0.760849
v 0.429996 -0.223726 0.751040
v 0.456516 -0.223726 0.769991
v 0.456516 -0.197206 0.757745
v 0.403476 -0.170686 0.753381
v 0.429996 -0.170686 0.774118
v 0.403476 -0.144167 0.748556
v 0.456516 -0.170686 0.761841
v 0.456516 -0.144167 0.759177
v 0.483035 -0.144167 0.767294
v 0.483035 -0.117647 0.758990
v 0.509555 -0.091127 0.768643
v 0.472731 -0.250246 0.801135
v 0.483035 -0.236986 0.801135
v 0.500064 -0.197206 0.801135
v 0.509555 -0.174135 0.801135
v 0.510561 -0.170686 0.801135
v 0.516429 -0.144167 0.801135
v 0.522026 -0.117647 0.801135
v 0.529052 -0.091127 0.801135
v 0.456516 -0.250246 0.784113
v 0.483035 -0.223726 0.795826
v 0.483035 -0.197206 0.784612
v 0.456516 -0.170686 0.781078
v 0.483035 -0.170686 0.786276
v 0.509555 -0.170686 0.800236
v 0.509555 -0.144167 0.793591
v 0.509555 -0.117647 0.784528
v 0.270877 -0.304367 0.801135
v 0.268334 -0.303285 0.801135
v 0.323917 -0.316078 0.801135
v 0.376956 -0.310026 0.801135
v 0.396176 -0.303285 0.801135
v 0.217838 -0.267733 0.801135
v 0.202219 -0.250246 0.801135
v 0.171959 -0.197206 0.801135
v 0.164798 -0.178195 0.801135
v 0.156190 -0.144167 0.801135
v 0.152794 -0.091127 0.801135
v 0.429996 -0.287796 0.801135
v 0.163395 -0.038088 0.801135
v 0.164798 -0.033895 0.801135
v 0.189752 0.014952 0.801135
v 0.217838 0.044320 0.801135
v 0.261927 0.067991 0.801135
v 0.270877 0.070889 0.801135
v 0.376956 0.064058 0.801135
v 0.345152 0.067991 0.801135
v 0.323917 0.080896 0.801135
v 0.412857 0.067991 0.801135
v 0.483035 0.056022 0.801135
v 0.470851 0.067991 0.801135
v 0.429996 0.080237 0.801135
v 0.534202 -0.038088 0.801135
v 0.518748 0.014952 0.801135
v 0.376956 -0.303285 0.781615
v 0.164798 -0.197206 0.787758
v 0.164798 0.014952 0.768299
v 0.217838 0.067991 0.765611
v 0.376956 0.067991 0.788790
v 0.323917 -0.311557 0.854174
v 0.299165 -0.303285 0.854174
v 0.376956 -0.315335 0.854174
v 0.429996 -0.303574 0.854174
v 0.430691 -0.303285 0.854174
v 0.270877 -0.287351 0.854174
v 0.232660 -0.250246 0.854174
v 0.217838 -0.228124 0.854174
v 0.203463 -0.197206 0.854174
v 0.189543 -0.144167 0.854174
v 0.190240 -0.091127 0.854174
v 0.483035 -0.273087 0.854174
v 0.505272 -0.250246 0.854174
v 0.533810 -0.197206 0.854174
v 0.536075 -0.187737 0.854174
v 0.545121 -0.144167 0.854174
v 0.549492 -0.091127 0.854174
v 0.202532 -0.038088 0.854174
v 0.217838 -0.008557 0.854174
v 0.234864 0.014952 0.854174
v 0.270877 0.047241 0.854174
v 0.304013 0.067991 0.854174
v 0.376956 0.066096 0.854174
v 0.373855 0.067991 0.854174
v 0.323917 0.073352 0.854174
v 0.429996 0.046170 0.854174
v 0.462878 0.067991 0.854174
v 0.430563 0.121031 0.854174
v 0.483035 0.122678 0.854174
v 0.552403 -0.038088 0.854174
v 0.541368 0.014952 0.854174
v 0.536075 0.035533 0.854174
v 0.520902 0.067991 0.854174
v 0.486486 0.121031 0.854174
v 0.270877 -0.303285 0.806535
v 0.429996 -0.303285 0.851736
v 0.217838 -0.250246 0.829984
v 0.164798 -0.144167 0.816295
v 0.164798 -0.091127 0.818660
v 0.483035 -0.250246 0.815714
v 0.536075 -0.144167 0.839348
v 0.536075 -0.091127 0.821791
v 0.164798 -0.038088 0.803358
v 0.217838 0.014952 0.833862
v 0.270877 0.067991 0.808826
v 0.429996 0.067991 0.822525
v 0.483035 0.067991 0.834220
v 0.483035 0.121031 0.852538
v 0.536075 -0.038088 0.806229
v 0.536075 0.014952 0.840811
v -0.577755 -0.088654 0.907214
v -0.590448 -0.038088 0.907214
v -0.577755 -0.015857 0.907214
v -0.564253 -0.091127 0.907214
v -0.524716 0.001003 0.907214
v -0.478466 0.014952 0.907214
v -0.404963 -0.091127 0.907214
v -0.403562 -0.038088 0.907214
v -0.418637 -0.004862 0.907214
v -0.425895 0.014952 0.907214
v -0.471676 0.016195 0.907214
v 0.376956 -0.310889 0.907214
v 0.349728 -0.303285 0.907214
v 0.409758 -0.303285 0.907214
v 0.270877 -0.253867 0.907214
v 0.267406 -0.250246 0.907214
v 0.235026 -0.197206 0.907214
v 0.230112 -0.144167 0.907214
v 0.229640 -0.091127 0.907214
v 0.323917 -0.285778 0.907214
v 0.429996 -0.291883 0.907214
v 0.483035 -0.277230 0.907214
v 0.520426 -0.250246 0.907214
v 0.536075 -0.227023 0.907214
v 0.547091 -0.197206 0.907214
v 0.552681 -0.144167 0.907214
v 0.558774 -0.091127 0.907214
v 0.248888 -0.038088 0.907214
v 0.270877 0.002893 0.907214
v 0.279069 0.014952 0.907214
v 0.323917 0.052546 0.907214
v 0.376956 0.059303 0.907214
v 0.429996 0.040314 0.907214
v 0.443940 0.067991 0.907214
v 0.429996 0.097780 0.907214
v 0.417596 0.121031 0.907214
v 0.429996 0.132591 0.907214
v 0.483035 0.147869 0.907214
v 0.552715 -0.038088 0.907214
v 0.555893 0.014952 0.907214
v 0.547283 0.067991 0.907214
v 0.582302 0.121031 0.907214
v 0.536075 0.156495 0.907214
v -0.471676 -0.145276 0.907214
v -0.479771 -0.144167 0.907214
v -0.524716 -0.119930 0.907214
v -0.577755 -0.038088 0.885590
v -0.524716 -0.091127 0.878461
v -0.524716 -0.038088 0.864918
v -0.471676 -0.091127 0.869908
v -0.471676 -0.038088 0.868880
v -0.471676 0.014952 0.903444
v -0.418637 -0.091127 0.892747
v -0.418637 -0.038088 0.886698
v 0.323917 -0.303285 0.878088
v 0.429996 -0.303285 0.887811
v 0.217838 -0.197206 0.878033
v 0.217838 -0.144167 0.890620
v 0.217838 -0.091127 0.894075
v 0.536075 -0.197206 0.862055
v 0.217838 -0.038088 0.872527
v 0.270877 0.014952 0.897022
v 0.323917 0.067991 0.872351
v 0.429996 0.121031 0.863039
v 0.536075 0.067991 0.888617
v 0.536075 0.121031 0.873502
v -0.577755 -0.101231 0.960253
v -0.587114 -0.091127 0.960253
v -0.524716 -0.134213 0.960253
v -0.471676 -0.144141 0.960253
v -0.615306 -0.038088 0.960253
v -0.604166 0.014952 0.960253
v -0.577755 0.022917 0.960253
v -0.392993 -0.091127 0.960253
v -0.389737 -0.038088 0.960253
v -0.408949 0.014952 0.960253
v -0.524716 0.024236 0.960253
v -0.471676 0.027064 0.960253
v -0.418637 0.021165 0.960253
v 0.303327 -0.091127 0.960253
v 0.308403 -0.038088 0.960253
v 0.323917 0.007073 0.960253
v 0.326758 0.014952 0.960253
v 0.376956 0.066637 0.960253
v 0.429996 0.020476 0.960253
v 0.461970 0.067991 0.960253
v 0.483035 0.103573 0.960253
v 0.553023 0.014952 0.960253
v 0.545662 0.067991 0.960253
v 0.536075 0.098852 0.960253
v -0.577755 -0.091127 0.930323
v -0.471676 -0.144167 0.948165
v -0.577755 0.014952 0.942426
v -0.524716 0.014952 0.934881
v -0.418637 0.014952 0.944405
v 0.270877 -0.091127 0.937492
v 0.270877 -0.038088 0.927912
v 0.323917 0.014952 0.955346
v 0.429996 0.121031 0.956470
v 0.483035 0.121031 0.954333
v 0.536075 0.121031 0.958016
v -0.577755 -0.101981 1.013290
v -0.590534 -0.091127 1.013290
v -0.524716 -0.129906 1.013290
v -0.471676 -0.142620 1.013290
v -0.626380 -0.038088 1.013290
v -0.629852 0.014952 1.013290
v -0.577755 0.035495 1.013290
v -0.397743 -0.091127 1.013290
v -0.383516 -0.038088 1.013290
v -0.380075 0.014952 1.013290
v -0.524716 0.056958 1.013290
v -0.511864 0.067991 1.013290
v -0.471676 0.099242 1.013290
v -0.418637 0.066920 1.013290
v -0.418946 0.067991 1.013290
v 0.376956 -0.069718 1.013290
v 0.366307 -0.038088 1.013290
v 0.355728 0.014952 1.013290
v 0.429996 -0.090620 1.013290
v 0.464116 -0.091127 1.013290
v 0.376956 0.039691 1.013290
v 0.429996 0.047455 1.013290
v 0.483035 0.052753 1.013290
v 0.534032 0.014952 1.013290
v -0.471676 0.067991 0.992116
v 0.323917 -0.091127 0.973352
v 0.323917 -0.038088 0.973028
v 0.376956 -0.091127 1.006670
v 0.429996 -0.091127 1.013110
v 0.483035 0.067991 0.989701
v 0.536075 0.014952 1.008540
v 0.536075 0.067991 0.970023
v 0.483035 -0.103911 1.013290
v 0.497959 -0.091127 1.013290
v 0.376956 -0.303285 0.918652
v 0.270877 -0.197206 0.942076
v 0.376956 -0.197206 0.980382
v 0.483035 -0.197206 0.981495
v -0.577755 -0.098379 1.066330
v -0.592167 -0.091127 1.066330
v -0.524716 -0.114217 1.066330
v -0.471676 -0.120105 1.066330
v -0.683834 -0.025316 1.066330
v -0.688293 0.014952 1.066330
v -0.630795 -0.058684 1.066330
v -0.644642 -0.038088 1.066330
v -0.683834 0.028203 1.066330
v -0.630795 0.047249 1.066330
v -0.590683 0.067991 1.066330
v -0.577755 0.080488 1.066330
v -0.524716 0.014699 1.066330
v -0.539067 0.014952 1.066330
v -0.523538 0.014952 1.066330
v -0.424113 -0.091127 1.066330
v -0.418637 -0.086163 1.066330
v -0.394505 -0.038088 1.066330
v -0.389789 0.014952 1.066330
v -0.524716 0.015155 1.066330
v -0.524716 0.119462 1.066330
v -0.471676 0.112627 1.066330
v -0.406175 0.067991 1.066330
v -0.418637 0.086533 1.066330
v -0.683834 0.014952 1.061380
v -0.630795 -0.038088 1.026450
v -0.630795 0.014952 1.014340
v -0.577755 0.067991 1.056970
v -0.524716 0.014952 1.065970
v -0.418637 -0.091127 1.059130
v -0.524716 0.067991 1.022530
v -0.418637 0.067991 1.015110
v -0.630795 -0.102649 1.119370
v -0.643173 -0.091127 1.119370
v -0.612148 -0.091127 1.119370
v -0.683834 -0.024040 1.119370
v -0.698224 0.014952 1.119370
v -0.663688 -0.038088 1.119370
v -0.577755 -0.084312 1.119370
v -0.688978 0.067991 1.119370
v -0.683834 0.070831 1.119370
v -0.630795 0.101655 1.119370
v -0.577755 0.106550 1.119370
v -0.524716 -0.088630 1.119370
v -0.471676 -0.059374 1.119370
v -0.461967 -0.038088 1.119370
v -0.438239 0.014952 1.119370
v -0.524716 0.102205 1.119370
v -0.471676 0.084513 1.119370
v -0.466448 0.067991 1.119370
v -0.630795 -0.091127 1.090840
v -0.577755 -0.091127 1.100550
v -0.524716 -0.091127 1.114840
v -0.471676 -0.091127 1.101500
v -0.683834 0.067991 1.114730
v -0.630795 0.067991 1.093110
v -0.524716 0.014952 1.066760
v -0.418637 -0.038088 1.097050
v -0.418637 0.014952 1.109950
v -0.418637 0.067991 1.094930
v 0.483035 -0.091127 1.019490
v 0.376956 0.014952 1.027750
v 0.483035 0.014952 1.046300
v -0.683834 -0.032651 1.172410
v -0.731128 0.014952 1.172410
v -0.630795 -0.046232 1.172410
v -0.662252 -0.038088 1.172410
v -0.577755 -0.049329 1.172410
v -0.736874 0.056797 1.172410
v -0.740023 0.067991 1.172410
v -0.736874 0.074624 1.172410
v -0.697706 0.121031 1.172410
v -0.630795 0.113541 1.172410
v -0.676502 0.121031 1.172410
v -0.577755 0.103198 1.172410
v -0.526411 -0.038088 1.172410
v -0.524716 0.014331 1.172410
v -0.476625 0.014952 1.172410
v -0.524716 0.034968 1.172410
v -0.558023 0.067991 1.172410
v -0.683834 0.126870 1.172410
v 0.483035 0.118442 1.172410
v 0.482222 0.121031 1.172410
v 0.483035 0.121725 1.172410
v 0.483087 0.121031 1.172410
v -0.630795 -0.091127 1.152860
v -0.736874 0.067991 1.168070
v -0.683834 0.121031 1.166640
v -0.524716 -0.038088 1.171940
v -0.471676 -0.038088 1.132810
v -0.471676 0.014952 1.163160
v -0.524716 0.067991 1.138890
v -0.471676 0.067991 1.124590
v 0.483035 0.121031 1.170760
v -0.789913 0.120028 1.225450
v -0.790486 0.121031 1.225450
v -0.789913 0.122174 1.225450
v -0.736874 -0.027178 1.225450
v -0.758651 0.014952 1.225450
v -0.683834 -0.023539 1.225450
v -0.630795 0.008475 1.225450
v -0.622633 0.014952 1.225450
v -0.777889 0.067991 1.225450
v -0.594167 0.067991 1.225450
v -0.628692 0.121031 1.225450
v -0.736874 0.146307 1.225450
v -0.683834 0.140658 1.225450
v -0.630795 0.122745 1.225450
v -0.789913 0.121031 1.224850
v -0.736874 0.014952 1.182300
v -0.630795 -0.038088 1.185400
v -0.577755 -0.038088 1.183630
v -0.577755 0.014952 1.207340
v -0.736874 0.121031 1.200400
v -0.577755 0.067991 1.210390
v -0.630795 0.121031 1.217460
v -0.524716 0.014952 1.189040
v 0.483035 0.121031 1.217860
v 0.453504 -0.727602 1.225450
v 0.415232 -0.621522 1.225450
v 0.483035 -0.528041 1.225450
v 0.507591 -0.515443 1.225450
v 0.907352 -0.645612 1.225450
v 0.861954 -0.621522 1.225450
v 0.801273 -0.566304 1.225450
v 0.758798 -0.515443 1.225450
v 0.589114 -0.481913 1.225450
v 0.695194 -0.481110 1.225450
v 0.483035 -0.727602 1.217200
v 0.483035 -0.621522 1.212240
v 0.589114 -0.727602 1.206350
v 0.589114 -0.621522 1.210460
v 0.695194 -0.727602 1.196560
v 0.695194 -0.621522 1.209960
v 0.589114 -0.515443 1.218830
v 0.695194 -0.515443 1.220140
v 0.801273 -0.727602 1.200590
v 0.801273 -0.621522 1.219430
v 0.907352 -0.727602 1.205680
v 2.604620 -0.946411 1.225450
v 2.816770 -0.942673 1.225450
v 2.960170 -0.939760 1.225450
v 0.480757 -0.939760 1.225450
v 1.119510 -0.756937 1.225450
v 1.058840 -0.727602 1.225450
v 1.331670 -0.832165 1.225450
v 1.543830 -0.881597 1.225450
v 1.755980 -0.914080 1.225450
v 2.180300 -0.944302 1.225450
v 1.968140 -0.933951 1.225450
v 2.067830 -0.939760 1.225450
v 2.392460 -0.947678 1.225450
v 3.028930 -0.938408 1.225450
v 3.028930 -0.939760 1.224050
v 0.483035 -0.939760 1.224760
v 0.695194 -0.939760 1.178880
v 0.907352 -0.939760 1.161060
v 1.119510 -0.939760 1.161510
v 1.331670 -0.939760 1.172780
v 1.543830 -0.939760 1.189410
v 1.755980 -0.939760 1.206560
v 1.968140 -0.939760 1.220620
v -0.524716 -0.099515 1.278490
v -0.538109 -0.091127 1.278490
v -0.471676 -0.101338 1.278490
v -0.789913 0.089986 1.278490
v -0.794551 0.121031 1.278490
v -0.809685 0.174070 1.278490
v -0.789913 0.185778 1.278490
v -0.683834 0.014504 1.278490
v -0.683273 0.014952 1.278490
v -0.741736 0.014952 1.278490
v -0.785188 0.067991 1.278490
v -0.635626 0.067991 1.278490
v -0.630978 0.121031 1.278490
v -0.562773 -0.038088 1.278490
v -0.536904 0.014952 1.278490
v -0.524716 0.044734 1.278490
v -0.471676 0.032165 1.278490
v -0.736874 0.168925 1.278490
v -0.785303 0.174070 1.278490
v -0.683834 0.154488 1.278490
v 0.589114 0.097384 1.278490
v 0.548331 0.121031 1.278490
v 0.589114 0.154790 1.278490
v -0.524716 -0.091127 1.273970
v -0.471676 -0.091127 1.273270
v -0.789913 0.174070 1.266150
v -0.630795 0.014952 1.228840
v -0.630795 0.067991 1.264030
v -0.630795 0.121031 1.272210
v -0.524716 -0.038088 1.265810
v -0.471676 -0.038088 1.271800
v -0.524716 0.014952 1.272310
v -0.471676 0.014952 1.270670
v 0.589114 0.121031 1.251300
v -0.577755 -0.136361 1.331530
v -0.588204 -0.091127 1.331530
v -0.524716 -0.142147 1.331530
v -0.471676 -0.131949 1.331530
v -0.789913 0.078219 1.331530
v -0.827118 0.121031 1.331530
v -0.799329 0.174070 1.331530
v -0.789913 0.183641 1.331530
v -0.597552 -0.038087 1.331530
v -0.617088 0.014952 1.331530
v -0.736874 0.058658 1.331530
v -0.756279 0.067991 1.331530
v -0.683834 0.054329 1.331530
v -0.630795 0.032059 1.331530
v -0.524716 0.102167 1.331530
v -0.577500 0.121031 1.331530
v -0.471676 0.069504 1.331530
v -0.736874 0.167089 1.331530
v -0.785705 0.174070 1.331530
v -0.683834 0.146792 1.331530
v -0.630795 0.133641 1.331530
v -0.577755 0.121128 1.331530
v 0.058862 -0.303285 1.331530
v 0.072688 -0.250246 1.331530
v 0.098711 -0.197206 1.331530
v 0.262185 -0.303285 1.331530
v 0.242884 -0.250246 1.331530
v 0.251975 -0.197206 1.331530
v 0.111759 -0.173597 1.331530
v 0.148497 -0.144167 1.331530
v 0.164798 -0.141748 1.331530
v 0.217838 -0.151106 1.331530
v 0.199313 -0.144167 1.331530
v 0.376956 0.105091 1.331530
v 0.368917 0.121031 1.331530
v 0.429996 0.110668 1.331530
v 0.449075 0.121031 1.331530
v 0.376956 0.127635 1.331530
v 0.429996 0.165940 1.331530
v 0.483035 0.149254 1.331530
v 0.470639 0.174070 1.331530
v 0.483035 0.220993 1.331530
v 0.589114 0.092216 1.331530
v 0.546479 0.121031 1.331530
v 0.536075 0.131869 1.331530
v 0.536075 0.215047 1.331530
v 0.589114 0.179121 1.331530
v -0.421898 -0.091127 1.331530
v 0.636992 0.121031 1.331530
v -0.577755 -0.091127 1.304890
v -0.577755 -0.038088 1.290410
v -0.683834 0.014952 1.279100
v -0.577755 0.014952 1.304350
v -0.736874 0.014952 1.281600
v -0.630795 0.067991 1.285730
v -0.577755 0.067991 1.288440
v -0.630795 0.121031 1.303370
v -0.577755 0.121031 1.330680
v -0.524716 0.067991 1.288620
v -0.471676 0.067991 1.326270
v 0.111759 -0.303285 1.302120
v 0.111759 -0.250246 1.305790
v 0.164798 -0.303285 1.298420
v 0.164798 -0.250246 1.298330
v 0.111759 -0.197206 1.318450
v 0.164798 -0.197206 1.310090
v 0.217838 -0.303285 1.310540
v 0.217838 -0.250246 1.317500
v 0.217838 -0.197206 1.301640
v 0.164798 -0.144167 1.316870
v 0.376956 0.121031 1.330110
v 0.429996 0.121031 1.325510
v 0.483035 0.174070 1.324290
v 0.536075 0.174070 1.299070
v 0.589114 0.174070 1.286180
v 0.100499 -0.515443 1.331530
v 0.058719 -0.421792 1.331530
v 0.052819 -0.409364 1.331530
v 0.058719 -0.304983 1.331530
v 0.270877 -0.316855 1.331530
v 0.376956 -0.355039 1.331530
v -0.428912 0.014952 1.331530
v 0.483035 -0.318967 1.331530
v 0.505391 -0.303285 1.331530
v 0.589114 -0.211110 1.331530
v 0.602803 -0.197206 1.331530
v 0.695194 -0.096281 1.331530
v 0.907352 -0.201289 1.331530
v 0.902474 -0.197206 1.331530
v 0.801273 -0.119813 1.331530
v 0.058719 -0.409364 1.327810
v 0.164798 -0.515443 1.299040
v 0.164798 -0.409364 1.289980
v 0.270877 -0.515443 1.265610
v 0.270877 -0.409364 1.286710
v 0.376956 -0.515443 1.243070
v 0.376956 -0.409364 1.282810
v 0.483035 -0.515443 1.228370
v 0.483035 -0.409364 1.266810
v 0.589114 -0.409364 1.245270
v 0.695194 -0.409364 1.239100
v 0.589114 -0.303285 1.287720
v 0.695194 -0.303285 1.265100
v 0.801273 -0.515443 1.230830
v 0.801273 -0.409364 1.249450
v 0.907352 -0.515443 1.249590
v 0.907352 -0.409364 1.276360
v 0.801273 -0.303285 1.273740
v 0.907352 -0.303285 1.294180
v 0.695194 -0.197206 1.296830
v 0.801273 -0.197206 1.303530
v -0.577755 -0.161841 1.384570
v 0.323917 0.094657 1.384570
v -0.599691 -0.144167 1.384570
v 0.272946 0.121031 1.384570
v -0.603584 -0.091127 1.384570
v 0.376956 0.111318 1.384570
v -0.524716 -0.156402 1.384570
v 0.429996 0.098964 1.384570
v -0.471676 -0.146976 1.384570
v 0.483035 0.085054 1.384570
v -0.466067 -0.144167 1.384570
v 0.323917 0.164817 1.384570
v -0.418637 -0.093026 1.384570
v 0.350284 0.174070 1.384570
v -0.417374 -0.091127 1.384570
v 0.376956 0.194644 1.384570
v 0.429996 0.198931 1.384570
v -0.047360 -0.198828 1.384570
v 0.474363 0.227110 1.384570
v -0.069414 -0.197206 1.384570
v 0.001905 -0.303285 1.384570
v 0.598696 -0.091127 1.384570
v 0.005680 -0.285153 1.384570
v 0.638319 -0.038087 1.384570
v 0.015353 -0.250246 1.384570
v 0.642154 -0.032577 1.384570
v -0.047071 -0.197206 1.384570
v 0.683941 0.014952 1.384570
v 0.053425 -0.197206 1.384570
v 0.536075 0.108673 1.384570
v -0.047360 -0.195154 1.384570
v 0.560707 0.121031 1.384570
v 0.058719 -0.186389 1.384570
v 0.695194 0.018771 1.384570
v -0.604321 -0.038087 1.384570
v 0.564784 0.174070 1.384570
v -0.610840 0.014952 1.384570
v 0.536075 0.214628 1.384570
v 0.517974 0.227110 1.384570
v -0.789913 0.104651 1.384570
v -0.781454 0.121031 1.384570
v -0.618803 0.067991 1.384570
v -0.577755 0.097721 1.384570
v -0.471676 0.056290 1.384570
v -0.483311 0.067991 1.384570
v -0.524716 0.090432 1.384570
v 0.096797 -0.144167 1.384570
v 0.111759 -0.134562 1.384570
v 0.164798 -0.107841 1.384570
v 0.270877 -0.185225 1.384570
v 0.225395 -0.144167 1.384570
v 0.217838 -0.138763 1.384570
v 0.323917 -0.284106 1.384570
v 0.288139 -0.250246 1.384570
v 0.376956 -0.295180 1.384570
v 0.278651 -0.197206 1.384570
v 0.429996 -0.284636 1.384570
v 0.468600 -0.250246 1.384570
v 0.483035 -0.235539 1.384570
v 0.521728 -0.197206 1.384570
v 0.536075 -0.172689 1.384570
v 0.550661 -0.144167 1.384570
v 0.589114 -0.098807 1.384570
v -0.577755 -0.144167 1.336030
v 0.323917 0.121031 1.347590
v -0.524716 -0.144167 1.336950
v 0.483035 0.121031 1.339150
v -0.471676 -0.144167 1.375050
v 0.376956 0.174070 1.371860
v -0.418637 -0.091127 1.362440
v 0.429996 0.174070 1.364820
v -0.047360 -0.197206 1.381780
v 0.483035 0.227110 1.353230
v 0.005680 -0.303285 1.380750
v 0.058719 -0.303285 1.331640
v 0.642154 -0.091127 1.354000
v 0.058719 -0.250246 1.344580
v 0.642154 -0.038087 1.381340
v 0.058719 -0.197206 1.374160
v 0.695194 -0.091127 1.333120
v 0.695194 -0.038087 1.353410
v -0.736874 0.067991 1.340360
v 0.695194 0.014952 1.380650
v -0.683834 0.067991 1.342470
v 0.536075 0.121031 1.384350
v -0.736874 0.121031 1.379640
v 0.589114 0.121031 1.366330
v -0.683834 0.121031 1.356290
v -0.630795 0.067991 1.373510
v 0.589114 0.174070 1.335230
v -0.630795 0.121031 1.352880
v -0.577755 0.121031 1.343650
v -0.471676 0.067991 1.367060
v 0.270877 -0.303285 1.336760
v 0.270877 -0.250246 1.359490
v 0.270877 -0.197206 1.365600
v 0.111759 -0.144167 1.360440
v 0.217838 -0.144167 1.355530
v 0.323917 -0.303285 1.365020
v 0.376956 -0.303285 1.375730
v 0.429996 -0.303285 1.366490
v 0.483035 -0.303285 1.340950
v 0.483035 -0.250246 1.375330
v 0.536075 -0.197206 1.371880
v 0.589114 -0.197206 1.336370
v 0.589114 -0.144167 1.359420
v -0.577755 -0.158284 1.437610
v -0.590174 -0.144167 1.437610
v -0.609989 -0.091127 1.437610
v 0.141550 -0.091127 1.437610
v -0.524716 -0.171102 1.437610
v 0.164798 -0.084032 1.437610
v -0.471676 -0.153541 1.437610
v -0.462669 -0.144167 1.437610
v 0.201539 -0.091127 1.437610
v -0.418637 -0.114441 1.437610
v -0.413764 -0.091127 1.437610
v 0.058719 0.095405 1.437610
v 0.111759 0.099941 1.437610
v -0.042250 -0.303285 1.437610
v -0.031280 -0.250246 1.437610
v 0.164798 0.106649 1.437610
v 0.005680 -0.208158 1.437610
v 0.011325 -0.197206 1.437610
v 0.183137 0.121031 1.437610
v 0.033830 -0.144167 1.437610
v 0.058719 -0.130469 1.437610
v 0.270877 0.107499 1.437610
v 0.265428 0.121031 1.437610
v -0.615722 -0.038087 1.437610
v -0.625341 0.014952 1.437610
v 0.323917 0.110110 1.437610
v -0.597644 0.067991 1.437610
v 0.376956 0.092742 1.437610
v -0.577755 0.078703 1.437610
v 0.429996 0.096743 1.437610
v -0.524716 0.066303 1.437610
v 0.482502 0.121031 1.437610
v -0.525696 0.067991 1.437610
v -0.471676 0.044395 1.437610
v 0.164798 0.125179 1.437610
v 0.160159 0.174070 1.437610
v 0.027705 0.121031 1.437610
v 0.058719 0.180128 1.437610
v 0.054747 0.174070 1.437610
v 0.111759 0.187133 1.437610
v 0.111759 -0.111650 1.437610
v 0.270877 0.166743 1.437610
v 0.270877 -0.179559 1.437610
v 0.243920 -0.144167 1.437610
v 0.323917 0.121749 1.437610
v 0.217838 -0.112631 1.437610
v 0.345424 0.174070 1.437610
v 0.323917 -0.238988 1.437610
v 0.283627 -0.197206 1.437610
v 0.376956 0.224223 1.437610
v 0.376956 -0.247633 1.437610
v 0.483035 0.121740 1.437610
v 0.429996 -0.224391 1.437610
v 0.399634 0.227110 1.437610
v 0.454703 -0.197206 1.437610
v 0.481838 -0.144167 1.437610
v 0.520188 -0.091127 1.437610
v 0.483035 -0.141834 1.437610
v 0.536075 -0.076451 1.437610
v 0.569344 -0.038087 1.437610
v 0.589114 0.004434 1.437610
v 0.598324 0.014952 1.437610
v 0.642154 0.040435 1.437610
v 0.695194 0.041278 1.437610
v 0.523482 0.174070 1.437610
v 0.501519 0.227110 1.437610
v 0.164798 -0.091127 1.413900
v 0.058719 0.121031 1.421840
v 0.111759 0.121031 1.409960
v 0.164798 0.121031 1.427640
v 0.270877 0.121031 1.391360
v -0.047360 -0.197206 1.385980
v 0.483035 0.121031 1.437270
v 0.005680 -0.250246 1.394120
v 0.058719 0.174070 1.434070
v 0.111759 0.174070 1.405960
v 0.058719 -0.144167 1.418630
v 0.429996 0.227110 1.422890
v -0.789913 0.121031 1.396420
v 0.536075 -0.091127 1.424430
v 0.589114 -0.091127 1.389940
v -0.524716 0.067991 1.435020
v 0.589114 -0.038087 1.419210
v 0.642154 0.014952 1.411290
v 0.536075 0.121031 1.411760
v 0.536075 0.174070 1.428580
v 0.323917 -0.250246 1.421120
v 0.376956 -0.250246 1.433690
v 0.429996 -0.250246 1.413970
v 0.483035 -0.197206 1.412050
v 0.483035 -0.144167 1.436230
v 0.536075 -0.144167 1.396780
v -0.017678 -0.515443 1.437610
v 0.483035 0.234858 1.437610
v -0.044527 -0.409364 1.437610
v 0.801273 0.031566 1.437610
v 0.907352 0.026426 1.437610
v -0.448076 0.014952 1.437610
v 1.013430 -0.079276 1.437610
v 0.924568 0.014952 1.437610
v 1.022460 -0.091127 1.437610
v 0.039014 -0.727602 1.437610
v 0.013092 -0.621522 1.437610
v 0.058719 -0.515443 1.360080
v 0.907352 -0.197206 1.333520
v 0.801273 -0.091127 1.343080
v 0.907352 -0.091127 1.380720
v 0.801273 0.014952 1.417070
v 0.907352 0.014952 1.431840
v 1.013430 -0.091127 1.432530
v 0.070890 -0.939760 1.437610
v 0.058719 -0.838298 1.437610
v 1.543830 -0.574620 1.437610
v 1.434450 -0.515443 1.437610
v 1.755980 -0.652221 1.437610
v 1.331670 -0.441685 1.437610
v 1.188800 -0.303285 1.437610
v 1.119510 -0.219130 1.437610
v 1.968140 -0.698777 1.437610
v 2.180300 -0.725405 1.437610
v 2.392460 -0.738745 1.437610
v 2.206840 -0.727602 1.437610
v 2.604620 -0.743446 1.437610
v 2.816770 -0.743116 1.437610
v 3.028930 -0.740640 1.437610
v 2.604620 -0.939760 1.232070
v 2.816770 -0.939760 1.228420
v 0.270877 -0.939760 1.310620
v 0.058719 -0.727602 1.420430
v 0.270877 -0.727602 1.284950
v 2.180300 -0.939760 1.229550
v 1.119510 -0.727602 1.235570
v 1.331670 -0.727602 1.278170
v 2.392460 -0.939760 1.233030
v 1.119510 -0.515443 1.310690
v 1.331670 -0.515443 1.394100
v 1.543830 -0.727602 1.326550
v 1.755980 -0.727602 1.372460
v 1.119510 -0.303285 1.397450
v 1.968140 -0.727602 1.409710
v 2.180300 -0.727602 1.435330
v -0.577755 -0.251836 1.490650
v -0.072220 0.121031 1.490650
v -0.581186 -0.250246 1.490650
v -0.052123 0.174070 1.490650
v -0.608778 -0.197206 1.490650
v -0.616551 -0.144167 1.490650
v -0.047360 0.179685 1.490650
v -0.617943 -0.091127 1.490650
v 0.005680 0.188226 1.490650
v -0.573665 -0.250246 1.490650
v 0.058719 0.210350 1.490650
v -0.526987 -0.197206 1.490650
v -0.524716 -0.184669 1.490650
v -0.471676 -0.161254 1.490650
v 0.058719 -0.098405 1.490650
v 0.077771 -0.091127 1.490650
v -0.429527 -0.144167 1.490650
v -0.418637 -0.091363 1.490650
v 0.270877 -0.165638 1.490650
v -0.418595 -0.091127 1.490650
v 0.250151 -0.144167 1.490650
v 0.222768 -0.091127 1.490650
v -0.067201 -0.303285 1.490650
v -0.058927 -0.250246 1.490650
v 0.323917 -0.189204 1.490650
v -0.047360 -0.217502 1.490650
v 0.376956 -0.194337 1.490650
v -0.041354 -0.197206 1.490650
v 0.424874 -0.144167 1.490650
v -0.025766 -0.144167 1.490650
v 0.429996 -0.128100 1.490650
v 0.005680 -0.113461 1.490650
v 0.448147 -0.091127 1.490650
v 0.111759 -0.073408 1.490650
v -0.614860 -0.038087 1.490650
v 0.164798 -0.060193 1.490650
v -0.630795 0.008597 1.490650
v -0.631516 0.014952 1.490650
v 0.217838 -0.085280 1.490650
v -0.630795 0.026360 1.490650
v 0.058719 0.070359 1.490650
v 0.111759 0.097308 1.490650
v -0.577755 0.044174 1.490650
v 0.164798 0.112247 1.490650
v -0.471676 -0.007366 1.490650
v 0.217838 0.106104 1.490650
v -0.485096 0.014952 1.490650
v 0.270877 0.097955 1.490650
v -0.524716 0.041135 1.490650
v 0.483035 -0.047933 1.490650
v -0.047360 0.061976 1.490650
v 0.323917 0.085323 1.490650
v -0.069252 0.067991 1.490650
v 0.376956 0.095623 1.490650
v 0.005680 0.056329 1.490650
v 0.422443 0.121031 1.490650
v 0.053940 0.067991 1.490650
v 0.111759 0.208705 1.490650
v 0.164798 0.201857 1.490650
v 0.217838 0.192507 1.490650
v 0.270877 0.187396 1.490650
v 0.323917 0.173693 1.490650
v 0.273382 0.174070 1.490650
v 0.327024 0.174070 1.490650
v 0.376956 0.207867 1.490650
v 0.429996 0.131218 1.490650
v 0.465786 0.174070 1.490650
v 0.429996 0.203659 1.490650
v 0.494440 -0.038087 1.490650
v 0.536075 0.009525 1.490650
v 0.538807 0.014952 1.490650
v 0.589114 0.063512 1.490650
v 0.642154 0.066922 1.490650
v 0.695194 0.063895 1.490650
v 0.780555 0.121031 1.490650
v 0.801273 0.145286 1.490650
v -0.047360 0.121031 1.460550
v -0.577755 -0.250246 1.489840
v -0.047360 0.174070 1.485210
v -0.577755 -0.197206 1.469560
v 0.005680 0.121031 1.449310
v 0.005680 0.174070 1.481570
v -0.047360 -0.303285 1.446680
v 0.111759 -0.091127 1.467570
v -0.047360 -0.250246 1.464630
v 0.217838 -0.091127 1.477820
v 0.005680 -0.197206 1.443540
v 0.323917 -0.197206 1.479990
v 0.005680 -0.144167 1.459800
v 0.376956 -0.197206 1.486730
v 0.429996 -0.197206 1.453740
v -0.630795 0.014952 1.459350
v 0.429996 -0.144167 1.483240
v -0.577755 0.067991 1.453640
v 0.483035 -0.091127 1.461260
v -0.471676 0.014952 1.474420
v -0.047360 0.067991 1.479360
v 0.217838 0.121031 1.464070
v 0.005680 0.067991 1.460060
v 0.429996 0.121031 1.486480
v 0.164798 0.174070 1.440560
v 0.217838 0.174070 1.468740
v 0.270877 0.174070 1.460610
v 0.483035 0.174070 1.481100
v 0.429996 0.227110 1.451760
v 0.483035 0.227110 1.451570
v 0.536075 -0.038087 1.462050
v 0.589114 0.014952 1.440310
v 0.801273 0.121031 1.483340
v -0.590080 -0.303285 1.543690
v -0.136380 0.121031 1.543690
v -0.605277 -0.250246 1.543690
v -0.100399 0.163795 1.543690
v -0.599659 -0.197206 1.543690
v 0.833121 0.227110 1.543690
v -0.059442 0.174070 1.543690
v -0.622392 -0.144167 1.543690
v 0.854312 0.236161 1.543690
v -0.047360 0.187001 1.543690
v -0.630795 -0.105647 1.543690
v -0.632400 -0.091127 1.543690
v 0.907352 0.227408 1.543690
v 0.005680 0.224670 1.543690
v -0.487929 -0.303285 1.543690
v 0.013205 0.227110 1.543690
v -0.471676 -0.295578 1.543690
v -0.471676 -0.200083 1.543690
v -0.518241 -0.197206 1.543690
v 0.270877 -0.129285 1.543690
v -0.418637 -0.260313 1.543690
v 0.234943 -0.091127 1.543690
v -0.406371 -0.250246 1.543690
v 0.323917 -0.166744 1.543690
v -0.468680 -0.197206 1.543690
v 0.280012 -0.144167 1.543690
v -0.366859 -0.197206 1.543690
v 0.371502 -0.144167 1.543690
v -0.471676 -0.192733 1.543690
v 0.376956 -0.136696 1.543690
v -0.402122 -0.144167 1.543690
v 0.391259 -0.091127 1.543690
v -0.418637 -0.102231 1.543690
v -0.423862 -0.091127 1.543690
v 0.058719 -0.047119 1.543690
v 0.111759 -0.046522 1.543690
v 0.164798 -0.038632 1.543690
v -0.094697 -0.303285 1.543690
v -0.090621 -0.250246 1.543690
v 0.217838 -0.067608 1.543690
v -0.061460 -0.197206 1.543690
v 0.058719 0.052381 1.543690
v -0.062708 -0.144167 1.543690
v 0.104452 0.067991 1.543690
v -0.048776 -0.091127 1.543690
v 0.111759 0.073067 1.543690
v 0.164798 0.112965 1.543690
v -0.949032 0.278863 1.543690
v -0.959604 0.280149 1.543690
v 0.217838 0.102483 1.543690
v -0.931673 0.280149 1.543690
v 0.270877 0.098671 1.543690
v -0.949032 0.283816 1.543690
v 0.385943 -0.038087 1.543690
v -0.631910 -0.038087 1.543690
v 0.429996 -0.000099 1.543690
v -0.630795 -0.031445 1.543690
v 0.464787 0.014952 1.543690
v -0.620370 0.014952 1.543690
v 0.323917 0.110122 1.543690
v -0.577755 0.047280 1.543690
v 0.333954 0.121031 1.543690
v 0.483035 0.025355 1.543690
v -0.471676 -0.042898 1.543690
v -0.476298 -0.038087 1.543690
v 0.111759 0.224374 1.543690
v -0.524716 0.008417 1.543690
v 0.107855 0.227110 1.543690
v -0.529894 0.014952 1.543690
v 0.164798 0.195962 1.543690
v -0.047360 -0.089680 1.543690
v 0.217838 0.175362 1.543690
v 0.005680 -0.057409 1.543690
v 0.270877 0.174585 1.543690
v -0.100399 0.053896 1.543690
v 0.323917 0.126180 1.543690
v 0.271939 0.174070 1.543690
v -0.125277 0.067991 1.543690
v -0.047360 0.039802 1.543690
v 0.536075 0.051797 1.543690
v 0.005680 0.035013 1.543690
v 0.589114 0.057628 1.543690
v 0.642154 0.049495 1.543690
v 0.685688 0.067991 1.543690
v 0.695194 0.112230 1.543690
v 0.698266 0.121031 1.543690
v 0.736051 0.174070 1.543690
v 0.748233 0.178404 1.543690
v 0.801273 0.196171 1.543690
v 0.908212 0.227110 1.543690
v -0.577755 -0.303285 1.537390
v -0.100399 0.121031 1.514360
v 0.854312 0.227110 1.538010
v 0.907352 0.227110 1.543520
v -0.630795 -0.091127 1.530490
v 0.058719 0.227110 1.515930
v -0.524716 -0.303285 1.530180
v -0.524716 -0.250246 1.495770
v 0.058719 -0.091127 1.499290
v -0.471676 -0.250246 1.526790
v 0.270877 -0.144167 1.517820
v -0.524716 -0.197206 1.521920
v -0.418637 -0.250246 1.531660
v 0.376956 -0.144167 1.538850
v -0.418637 -0.197206 1.493480
v 0.429996 -0.091127 1.503190
v -0.418637 -0.144167 1.500600
v -0.418637 -0.091127 1.491230
v 0.058719 0.067991 1.496310
v -0.047360 -0.197206 1.506300
v 0.429996 -0.038087 1.521790
v 0.483035 -0.038087 1.496150
v -0.047360 -0.144167 1.520570
v 0.483035 0.014952 1.534860
v -0.047360 -0.091127 1.542400
v 0.005680 -0.091127 1.515690
v 0.376956 0.121031 1.517910
v -0.949032 0.280149 1.538620
v 0.376956 0.174070 1.526670
v -0.630795 -0.038087 1.539380
v 0.429996 0.174070 1.503230
v -0.630795 0.014952 1.492700
v 0.536075 0.014952 1.493230
v -0.471676 -0.038087 1.530600
v -0.524716 0.014952 1.531520
v 0.695194 0.067991 1.506640
v 0.748233 0.121031 1.511520
v -0.100399 0.067991 1.516020
v 0.748233 0.174070 1.532120
v 0.801273 0.174070 1.512550
v 0.058719 0.238372 1.543690
v -0.068578 -0.727602 1.543690
v -0.076747 -0.621522 1.543690
v -0.085548 -0.515443 1.543690
v 1.119510 -0.003339 1.543690
v -0.577755 -0.316953 1.543690
v 1.109180 0.014952 1.543690
v -0.093063 -0.409364 1.543690
v 1.045280 0.121031 1.543690
v 1.171450 -0.091127 1.543690
v 1.013430 0.150415 1.543690
v 0.907352 0.121031 1.482160
v -0.047360 -0.727602 1.520390
v -0.047360 -0.621522 1.506400
v 1.013430 0.014952 1.478730
v -0.047360 -0.515443 1.479900
v 1.119510 -0.091127 1.500530
v 1.013430 0.121031 1.525690
v -0.047360 -0.409364 1.442880
v -0.153439 0.152614 1.596730
v -0.607899 -0.303285 1.596730
v 0.695194 0.196862 1.596730
v -0.159820 0.174070 1.596730
v -0.625596 -0.250246 1.596730
v 0.714722 0.227110 1.596730
v -0.153439 0.182583 1.596730
v -0.577755 -0.234985 1.596730
v 0.748233 0.269439 1.596730
v -0.577755 -0.152660 1.596730
v -0.151664 0.121031 1.596730
v 0.767309 0.280149 1.596730
v -0.592240 -0.144167 1.596730
v -0.100399 0.205228 1.596730
v -0.618030 -0.091127 1.596730
v -0.047360 0.217436 1.596730
v -0.524716 -0.210801 1.596730
v -0.471676 -0.233073 1.596730
v 0.801273 0.297391 1.596730
v 0.005680 0.216014 1.596730
v -0.468907 -0.303285 1.596730
v 0.854312 0.308940 1.596730
v 0.058719 0.210814 1.596730
v -0.422621 -0.250246 1.596730
v 0.907352 0.308167 1.596730
v -0.524716 -0.150701 1.596730
v 0.270877 -0.126971 1.596730
v 0.217966 -0.091127 1.596730
v -0.471676 -0.154867 1.596730
v 1.013430 0.272692 1.596730
v -0.418637 -0.149828 1.596730
v 0.323917 -0.105165 1.596730
v -0.412659 -0.144167 1.596730
v 1.004940 0.280149 1.596730
v 0.327792 -0.091127 1.596730
v -0.418637 -0.118309 1.596730
v 0.960391 0.310801 1.596730
v -0.437199 -0.091127 1.596730
v 0.111759 0.003656 1.596730
v 0.101712 0.014952 1.596730
v -0.086678 -0.197206 1.596730
v -0.083757 -0.144167 1.596730
v 0.164798 -0.015201 1.596730
v -0.076327 -0.091127 1.596730
v 0.217838 -0.090872 1.596730
v 0.182476 -0.038087 1.596730
v -0.958458 0.121031 1.596730
v -0.985984 0.174070 1.596730
v 0.111759 0.048305 1.596730
v -0.973974 0.227110 1.596730
v -0.795963 0.121031 1.596730
v -0.796259 0.174070 1.596730
v -0.842953 0.198824 1.596730
v -0.869345 0.227110 1.596730
v -0.951758 0.280149 1.596730
v -0.949032 0.282014 1.596730
v -0.895992 0.281911 1.596730
v -0.894074 0.280149 1.596730
v 0.164798 0.050666 1.596730
v -0.622330 -0.038087 1.596730
v -0.630767 0.014952 1.596730
v -0.630795 0.050310 1.596730
v -0.654954 0.067991 1.596730
v -0.577755 0.026082 1.596730
v -0.606488 0.067991 1.596730
v 0.164798 0.086312 1.596730
v -0.630795 0.078600 1.596730
v -0.471676 -0.063876 1.596730
v 0.141055 0.121031 1.596730
v -0.503437 -0.038087 1.596730
v -0.524716 -0.019842 1.596730
v 0.165042 0.067991 1.596730
v -0.564911 0.014952 1.596730
v 0.270877 0.115859 1.596730
v -0.153439 0.058899 1.596730
v 0.270617 0.121031 1.596730
v -0.156239 0.067991 1.596730
v -0.153439 0.087856 1.596730
v 0.330614 -0.038087 1.596730
v -0.052328 -0.038087 1.596730
v -0.099662 0.014952 1.596730
v 0.376956 0.010729 1.596730
v -0.100399 0.015224 1.596730
v 0.384933 0.014952 1.596730
v 0.272929 0.121031 1.596730
v 0.429996 0.036801 1.596730
v 0.483035 0.056036 1.596730
v 0.111759 0.173279 1.596730
v 0.110937 0.174070 1.596730
v 0.270877 0.139403 1.596730
v 0.516111 0.067991 1.596730
v 0.536075 0.078378 1.596730
v 0.589114 0.102797 1.596730
v 0.618089 0.121031 1.596730
v 0.642154 0.143540 1.596730
v 0.671510 0.174070 1.596730
v -0.153439 0.174070 1.587220
v -0.577755 -0.197206 1.558220
v 0.695194 0.121031 1.545640
v -0.100399 0.174070 1.558440
v -0.630795 -0.091127 1.554490
v 0.695194 0.174070 1.575750
v 0.748233 0.227110 1.573040
v -0.471676 -0.303285 1.577960
v 0.058719 0.227110 1.583650
v 0.801273 0.227110 1.554390
v -0.524716 -0.197206 1.567490
v 0.801273 0.280149 1.544540
v -0.418637 -0.250246 1.559420
v 0.323917 -0.144167 1.575740
v 0.854312 0.280149 1.573160
v -0.418637 -0.197206 1.559780
v 0.907352 0.280149 1.572480
v 0.376956 -0.091127 1.557060
v 0.960391 0.227110 1.555180
v 0.058719 -0.038087 1.561230
v 0.960391 0.280149 1.577330
v 0.111759 -0.038087 1.563560
v 1.013430 0.227110 1.574610
v 0.164798 -0.038087 1.544850
v -0.949032 0.121031 1.593280
v 0.058719 0.014952 1.586260
v -0.949032 0.174070 1.578920
v -0.895992 0.121031 1.581190
v 0.111759 0.067991 1.549080
v -0.895992 0.174070 1.559770
v 0.164798 0.067991 1.595280
v -0.949032 0.227110 1.591000
v 0.164798 0.121031 1.556560
v -0.895992 0.227110 1.562000
v 0.217838 0.121031 1.553870
v -0.842953 0.121031 1.579250
v -0.842953 0.174070 1.575220
v 0.376956 -0.038087 1.550980
v 0.429996 0.014952 1.564250
v -0.895992 0.280149 1.595290
v 0.323917 0.121031 1.550180
v 0.111759 0.174070 1.596060
v -0.630795 -0.038087 1.547650
v 0.164798 0.174070 1.555470
v -0.630795 0.067991 1.558420
v 0.217838 0.174070 1.544250
v 0.270877 0.174070 1.543920
v -0.153439 0.067991 1.586690
v 0.536075 0.067991 1.585290
v -0.047360 -0.038087 1.592750
v 0.589114 0.067991 1.568620
v -0.047360 0.014952 1.578710
v 0.642154 0.067991 1.568160
v 0.005680 -0.038087 1.562320
v 0.642154 0.121031 1.579610
v 0.005680 0.014952 1.571250
v 0.691993 0.227110 1.649770
v -0.630795 -0.295982 1.649770
v -0.168622 0.121031 1.649770
v -0.645293 -0.250246 1.649770
v 0.695194 0.231169 1.649770
v -0.153439 0.158489 1.649770
v -0.614566 -0.303285 1.649770
v 0.717744 0.280149 1.649770
v -0.141614 0.174070 1.649770
v -0.630795 -0.223690 1.649770
v 0.748233 0.318532 1.649770
v -0.577755 -0.202065 1.649770
v -0.100399 0.212406 1.649770
v 0.773331 0.333189 1.649770
v -0.577755 -0.154849 1.649770
v 0.801273 0.342268 1.649770
v -0.047360 0.215154 1.649770
v -0.628967 -0.144167 1.649770
v 0.854312 0.343319 1.649770
v -0.630795 -0.143071 1.649770
v 0.907352 0.342787 1.649770
v -0.639306 -0.091127 1.649770
v 0.058719 0.122035 1.649770
v 0.960391 0.344696 1.649770
v 0.012031 0.174070 1.649770
v 1.013430 0.334604 1.649770
v 0.005680 0.179962 1.649770
v -0.490891 -0.303285 1.649770
v 0.164798 -0.031481 1.649770
v -0.471676 -0.291133 1.649770
v 0.145363 0.014952 1.649770
v -0.565765 -0.197206 1.649770
v 0.217838 -0.075507 1.649770
v -0.431462 -0.250246 1.649770
v 0.167217 -0.038087 1.649770
v -0.418637 -0.224780 1.649770
v 0.270877 -0.087844 1.649770
v -0.408399 -0.197206 1.649770
v 0.115300 0.067991 1.649770
v -0.412002 -0.144167 1.649770
v 0.111759 0.073731 1.649770
v -0.418637 -0.131723 1.649770
v 0.059475 0.121031 1.649770
v -0.469576 -0.091127 1.649770
v 0.291480 -0.038087 1.649770
v -0.114076 -0.197206 1.649770
v 0.323917 0.004132 1.649770
v -0.100399 -0.144504 1.649770
v 0.334631 0.014952 1.649770
v -0.100250 -0.144167 1.649770
v 0.376956 0.056191 1.649770
v -0.074915 -0.091127 1.649770
v 0.390218 0.067991 1.649770
v 0.429996 0.090774 1.649770
v -0.895992 0.224505 1.649770
v -0.898273 0.227110 1.649770
v 0.483035 0.104071 1.649770
v -0.842953 0.222737 1.649770
v -0.789913 0.214894 1.649770
v 0.527604 0.121031 1.649770
v -0.900943 0.280149 1.649770
v -1.002070 0.284709 1.649770
v 0.536075 0.126055 1.649770
v -0.949032 0.300154 1.649770
v 0.589114 0.165342 1.649770
v -0.630795 -0.040380 1.649770
v 0.599231 0.174070 1.649770
v -0.627862 -0.038087 1.649770
v 0.642154 0.196884 1.649770
v -0.577755 -0.020444 1.649770
v -0.789913 0.091570 1.649770
v -0.765485 0.121031 1.649770
v -0.683834 0.096589 1.649770
v -0.697055 0.121031 1.649770
v -0.674072 0.121031 1.649770
v -0.524716 -0.047922 1.649770
v -0.536374 -0.038087 1.649770
v -0.471676 -0.089686 1.649770
v -0.762029 0.174070 1.649770
v -0.683834 0.135038 1.649770
v -0.153439 0.032652 1.649770
v -0.201977 0.067991 1.649770
v -0.075694 -0.038087 1.649770
v -0.100399 0.004563 1.649770
v -0.120892 0.014952 1.649770
v -1.043860 0.227110 1.649770
v -1.009750 0.280149 1.649770
v -0.630795 -0.250246 1.607350
v -0.153439 0.121031 1.606450
v -0.153439 0.174070 1.617610
v -0.630795 -0.091127 1.629980
v 0.695194 0.227110 1.644120
v -0.471676 -0.303285 1.615140
v 0.058719 0.174070 1.628710
v -0.524716 -0.197206 1.623440
v -0.471676 -0.197206 1.624640
v 0.270877 -0.091127 1.648570
v 0.748233 0.280149 1.608320
v -0.418637 -0.197206 1.649360
v 0.323917 -0.091127 1.600970
v 0.801273 0.333189 1.632840
v 0.111759 0.014952 1.599910
v -0.100399 -0.197206 1.606650
v 0.854312 0.333189 1.627580
v 0.164798 0.067991 1.630700
v 0.907352 0.333189 1.627750
v -1.002070 0.121031 1.620520
v -1.002070 0.174070 1.608080
v 0.111759 0.121031 1.626840
v -1.002070 0.227110 1.611070
v 0.270877 0.121031 1.597110
v -0.895992 0.227110 1.644130
v 0.323917 -0.038087 1.606060
v -0.789913 0.121031 1.600760
v 1.013430 0.280149 1.602670
v -0.789913 0.174070 1.600700
v 0.376956 0.014952 1.603290
v 0.960391 0.333189 1.625470
v -1.002070 0.280149 1.644870
v 0.429996 0.067991 1.628240
v -0.895992 0.280149 1.604070
v 1.013430 0.333189 1.646900
v 0.483035 0.067991 1.614840
v -0.577755 0.014952 1.606440
v -0.683834 0.121031 1.626080
v 0.536075 0.121031 1.646060
v -0.630795 0.067991 1.612330
v 0.589114 0.121031 1.614650
v -0.524716 -0.038087 1.631470
v 0.642154 0.174070 1.618070
v -0.100399 0.014952 1.597760
v -0.176726 -0.727602 1.649770
v 1.225590 -0.014479 1.649770
v -0.170736 -0.621522 1.649770
v 1.211280 0.014952 1.649770
v -0.153439 -0.540855 1.649770
v 1.277050 -0.091127 1.649770
v -0.146423 -0.515443 1.649770
v 1.164800 0.121031 1.649770
v -0.577755 -0.310476 1.649770
v 1.119510 0.227798 1.649770
v 1.016590 0.333189 1.649770
v -0.114032 -0.409364 1.649770
v 1.120010 0.227110 1.649770
v -0.115031 -0.303285 1.649770
v -1.002070 -0.014767 1.649770
v -1.023220 0.014952 1.649770
v -1.040000 0.121031 1.649770
v -0.900285 0.014952 1.649770
v -0.895992 0.018601 1.649770
v -0.153439 -0.727602 1.628680
v 1.119510 0.014952 1.552270
v -0.153439 -0.621522 1.631990
v 1.119510 0.121031 1.598770
v 1.225590 -0.091127 1.596470
v 1.119510 0.227110 1.649230
v -1.002070 0.014952 1.640240
v 1.331670 -0.153551 1.649770
v 1.543830 -0.337179 1.649770
v 1.494230 -0.303285 1.649770
v 1.755980 -0.440344 1.649770
v -0.185037 -0.939760 1.649770
v 2.180300 -0.535477 1.649770
v 2.043870 -0.515443 1.649770
v 2.392460 -0.552911 1.649770
v 2.604620 -0.559350 1.649770
v 1.968140 -0.500946 1.649770
v 2.816770 -0.559372 1.649770
v 3.028930 -0.556587 1.649770
v 0.058719 -0.939760 1.446340
v -0.153439 -0.939760 1.620210
v 1.543830 -0.515443 1.484560
v 1.755980 -0.515443 1.568610
v 1.331670 -0.303285 1.529950
v 1.968140 -0.515443 1.632800
v 2.392460 -0.727602 1.449640
v 2.604620 -0.727602 1.455080
v 2.816770 -0.727602 1.454880
v 3.028930 -0.727602 1.452170
v -1.002070 -0.100143 1.702810
v -1.024600 -0.091127 1.702810
v -0.949673 -0.091127 1.702810
v 0.483035 0.145133 1.702810
v -0.784872 0.121031 1.702810
v -0.683834 -0.276532 1.702810
v 0.536075 0.171007 1.702810
v -0.777686 0.174070 1.702810
v -0.693315 -0.250246 1.702810
v 0.539729 0.174070 1.702810
v -0.789913 0.225838 1.702810
v -0.683834 -0.216865 1.702810
v 0.589114 0.207734 1.702810
v -0.630795 -0.301750 1.702810
v 0.613445 0.227110 1.702810
v -0.623430 -0.303285 1.702810
v -0.206478 0.032813 1.702810
v -0.677085 -0.197206 1.702810
v 0.642154 0.261727 1.702810
v -0.248245 0.067991 1.702810
v -0.642833 -0.144167 1.702810
v 0.657780 0.280149 1.702810
v -0.153439 0.035883 1.702810
v -0.577755 -0.168883 1.702810
v 0.695194 0.305798 1.702810
v -0.214961 0.121031 1.702810
v -0.624541 -0.144167 1.702810
v -0.641838 -0.091127 1.702810
v 0.733644 0.333189 1.702810
v -0.577755 -0.100645 1.702810
v -0.100399 0.057152 1.702810
v -0.546095 -0.303285 1.702810
v 0.748233 0.343115 1.702810
v -0.088652 0.067991 1.702810
v -0.524716 -0.297092 1.702810
v 0.801273 0.355152 1.702810
v -0.471676 -0.258023 1.702810
v -0.047360 0.113929 1.702810
v 0.854312 0.353929 1.702810
v -0.464925 -0.250246 1.702810
v 0.907352 0.354012 1.702810
v -0.459092 -0.197206 1.702810
v -0.259518 0.164201 1.702810
v -0.284103 0.174070 1.702810
v -0.259518 0.216767 1.702810
v -0.524716 -0.178438 1.702810
v -0.471676 -0.183310 1.702810
v -0.524716 -0.110177 1.702810
v -0.226145 0.227110 1.702810
v -0.498333 -0.091127 1.702810
v -0.153439 0.223927 1.702810
v -0.158607 0.227110 1.702810
v -1.089800 0.227110 1.702810
v 0.960391 0.357403 1.702810
v -0.206478 0.233542 1.702810
v -1.078660 0.280149 1.702810
v -1.072650 0.333189 1.702810
v -0.047360 0.129378 1.702810
v -0.790318 0.227110 1.702810
v -0.078816 0.174070 1.702810
v -0.895992 0.268563 1.702810
v -0.100399 0.198714 1.702810
v -0.913941 0.280149 1.702810
v 1.013430 0.365095 1.702810
v -0.949038 0.333186 1.702810
v -0.847412 0.280149 1.702810
v 0.058719 -0.075245 1.702810
v -0.838518 0.280149 1.702810
v -0.842953 0.280335 1.702810
v 0.111759 -0.044684 1.702810
v 0.131384 -0.038087 1.702810
v -1.055110 0.340255 1.702810
v -1.002070 0.350465 1.702810
v 0.164798 -0.025161 1.702810
v 0.217838 -0.001935 1.702810
v -0.651500 -0.038087 1.702810
v 0.270877 0.004654 1.702810
v -0.577755 -0.040099 1.702810
v -0.578260 -0.038087 1.702810
v 0.284196 0.014952 1.702810
v -0.630795 -0.013724 1.702810
v 0.313583 0.067991 1.702810
v -0.789913 0.111241 1.702810
v 0.323917 0.091288 1.702810
v -0.630795 0.065068 1.702810
v -0.632317 0.067991 1.702810
v -0.629106 0.067991 1.702810
v 0.376956 0.118244 1.702810
v -0.630795 0.070096 1.702810
v 0.411509 0.121031 1.702810
v -0.524716 -0.065107 1.702810
v -1.002070 -0.091127 1.694040
v -0.683834 0.121031 1.669720
v 0.483035 0.121031 1.672540
v -0.683834 -0.250246 1.695260
v 0.589114 0.174070 1.657350
v -0.206478 0.067991 1.653140
v -0.630795 -0.197206 1.662040
v -0.577755 -0.197206 1.656080
v -0.206478 0.121031 1.694150
v 0.642154 0.227110 1.681160
v -0.630795 -0.144167 1.651450
v -0.047360 -0.091127 1.667940
v -0.577755 -0.144167 1.664010
v 0.695194 0.280149 1.674630
v -0.047360 -0.038087 1.672820
v -0.524716 -0.303285 1.679200
v -0.100399 0.014952 1.666720
v 0.748233 0.333189 1.678640
v -0.047360 0.014952 1.672270
v -0.418637 -0.197206 1.684580
v -0.047360 0.067991 1.685730
v -0.524716 -0.144167 1.689460
v -0.471676 -0.144167 1.691170
v -0.259518 0.174070 1.685390
v -0.471676 -0.091127 1.652800
v -0.206478 0.174070 1.653380
v -0.418637 -0.144167 1.664760
v -0.153439 0.174070 1.663880
v -0.206478 0.227110 1.696390
v -1.055110 0.227110 1.662070
v -1.055110 0.280149 1.682240
v -0.047360 0.174070 1.679460
v -1.055110 0.333189 1.698390
v -1.002070 0.333189 1.687820
v 0.058719 -0.038087 1.689380
v -0.895992 0.227110 1.652560
v 0.111759 -0.038087 1.699170
v -0.842953 0.227110 1.653950
v 0.058719 0.014952 1.672830
v 0.111759 0.014952 1.675390
v -0.842953 0.280149 1.702500
v 0.217838 -0.038087 1.677830
v 0.270877 -0.038087 1.664250
v 0.058719 0.067991 1.660710
v 0.111759 0.067991 1.652350
v -0.630795 -0.038087 1.649850
v -0.577755 -0.038087 1.694640
v 0.058719 0.121031 1.650080
v -0.630795 0.067991 1.700580
v 0.323917 0.014952 1.660610
v 0.323917 0.067991 1.694890
v 0.376956 0.067991 1.658380
v 0.429996 0.121031 1.700280
v -1.055110 -0.367727 1.755850
v 0.483035 0.174475 1.755850
v -1.063300 -0.356325 1.755850
v 0.536075 0.203477 1.755850
v -1.004650 -0.356325 1.755850
v 0.555519 0.227110 1.755850
v -0.418637 0.113081 1.755850
v -1.055110 -0.329534 1.755850
v -0.433434 0.121031 1.755850
v 0.588819 0.280149 1.755850
v -0.387957 0.121031 1.755850
v -0.923922 -0.515443 1.755850
v 0.589114 0.280649 1.755850
v -0.910563 -0.462404 1.755850
v -0.459758 0.174070 1.755850
v -0.895992 -0.454282 1.755850
v -0.365597 0.132272 1.755850
v 0.633597 0.333189 1.755850
v -0.895992 -0.362169 1.755850
v -0.898291 -0.356325 1.755850
v -0.441456 0.227110 1.755850
v 0.642154 0.338475 1.755850
v -0.918254 -0.303285 1.755850
v -0.418637 0.242576 1.755850
v 0.695194 0.350872 1.755850
v -1.055110 -0.161480 1.755850
v -0.365597 0.247626 1.755850
v -1.087290 -0.144167 1.755850
v 0.748233 0.369713 1.755850
v -1.002070 -0.187479 1.755850
v 0.801273 0.379293 1.755850
v -0.312557 0.054289 1.755850
v -1.108150 -0.125367 1.755850
v -0.340709 0.067991 1.755850
v 0.854312 0.380248 1.755850
v 0.907352 0.380850 1.755850
v -0.949032 -0.263782 1.755850
v -0.259518 0.038706 1.755850
v -0.954713 -0.250246 1.755850
v -0.360009 0.121031 1.755850
v 0.956542 0.386229 1.755850
v -0.990397 -0.197206 1.755850
v -0.206478 0.037892 1.755850
v 1.013430 0.386123 1.755850
v -0.153439 0.065303 1.755850
v 1.012880 0.386229 1.755850
v -0.789913 -0.172578 1.755850
v 0.960391 0.386676 1.755850
v -0.736874 -0.184487 1.755850
v -0.683834 -0.156509 1.755850
v -0.149819 0.067991 1.755850
v -0.630795 -0.155697 1.755850
v -0.104357 0.121031 1.755850
v -0.606696 -0.144167 1.755850
v -0.577755 -0.115458 1.755850
v -0.312557 0.243701 1.755850
v -0.531292 -0.303285 1.755850
v -0.259518 0.255237 1.755850
v -0.524716 -0.299097 1.755850
v -0.206478 0.244038 1.755850
v -0.493860 -0.250246 1.755850
v -0.153439 0.233450 1.755850
v -0.488815 -0.197206 1.755850
v -0.488861 -0.144167 1.755850
v -0.122639 0.174070 1.755850
v -0.524716 -0.105051 1.755850
v -0.144724 0.227110 1.755850
v -1.107620 0.227110 1.755850
v -1.105340 0.280149 1.755850
v 0.094377 -0.091127 1.755850
v -1.108150 0.316507 1.755850
v 0.111759 -0.074981 1.755850
v -0.821202 0.121031 1.755850
v 0.149424 -0.038087 1.755850
v -0.804719 0.174070 1.755850
v 0.164798 -0.017548 1.755850
v -0.799892 0.227110 1.755850
v 0.217838 -0.003352 1.755850
v -0.815840 0.280149 1.755850
v 0.238547 0.014952 1.755850
v -0.842953 0.320748 1.755850
v -0.880146 0.333189 1.755850
v 0.227351 0.067991 1.755850
v 0.244104 0.121031 1.755850
v -1.108150 0.340398 1.755850
v -1.055110 0.359519 1.755850
v 0.270877 0.157202 1.755850
v -1.002070 0.370286 1.755850
v 0.323917 0.158017 1.755850
v -0.949032 0.370110 1.755850
v 0.376956 0.160010 1.755850
v -0.895992 0.339204 1.755850
v 0.429996 0.163212 1.755850
v 0.481643 0.174070 1.755850
v -0.141301 -0.409364 1.755850
v -0.113766 -0.356325 1.755850
v -0.100399 -0.315092 1.755850
v 0.058719 -0.121473 1.755850
v -0.096168 -0.303285 1.755850
v -0.070672 -0.250246 1.755850
v -0.047360 -0.220009 1.755850
v -0.025565 -0.197206 1.755850
v 0.005680 -0.168097 1.755850
v 0.032608 -0.144167 1.755850
v -0.854793 0.014952 1.755850
v -0.843536 0.067991 1.755850
v -0.842953 0.069480 1.755850
v -1.055110 -0.356325 1.752870
v 0.483035 0.174070 1.755040
v -0.418637 0.121031 1.752960
v 0.536075 0.174070 1.706750
v -0.895992 -0.515443 1.742560
v -0.895992 -0.462404 1.753250
v -0.789913 0.121031 1.709030
v 0.589114 0.227110 1.720120
v -0.789913 0.174070 1.724890
v -0.895992 -0.356325 1.754260
v 0.589114 0.280149 1.755540
v -0.895992 -0.303285 1.747640
v -0.418637 0.174070 1.736900
v -0.365597 0.174070 1.742000
v 0.642154 0.280149 1.713080
v -1.055110 -0.144167 1.747460
v -0.418637 0.227110 1.740840
v -1.002070 -0.144167 1.733650
v 0.642154 0.333189 1.752390
v -0.365597 0.227110 1.740510
v 0.695194 0.333189 1.737330
v -1.108150 -0.091127 1.744140
v -1.055110 -0.091127 1.721330
v -0.312557 0.067991 1.746490
v -0.949032 -0.250246 1.749010
v -0.259518 0.067991 1.714320
v -0.895992 -0.250246 1.735910
v -0.312557 0.121031 1.715910
v -0.949032 -0.197206 1.734980
v -0.259518 0.121031 1.724320
v -0.895992 -0.197206 1.721690
v 0.960391 0.386229 1.755090
v -0.949032 -0.144167 1.722870
v -0.100399 0.067991 1.710700
v -0.895992 -0.144167 1.718880
v -0.100399 0.121031 1.746280
v -0.949032 -0.091127 1.704610
v -0.047360 0.121031 1.703180
v -0.895992 -0.091127 1.713660
v -0.312557 0.174070 1.712900
v -0.789913 -0.303285 1.740540
v -0.312557 0.227110 1.734890
v -0.736874 -0.303285 1.739570
v -0.259518 0.227110 1.715050
v -0.789913 -0.250246 1.735460
v -0.736874 -0.250246 1.728870
v -0.153439 0.227110 1.703490
v -0.683834 -0.303285 1.731320
v -0.789913 -0.197206 1.746690
v -0.736874 -0.197206 1.748010
v -0.100399 0.174070 1.726120
v -0.683834 -0.197206 1.713870
v -0.630795 -0.303285 1.708930
v 0.058719 -0.091127 1.711880
v -0.630795 -0.144167 1.749270
v -0.577755 -0.144167 1.733820
v 0.270877 0.014952 1.716250
v -0.630795 -0.091127 1.722210
v 0.270877 0.067991 1.732580
v -0.577755 -0.091127 1.736910
v 0.270877 0.121031 1.737940
v -0.471676 -0.250246 1.708180
v 0.323917 0.121031 1.719180
v -0.471676 -0.197206 1.710800
v 0.376956 0.121031 1.707030
v -0.524716 -0.144167 1.750040
v -0.524716 -0.091127 1.735080
v -1.108150 0.333189 1.732780
v -0.895992 0.280149 1.714320
v -0.895992 0.333189 1.747770
v -0.630795 -0.038087 1.724340
v -0.630795 0.067991 1.706540
v -0.895992 -0.555421 1.755850
v -1.110970 0.333189 1.755850
v -0.840248 -0.515443 1.755850
v -0.789913 -0.356209 1.755850
v -1.132810 -0.091127 1.755850
v -0.836697 -0.091127 1.755850
v 1.331670 -0.066381 1.755850
v -0.305826 -0.727602 1.755850
v -0.339402 -0.621522 1.755850
v -0.300176 -0.515443 1.755850
v 1.268760 0.014952 1.755850
v -0.683834 -0.322263 1.755850
v -0.577755 -0.315309 1.755850
v 1.225590 0.110502 1.755850
v -0.259518 -0.495779 1.755850
v 1.221240 0.121031 1.755850
v -0.153439 -0.426174 1.755850
v 1.183100 0.227110 1.755850
v -1.133250 0.014952 1.755850
v 1.120240 0.333189 1.755850
v -1.108150 0.110659 1.755850
v -1.106560 0.121031 1.755850
v 1.119510 0.334008 1.755850
v -0.259518 -0.727602 1.715300
v -0.259518 -0.621522 1.715580
v -0.259518 -0.515443 1.740690
v -0.153439 -0.515443 1.658900
v 1.225590 0.014952 1.670670
v -0.047360 -0.197206 1.726320
v 1.331670 -0.091127 1.716220
v -1.108150 0.014952 1.731180
v -0.895992 0.014952 1.658280
v 1.119510 0.333189 1.754870
v -1.061170 -0.515443 1.808890
v 0.907352 0.420373 1.808890
v -1.102270 -0.462404 1.808890
v 0.960391 0.420344 1.808890
v -1.108150 -0.456451 1.808890
v 1.013430 0.406626 1.808890
v 0.164798 -0.011686 1.808890
v -1.170650 -0.409364 1.808890
v -0.836945 0.227110 1.808890
v -1.212420 -0.356325 1.808890
v 0.208404 0.014952 1.808890
v -0.841381 0.280149 1.808890
v -1.214230 -0.351149 1.808890
v -1.161190 -0.335506 1.808890
v 0.174885 0.067991 1.808890
v -0.842953 0.285455 1.808890
v -1.175860 -0.303285 1.808890
v -0.873682 0.333189 1.808890
v 0.189687 0.121031 1.808890
v -1.150530 -0.303285 1.808890
v -1.055110 -0.389618 1.808890
v -1.092490 -0.356325 1.808890
v -1.002070 -0.369272 1.808890
v -1.061380 0.333189 1.808890
v 0.217838 0.149669 1.808890
v -1.066140 -0.303285 1.808890
v -1.055110 0.338452 1.808890
v -1.002070 0.366834 1.808890
v -0.990336 -0.356325 1.808890
v 0.270877 0.172391 1.808890
v -0.981706 -0.303285 1.808890
v -1.161190 -0.263535 1.808890
v -0.949032 0.372700 1.808890
v 0.276258 0.174070 1.808890
v -0.895992 0.349385 1.808890
v -1.055110 -0.284511 1.808890
v -1.002070 -0.274412 1.808890
v 0.323917 0.184608 1.808890
v 0.376956 0.188405 1.808890
v -0.758693 -0.091127 1.808890
v 0.429996 0.194315 1.808890
v -0.736874 -0.106074 1.808890
v -0.789913 -0.054603 1.808890
v 0.483035 0.216982 1.808890
v -0.683834 -0.130511 1.808890
v -0.630795 -0.107311 1.808890
v 0.496646 0.227110 1.808890
v -0.577755 -0.113964 1.808890
v 0.530830 0.280149 1.808890
v -0.418637 0.038542 1.808890
v -0.475694 -0.303285 1.808890
v -0.452849 0.067991 1.808890
v -0.474669 -0.250246 1.808890
v -0.365597 0.026527 1.808890
v 0.536075 0.293971 1.808890
v -0.471676 -0.206176 1.808890
v -0.468816 -0.197206 1.808890
v 0.551167 0.333189 1.808890
v -0.469931 0.121031 1.808890
v -0.471676 -0.194304 1.808890
v -0.502822 -0.144167 1.808890
v 0.582570 0.386229 1.808890
v -0.524716 -0.113579 1.808890
v 0.589114 0.390743 1.808890
v -0.468666 0.174070 1.808890
v 0.642154 0.399047 1.808890
v -0.435241 0.227110 1.808890
v -0.222330 -0.409364 1.808890
v 0.695194 0.402181 1.808890
v -0.206478 -0.402185 1.808890
v -0.418637 0.238069 1.808890
v -0.153439 -0.360155 1.808890
v 0.748233 0.417979 1.808890
v -0.365597 0.247915 1.808890
v 0.801273 0.420103 1.808890
v -0.150709 -0.356325 1.808890
v 0.854312 0.421201 1.808890
v -0.124017 -0.303285 1.808890
v -0.312557 0.030845 1.808890
v -0.100399 -0.260847 1.808890
v -0.259518 0.047494 1.808890
v -0.092013 -0.250246 1.808890
v -0.047360 -0.206910 1.808890
v -0.216055 0.067991 1.808890
v -0.036859 -0.197206 1.808890
v -0.206478 0.074356 1.808890
v 0.005680 -0.157543 1.808890
v -0.161741 0.121031 1.808890
v 0.020016 -0.144167 1.808890
v 0.058719 -0.106594 1.808890
v -0.259518 0.225507 1.808890
v -0.842953 0.048605 1.808890
v -0.263542 0.227110 1.808890
v -0.849121 0.067991 1.808890
v -0.827034 0.014952 1.808890
v -0.177533 0.174070 1.808890
v -0.858233 0.121031 1.808890
v -0.206478 0.207091 1.808890
v -1.095160 0.227110 1.808890
v -1.091360 0.280149 1.808890
v -0.312557 0.244853 1.808890
v -0.851489 0.174070 1.808890
v -0.842953 0.195937 1.808890
v 0.073062 -0.091127 1.808890
v 0.111759 -0.052490 1.808890
v 0.125192 -0.038087 1.808890
v 0.217838 0.014952 1.799980
v 0.907352 0.386229 1.763630
v -1.055110 -0.515443 1.807490
v 0.217838 0.067991 1.765450
v -1.055110 -0.462404 1.799280
v 1.013430 0.386229 1.756230
v 0.217838 0.121031 1.775060
v -1.002070 -0.515443 1.798980
v -1.002070 -0.462404 1.785180
v -1.108150 -0.409364 1.803710
v -1.108150 0.333189 1.767220
v -1.055110 -0.409364 1.799360
v 0.323917 0.174070 1.785780
v -1.002070 -0.409364 1.784160
v 0.376956 0.174070 1.783050
v -1.161190 -0.409364 1.806890
v -1.161190 -0.356325 1.795560
v 0.429996 0.174070 1.775560
v -1.108150 -0.356325 1.801190
v -1.214230 -0.303285 1.802330
v -1.108150 -0.303285 1.788300
v 0.536075 0.227110 1.783140
v -0.789913 -0.091127 1.792920
v -1.055110 -0.356325 1.760230
v 0.536075 0.280149 1.805500
v 0.589114 0.333189 1.780700
v -0.949032 -0.515443 1.775120
v -0.949032 -0.462404 1.771320
v 0.589114 0.386229 1.802660
v -0.949032 -0.409364 1.770520
v -0.418637 0.067991 1.783160
v 0.642154 0.386229 1.795230
v -0.895992 -0.409364 1.761230
v 0.695194 0.386229 1.797000
v -0.365597 0.067991 1.765160
v -0.365597 0.121031 1.760060
v -0.949032 -0.356325 1.778950
v 0.748233 0.386229 1.781380
v -0.949032 -0.303285 1.770020
v 0.801273 0.386229 1.766560
v 0.854312 0.386229 1.764350
v -1.214230 -0.250246 1.801350
v -1.161190 -0.250246 1.795700
v -1.108150 -0.250246 1.784740
v -1.214230 -0.197206 1.800560
v -1.161190 -0.197206 1.789760
v -0.206478 0.067991 1.802920
v -1.108150 -0.197206 1.775300
v -0.153439 0.067991 1.759180
v -1.055110 -0.250246 1.794650
v -1.002070 -0.250246 1.794060
v -1.055110 -0.197206 1.769730
v -0.153439 0.121031 1.805240
v -1.002070 -0.197206 1.760050
v -1.108150 -0.144167 1.761760
v -0.259518 0.227110 1.807660
v -0.789913 -0.144167 1.768210
v -0.153439 0.174070 1.789300
v -0.736874 -0.144167 1.782830
v -0.683834 -0.144167 1.779120
v -0.206478 0.227110 1.787050
v -0.630795 -0.144167 1.781280
v -0.153439 0.227110 1.765880
v -0.524716 -0.303285 1.761820
v -0.471676 -0.197206 1.805370
v -0.206478 -0.409364 1.802910
v -0.153439 -0.409364 1.771040
v -0.100399 -0.303285 1.767590
v -0.842953 0.014952 1.783410
v -0.842953 0.121031 1.786570
v -0.842953 0.174070 1.801300
v -1.055110 -0.405624 1.861930
v -0.683834 -0.011672 1.861930
v 0.111759 0.029899 1.861930
v -1.064980 -0.356325 1.861930
v -0.734230 0.014952 1.861930
v -1.002070 -0.370332 1.861930
v 0.109622 0.067991 1.861930
v -1.055110 -0.343421 1.861930
v -0.638412 -0.091127 1.861930
v 0.148903 0.014952 1.861930
v -1.002070 -0.345343 1.861930
v 0.111759 0.105570 1.861930
v -0.999509 -0.356325 1.861930
v 0.907352 0.421738 1.861930
v -0.651172 -0.038087 1.861930
v 0.124715 0.121031 1.861930
v 0.960391 0.422858 1.861930
v -0.630795 -0.094403 1.861930
v 0.164798 0.146911 1.861930
v -0.622619 -0.091127 1.861930
v 1.013430 0.437390 1.861930
v 0.212200 0.174070 1.861930
v 0.217838 0.176521 1.861930
v 0.270877 0.193889 1.861930
v 0.323917 0.212048 1.861930
v 0.376956 0.225090 1.861930
v -0.471676 -0.257660 1.861930
v 0.381979 0.227110 1.861930
v -0.475001 -0.250246 1.861930
v 0.429996 0.258995 1.861930
v -0.494723 -0.197206 1.861930
v 0.483035 0.264276 1.861930
v -0.447607 -0.303285 1.861930
v -0.577755 -0.055572 1.861930
v -0.512687 -0.144167 1.861930
v 0.488333 0.280149 1.861930
v -0.524716 -0.117289 1.861930
v 0.492183 0.333189 1.861930
v -0.535400 -0.091127 1.861930
v 0.519101 0.386229 1.861930
v -0.365597 -0.370744 1.861930
v 0.536075 0.398981 1.861930
v -0.312557 -0.373322 1.861930
v -0.630795 -0.008669 1.861930
v 0.589114 0.412769 1.861930
v -0.284501 -0.356325 1.861930
v 0.635267 0.439268 1.861930
v -0.259518 -0.344354 1.861930
v 0.642154 0.441605 1.861930
v -0.206478 -0.336277 1.861930
v 0.695194 0.445576 1.861930
v -0.179069 -0.303285 1.861930
v -0.638995 0.014952 1.861930
v 0.748233 0.432167 1.861930
v -0.153439 -0.250848 1.861930
v 0.725831 0.439268 1.861930
v -0.595391 0.014952 1.861930
v 0.801273 0.427549 1.861930
v -0.153094 -0.250246 1.861930
v -0.100399 -0.201684 1.861930
v 0.854312 0.422817 1.861930
v -0.789913 0.040203 1.861930
v -0.094935 -0.197206 1.861930
v -0.736874 0.021011 1.861930
v -0.047360 -0.155738 1.861930
v -0.036764 -0.144167 1.861930
v -0.630795 0.047487 1.861930
v 0.004487 -0.091127 1.861930
v -0.827717 0.067991 1.861930
v -0.842953 0.080748 1.861930
v -0.471676 0.119502 1.861930
v -0.887414 0.121031 1.861930
v -0.472866 0.121031 1.861930
v -0.895992 0.128016 1.861930
v -0.948896 0.174070 1.861930
v -0.418637 0.041658 1.861930
v -1.002070 0.197871 1.861930
v -0.949032 0.174159 1.861930
v -0.457044 0.067991 1.861930
v -0.365597 0.031423 1.861930
v -0.471676 0.126113 1.861930
v -0.428804 0.174070 1.861930
v -0.418637 0.182479 1.861930
v -0.365597 0.221260 1.861930
v -0.316378 0.067991 1.861930
v -0.312557 0.070738 1.861930
v -0.259518 0.111961 1.861930
v -0.257273 0.121031 1.861930
v 0.005680 -0.087170 1.861930
v 0.015413 -0.038087 1.861930
v 0.058719 -0.013631 1.861930
v -0.259518 0.146053 1.861930
v -0.292972 0.174070 1.861930
v -0.312557 0.192963 1.861930
v 0.111759 -0.011462 1.861930
v -0.398615 -0.356325 1.861930
v -0.418637 -0.338724 1.861930
v -1.002070 0.227110 1.857820
v -1.108150 -0.515443 1.823130
v -0.949032 0.227110 1.855580
v -1.108150 -0.462404 1.810170
v 0.164798 0.014952 1.846580
v -1.002070 0.280149 1.856860
v -0.949032 0.280149 1.854020
v 0.111759 0.067991 1.860020
v -1.214230 -0.409364 1.820520
v -0.895992 0.227110 1.850860
v 0.164798 0.067991 1.819510
v -1.214230 -0.356325 1.809890
v 0.164798 0.121031 1.835630
v -1.161190 -0.303285 1.816890
v -0.895992 0.280149 1.847820
v -1.002070 0.333189 1.852520
v 0.217838 0.174070 1.856100
v -1.055110 -0.303285 1.816260
v -0.949032 0.333189 1.847870
v 0.270877 0.174070 1.814050
v -0.895992 0.333189 1.837690
v -1.002070 -0.303285 1.822020
v -0.842953 0.227110 1.813940
v 0.429996 0.227110 1.844710
v -0.842953 0.280149 1.810720
v 0.483035 0.227110 1.821140
v -1.055110 0.333189 1.815420
v -0.736874 -0.091127 1.817300
v 0.536075 0.333189 1.821660
v -0.683834 -0.091127 1.833570
v -0.577755 -0.091127 1.826970
v 0.536075 0.386229 1.849450
v -0.789913 -0.038087 1.815860
v -0.736874 -0.038087 1.840950
v -0.471676 -0.303285 1.814190
v 0.642154 0.439268 1.858100
v 0.695194 0.439268 1.846010
v -0.683834 -0.038087 1.843240
v -0.471676 -0.197206 1.813400
v -0.789913 0.014952 1.842130
v -0.736874 0.014952 1.858480
v -0.630795 0.014952 1.857940
v -0.365597 -0.409364 1.832870
v -0.312557 -0.409364 1.824880
v -0.471676 0.121031 1.828060
v -0.259518 -0.409364 1.819840
v -0.259518 -0.356325 1.826220
v -0.206478 -0.356325 1.845240
v -0.418637 0.227110 1.827650
v -0.153439 -0.356325 1.810960
v -0.365597 0.227110 1.856310
v -0.153439 -0.303285 1.835790
v -0.312557 0.067991 1.859470
v -0.259518 0.067991 1.839030
v -0.100399 -0.250246 1.816000
v -0.206478 0.121031 1.833260
v -0.047360 -0.197206 1.819630
v 0.005680 -0.091127 1.861510
v 0.005680 -0.144167 1.823130
v 0.058719 -0.091127 1.822130
v 0.058719 -0.038087 1.842390
v -0.842953 0.067991 1.836470
v -0.259518 0.174070 1.849960
v -0.312557 0.227110 1.840700
v -1.055110 0.227110 1.841360
v -0.206478 0.174070 1.826870
v -1.055110 0.280149 1.836060
v -0.895992 0.174070 1.847200
v 0.111759 -0.038087 1.822030
v -1.002070 -0.659217 1.861930
v -1.102860 -0.621522 1.861930
v -1.108150 -0.615126 1.861930
v 1.331670 -0.003039 1.861930
v -1.196130 -0.515443 1.861930
v 1.315950 0.014952 1.861930
v -0.896362 -0.621522 1.861930
v 1.253690 0.121031 1.861930
v -0.895992 -0.621125 1.861930
v -0.797373 -0.515443 1.861930
v 1.225590 0.174551 1.861930
v -1.214230 -0.499323 1.861930
v 1.206820 0.227110 1.861930
v -1.314960 -0.409364 1.861930
v 1.179320 0.333189 1.861930
v -1.320310 -0.399950 1.861930
v -1.366630 -0.303285 1.861930
v 1.119510 0.428618 1.861930
v -1.364190 -0.197206 1.861930
v -1.320310 -0.093782 1.861930
v -1.318750 -0.091127 1.861930
v -0.789913 -0.510675 1.861930
v -0.391151 -0.727602 1.861930
v -0.398719 -0.621522 1.861930
v -0.429078 -0.515443 1.861930
v -0.683834 -0.498128 1.861930
v -0.577755 -0.479866 1.861930
v -0.471676 -0.470023 1.861930
v -1.236860 0.014952 1.861930
v -1.214230 0.036403 1.861930
v -1.108150 0.113094 1.861930
v -1.097090 0.121031 1.861930
v -0.425929 -0.939760 1.861930
v -0.400112 -0.833681 1.861930
v -1.002070 -0.621522 1.809830
v 1.225590 0.121031 1.768330
v -1.320310 -0.303285 1.841740
v -1.320310 -0.197206 1.839460
v -1.214230 -0.091127 1.795710
v -0.789913 -0.409364 1.776670
v -0.365597 -0.727602 1.819670
v -0.365597 -0.621522 1.778710
v -0.365597 -0.515443 1.784090
v -0.683834 -0.409364 1.817020
v -0.577755 -0.409364 1.820320
v -0.471676 -0.409364 1.831020
v -1.214230 0.014952 1.839220
v 1.543830 -0.168248 1.861930
v 1.443640 -0.091127 1.861930
v 1.755980 -0.273642 1.861930
v -2.911490 -0.994160 1.861930
v -2.699340 -0.997862 1.861930
v 1.968140 -0.335735 1.861930
v -2.487180 -1.006230 1.861930
v 1.845000 -0.303285 1.861930
v 2.180300 -0.370175 1.861930
v 2.392460 -0.386492 1.861930
v 2.604620 -0.391075 1.861930
v 2.816770 -0.388900 1.861930
v 3.028930 -0.384058 1.861930
v -0.365597 -0.939760 1.810540
v 1.543830 -0.303285 1.686550
v 1.755980 -0.303285 1.820540
v 2.180300 -0.515443 1.673960
v 2.392460 -0.515443 1.695580
v 2.604620 -0.515443 1.703390
v 2.816770 -0.515443 1.703010
v 3.028930 -0.515443 1.699200
v -0.418637 -0.310822 1.914960
v -0.524716 0.048409 1.914960
v -0.432408 -0.303285 1.914960
v -0.552341 0.067991 1.914960
v 0.388767 0.333189 1.914960
v -0.365597 -0.324355 1.914960
v -0.510614 0.014952 1.914960
v 0.404367 0.386229 1.914960
v -0.577755 0.097833 1.914960
v 0.429996 0.415803 1.914960
v -0.683367 0.121031 1.914960
v 0.483035 0.425499 1.914960
v -0.630795 0.140847 1.914960
v -0.585388 0.121031 1.914960
v -0.577755 -0.114051 1.914960
v 0.512327 0.439268 1.914960
v -0.162609 -0.091127 1.914960
v -0.591287 -0.091127 1.914960
v 0.536075 0.449105 1.914960
v -0.153439 -0.084998 1.914960
v 0.589114 0.452609 1.914960
v -0.471676 -0.268343 1.914960
v -0.100399 -0.048917 1.914960
v 0.642154 0.453385 1.914960
v -0.524716 -0.173703 1.914960
v -0.082906 -0.038087 1.914960
v -0.541492 -0.144167 1.914960
v 0.695194 0.445566 1.914960
v -0.047360 -0.016772 1.914960
v -0.511284 -0.197206 1.914960
v -0.000450 0.014952 1.914960
v 0.748233 0.435488 1.914960
v 0.005680 0.031122 1.914960
v 0.018644 0.067991 1.914960
v -0.312557 -0.313479 1.914960
v -0.259518 -0.305707 1.914960
v -0.256410 -0.303285 1.914960
v -0.223072 -0.250246 1.914960
v 0.050109 0.121031 1.914960
v -0.206478 -0.206771 1.914960
v -0.203945 -0.197206 1.914960
v 0.058719 0.129025 1.914960
v -0.187458 -0.144167 1.914960
v 0.111759 0.151357 1.914960
v -0.895992 0.118825 1.914960
v 0.727972 0.439268 1.914960
v 0.142795 0.174070 1.914960
v -0.842953 0.116996 1.914960
v 0.164798 0.189557 1.914960
v -0.789913 0.108601 1.914960
v 0.217838 0.207248 1.914960
v 0.261623 0.227110 1.914960
v -0.577755 -0.052829 1.914960
v 0.270877 0.232239 1.914960
v -0.736874 0.102055 1.914960
v 0.801273 0.426759 1.914960
v 0.308026 0.280149 1.914960
v -0.683834 0.120244 1.914960
v 0.323917 0.301869 1.914960
v 0.376956 0.324326 1.914960
v -0.526689 -0.038087 1.914960
v 0.854312 0.420959 1.914960
v -0.524716 -0.036923 1.914960
v 0.907352 0.417459 1.914960
v 0.960391 0.417009 1.914960
v 1.013430 0.415462 1.914960
v -1.055110 -0.356325 1.869490
v 0.429996 0.333189 1.893610
v -0.577755 0.014952 1.872630
v -1.002070 -0.356325 1.863530
v 0.429996 0.386229 1.882160
v -0.524716 0.014952 1.896560
v -0.577755 0.067991 1.871580
v 0.483035 0.333189 1.868430
v 0.483035 0.386229 1.882950
v -0.471676 0.121031 1.880070
v 0.536075 0.439268 1.905180
v -0.630795 0.121031 1.894970
v -0.365597 -0.356325 1.875780
v 0.589114 0.439268 1.893790
v -0.153439 -0.091127 1.912570
v -0.630795 -0.091127 1.867960
v -0.577755 -0.091127 1.898270
v -0.259518 0.121031 1.863290
v -0.524716 -0.144167 1.882090
v -0.100399 -0.091127 1.893060
v -0.312557 -0.356325 1.878280
v -0.047360 -0.091127 1.873090
v -0.047360 -0.038087 1.898410
v -0.206478 -0.303285 1.881350
v 0.005680 -0.038087 1.866610
v -0.206478 -0.250246 1.904270
v 0.005680 0.014952 1.911070
v -0.153439 -0.250246 1.862170
v 0.058719 0.014952 1.889590
v -0.153439 -0.197206 1.881650
v 0.058719 0.067991 1.898050
v -0.153439 -0.144167 1.899340
v 0.058719 0.121031 1.911300
v -0.100399 -0.197206 1.864150
v -0.100399 -0.144167 1.880820
v -0.047360 -0.144167 1.866540
v 0.111759 0.014952 1.876670
v 0.111759 0.121031 1.871000
v -0.789913 0.067991 1.885110
v -0.895992 0.121031 1.882360
v 0.164798 0.174070 1.894240
v 0.270877 0.227110 1.909970
v -0.683834 0.014952 1.876790
v 0.323917 0.227110 1.877360
v -0.630795 -0.038087 1.874740
v -0.577755 -0.038087 1.875530
v 0.376956 0.227110 1.863480
v 0.323917 0.280149 1.905130
v -0.736874 0.067991 1.893060
v 0.376956 0.280149 1.888690
v -0.683834 0.067991 1.883400
v 0.429996 0.280149 1.868540
v -0.630795 0.067991 1.867010
v 0.483035 0.280149 1.866190
v -0.471676 -0.263827 1.968000
v 0.251236 0.333189 1.968000
v -0.508130 0.014952 1.968000
v 0.270877 0.344534 1.968000
v -0.418637 -0.283425 1.968000
v -0.493249 0.067991 1.968000
v -0.365597 -0.283057 1.968000
v 0.323917 0.366170 1.968000
v -0.490552 0.121031 1.968000
v -0.526320 -0.197206 1.968000
v 0.349480 0.386229 1.968000
v -0.543602 -0.144167 1.968000
v -0.789913 0.153564 1.968000
v 0.376956 0.410632 1.968000
v -0.736874 0.162673 1.968000
v -0.546520 -0.091127 1.968000
v -0.706361 0.174070 1.968000
v 0.429996 0.434866 1.968000
v -0.312557 -0.271278 1.968000
v -0.683834 0.179630 1.968000
v 0.439624 0.439268 1.968000
v -0.290824 -0.250246 1.968000
v -0.630795 0.186359 1.968000
v -0.278495 -0.197206 1.968000
v 0.483035 0.460298 1.968000
v -0.577755 0.220811 1.968000
v -0.275274 -0.144167 1.968000
v -0.271782 -0.091127 1.968000
v -0.523502 0.174070 1.968000
v 0.536075 0.467941 1.968000
v -0.524716 0.175709 1.968000
v 0.589114 0.476006 1.968000
v -0.895992 0.124058 1.968000
v -0.842953 0.136766 1.968000
v 0.642154 0.465600 1.968000
v -0.259518 -0.065631 1.968000
v 0.695194 0.450508 1.968000
v -0.206478 -0.046842 1.968000
v -0.534015 -0.038087 1.968000
v -0.178854 -0.038087 1.968000
v -0.524716 -0.017297 1.968000
v 0.748233 0.434727 1.968000
v -0.153439 -0.019622 1.968000
v 0.733843 0.439268 1.968000
v -0.100399 0.004947 1.968000
v 0.801273 0.416822 1.968000
v -0.078283 0.014952 1.968000
v 0.854312 0.408199 1.968000
v -0.075335 0.067991 1.968000
v 0.907352 0.399057 1.968000
v -0.056314 0.121031 1.968000
v -0.047360 0.130508 1.968000
v 1.013430 0.383759 1.968000
v 0.005680 0.167858 1.968000
v 0.998118 0.386229 1.968000
v 0.015807 0.174070 1.968000
v 0.960391 0.392004 1.968000
v 0.058719 0.195365 1.968000
v 0.104599 0.227110 1.968000
v 0.111759 0.230257 1.968000
v 0.164798 0.237371 1.968000
v 0.217838 0.279639 1.968000
v 0.218123 0.280149 1.968000
v -0.489130 -0.250246 1.968000
v -0.524716 -0.200489 1.968000
v -0.908727 0.121031 1.968000
v -0.524716 0.067991 1.922480
v 0.270877 0.333189 1.959770
v -0.418637 -0.303285 1.930820
v -0.577755 0.121031 1.922870
v -0.365597 -0.303285 1.942100
v -0.524716 0.121031 1.942160
v 0.323917 0.333189 1.938310
v -0.577755 -0.091127 1.915190
v 0.376956 0.333189 1.921790
v -0.789913 0.121031 1.921950
v 0.376956 0.386229 1.944720
v -0.524716 -0.197206 1.962670
v -0.736874 0.121031 1.923660
v -0.683834 0.121031 1.915560
v 0.483035 0.439268 1.935110
v -0.312557 -0.303285 1.924900
v -0.683834 0.174070 1.962170
v -0.259518 -0.303285 1.916450
v -0.630795 0.174070 1.959500
v -0.577755 0.174070 1.947290
v -0.259518 -0.250246 1.940010
v -0.259518 -0.197206 1.949760
v -0.524716 0.174070 1.966110
v -0.206478 -0.197206 1.916780
v 1.013430 0.386229 1.963240
v -0.259518 -0.144167 1.951460
v -0.259518 -0.091127 1.956410
v -0.206478 -0.091127 1.928280
v -0.206478 -0.144167 1.923380
v -0.153439 -0.038087 1.952330
v -0.100399 -0.038087 1.922580
v -0.895992 0.121031 1.947350
v -0.047360 0.014952 1.946520
v -0.842953 0.121031 1.921510
v -0.047360 0.067991 1.950330
v -0.047360 0.121031 1.962990
v 0.005680 0.067991 1.920610
v 0.005680 0.121031 1.934490
v 0.058719 0.174070 1.945530
v 0.111759 0.174070 1.933370
v 0.111759 0.227110 1.962050
v 0.164798 0.227110 1.958520
v 0.217838 0.227110 1.935030
v 0.270877 0.280149 1.936680
v -1.426390 -0.051233 1.968000
v -1.347640 0.014952 1.968000
v 1.331670 0.055241 1.968000
v -1.320310 0.033829 1.968000
v 1.275630 0.121031 1.968000
v -1.214230 0.090030 1.968000
v 1.225590 0.179501 1.968000
v -1.108150 0.112506 1.968000
v -1.002070 0.113828 1.968000
v 1.196040 0.227110 1.968000
v -1.638550 -1.006200 1.968000
v 1.126520 0.333189 1.968000
v 1.119510 0.339447 1.968000
v -0.577755 -0.982780 1.968000
v -0.554751 -0.939760 1.968000
v -1.638550 -0.693462 1.968000
v -1.532470 -0.647252 1.968000
v -1.426390 -0.630729 1.968000
v -1.320310 -0.622627 1.968000
v -1.214230 -0.644689 1.968000
v -1.108150 -0.684712 1.968000
v -1.002070 -0.662602 1.968000
v -0.921294 -0.621522 1.968000
v -0.895992 -0.607846 1.968000
v -0.789913 -0.571161 1.968000
v -0.507243 -0.833681 1.968000
v -0.489780 -0.727602 1.968000
v -0.683834 -0.624554 1.968000
v -0.713289 -0.621522 1.968000
v -0.656511 -0.621522 1.968000
v -0.577755 -0.594751 1.968000
v -0.526922 -0.621522 1.968000
v 1.331670 0.014952 1.900480
v -1.426390 -0.091127 1.941080
v -1.320310 -0.091127 1.863150
v -1.320310 0.014952 1.944420
v -1.002070 0.121031 1.905020
v -0.365597 0.121031 1.910690
v -0.471676 -0.939760 1.898050
v -1.638550 -0.621522 1.963480
v -1.532470 -0.621522 1.962580
v -1.426390 -0.621522 1.964070
v -1.638550 -0.515443 1.962380
v -1.532470 -0.515443 1.942730
v -1.426390 -0.515443 1.928610
v -1.320310 -0.621522 1.967160
v -1.214230 -0.621522 1.938050
v -1.320310 -0.515443 1.902270
v -1.214230 -0.515443 1.869340
v -1.108150 -0.621522 1.866450
v -0.789913 -0.515443 1.871950
v -1.426390 -0.409364 1.901820
v -1.320310 -0.409364 1.864730
v -1.426390 -0.303285 1.890540
v -1.426390 -0.197206 1.898650
v -0.471676 -0.833681 1.931040
v -0.471676 -0.727602 1.951340
v -0.683834 -0.621522 1.965860
v -0.683834 -0.515443 1.876970
v -0.577755 -0.515443 1.884780
v -0.471676 -0.621522 1.921850
v -0.471676 -0.515443 1.881990
v -0.524716 -0.212852 2.021040
v -0.153439 0.006989 2.021040
v -0.546545 -0.197206 2.021040
v -0.144103 0.014952 2.021040
v -0.471676 -0.241450 2.021040
v -0.149699 0.067991 2.021040
v -0.418637 -0.248483 2.021040
v -0.365597 -0.217565 2.021040
v -0.142802 0.121031 2.021040
v -0.577755 -0.166475 2.021040
v -0.047360 0.188355 2.021040
v 0.005680 0.222401 2.021040
v -0.348662 -0.197206 2.021040
v 0.012470 0.227110 2.021040
v -0.331069 -0.144167 2.021040
v 0.058719 0.280104 2.021055
v -0.324786 -0.091127 2.021040
v 0.111759 0.269769 2.021040
v -1.108150 0.128683 2.021040
v 0.123834 0.280149 2.021040
v -1.055110 0.129391 2.021040
v 0.150819 0.333189 2.021040
v -1.002070 0.125642 2.021040
v -0.949032 0.122618 2.021040
v 0.164798 0.349050 2.021040
v -0.895992 0.126027 2.021040
v 0.217838 0.383821 2.021040
v 0.223353 0.386229 2.021040
v -0.842953 0.137401 2.021040
v 0.270877 0.401465 2.021040
v -0.789913 0.160556 2.021040
v 0.323917 0.413747 2.021040
v -0.577755 -0.007438 2.021040
v 0.376956 0.420349 2.021040
v -0.556329 0.014952 2.021040
v 0.416294 0.439268 2.021040
v -0.524716 0.055136 2.021040
v 0.429996 0.448206 2.021040
v -0.519764 0.067991 2.021040
v 0.483035 0.469015 2.021040
v -0.513916 0.121031 2.021040
v -0.767115 0.174070 2.021040
v -0.736874 0.188103 2.021040
v -0.683834 0.213293 2.021040
v -0.661316 0.227110 2.021040
v -0.577755 0.200321 2.021040
v -0.626790 0.227110 2.021040
v -0.630795 0.227886 2.021040
v -0.524716 0.157752 2.021040
v -0.535085 0.174070 2.021040
v -0.312557 -0.073434 2.021040
v -0.259518 -0.050533 2.021040
v -0.230890 -0.038087 2.021040
v -0.206478 -0.021075 2.021040
v -0.100399 0.014952 1.979510
v -0.471676 -0.250246 2.003700
v -0.100399 0.067991 1.984770
v -0.100399 0.121031 1.997660
v -0.418637 -0.250246 2.018500
v -0.365597 -0.250246 1.997780
v -0.047360 0.174070 2.005810
v 0.005680 0.174070 1.973970
v -0.577755 -0.144167 2.007490
v 0.058719 0.227110 1.998620
v -0.577755 -0.091127 2.004490
v -0.312557 -0.250246 1.981330
v 0.164798 0.280149 1.990060
v -0.312557 -0.197206 1.998990
v 0.164798 0.333189 2.009940
v -0.312557 -0.144167 2.009800
v 0.217838 0.280149 1.968190
v -0.312557 -0.091127 2.013170
v 0.217838 0.333189 1.985360
v -1.108150 0.121031 2.000920
v 0.270877 0.386229 2.006790
v -1.055110 0.121031 1.994620
v 0.323917 0.386229 1.988630
v -1.002070 0.121031 2.004980
v 0.429996 0.439268 1.987570
v -0.949032 0.121031 2.013390
v -0.577755 -0.038087 2.010280
v -0.524716 0.014952 1.994440
v -0.736874 0.174070 1.993480
v -0.630795 0.227110 2.017480
v -0.524716 0.174070 2.013310
v -0.206478 -0.038087 1.991610
v -0.220480 0.014952 2.074080
v -0.524716 -0.202496 2.074080
v -0.223795 0.067991 2.074080
v -0.542519 -0.197206 2.074080
v -0.206478 0.120571 2.074080
v -0.471676 -0.208126 2.074080
v -0.206238 0.121031 2.074080
v -0.447692 -0.197206 2.074080
v -0.092828 0.227110 2.074080
v -0.577755 -0.180851 2.074080
v -0.047618 0.280149 2.074080
v -0.418637 -0.154373 2.074080
v -0.047360 0.280714 2.074080
v -0.414726 -0.144167 2.074080
v -0.007246 0.333189 2.074080
v -0.405777 -0.091127 2.074080
v 0.005680 0.339496 2.074080
v -1.108150 0.164245 2.074080
v 0.058719 0.375622 2.074080
v -1.055110 0.164935 2.074080
v -1.002070 0.158366 2.074080
v -0.949032 0.149243 2.074080
v 0.087256 0.386229 2.074080
v -0.895992 0.147034 2.074080
v 0.111759 0.402037 2.074080
v -0.842953 0.155274 2.074080
v 0.164798 0.414451 2.074080
v -0.802507 0.174070 2.074080
v 0.217838 0.422153 2.074080
v -0.789913 0.183087 2.074080
v 0.253324 0.439268 2.074080
v 0.270877 0.451448 2.074080
v -0.737432 0.014952 2.074080
v -0.736874 0.016475 2.074080
v 0.323917 0.468899 2.074080
v 0.376956 0.470532 2.074080
v -0.683834 0.054410 2.074080
v 0.429996 0.478342 2.074080
v -0.630795 0.065983 2.074080
v 0.483035 0.480824 2.074080
v -0.619711 0.067991 2.074080
v -0.577755 0.077166 2.074080
v -0.365597 -0.053753 2.074080
v -0.549285 0.121031 2.074080
v -0.741265 0.227110 2.074080
v -0.577755 0.171627 2.074080
v -0.580651 0.174070 2.074080
v -0.630795 0.220554 2.074080
v -0.644714 0.227110 2.074080
v -0.736874 0.230284 2.074080
v -0.714945 0.280149 2.074080
v -0.683834 0.296645 2.074080
v -0.673556 0.280149 2.074080
v -0.312557 -0.044421 2.074080
v -0.286190 -0.038087 2.074080
v -0.259518 -0.025090 2.074080
v -1.320310 -0.752648 2.074080
v -1.306550 -0.727602 2.074080
v -1.214230 -0.702065 2.074080
v -1.161190 -0.699518 2.074080
v -1.108150 -0.697687 2.074080
v -1.055110 -0.692189 2.074080
v -1.002070 -0.679335 2.074080
v -0.983275 -0.674562 2.074080
v -0.895992 -0.676921 2.074080
v -0.903660 -0.674562 2.074080
v -0.949032 -0.670025 2.074080
v -0.842953 -0.698594 2.074080
v -0.789913 -0.689095 2.074080
v -0.685223 -0.939760 2.074080
v -0.683834 -0.938227 2.074080
v -0.683834 -0.743306 2.074080
v -0.708417 -0.727602 2.074080
v -0.630795 -0.149105 2.074080
v -0.637507 -0.144167 2.074080
v -0.683834 -0.098792 2.074080
v -0.206478 0.014952 2.060980
v -0.418637 -0.197206 2.057080
v -0.206478 0.067991 2.061040
v -0.365597 -0.197206 2.029680
v -0.153439 0.014952 2.028460
v -0.153439 0.067991 2.023800
v -0.365597 -0.144167 2.040030
v -0.365597 -0.091127 2.046840
v -0.153439 0.121031 2.027150
v -0.047360 0.227110 2.051240
v 0.005680 0.227110 2.024240
v -0.789913 0.174070 2.060100
v -0.047360 0.280149 2.073950
v 0.005680 0.280149 2.054290
v -0.736874 0.014952 2.072750
v -0.683834 0.014952 2.035610
v 0.005680 0.333189 2.070250
v 0.058719 0.333189 2.046340
v -0.630795 0.014952 2.043620
v -0.577755 0.014952 2.031970
v -0.577755 0.067991 2.064160
v 0.111759 0.280149 2.026720
v 0.111759 0.333189 2.046030
v -0.524716 0.067991 2.026230
v -0.524716 0.121031 2.038610
v 0.111759 0.386229 2.068970
v 0.164798 0.386229 2.053370
v -0.736874 0.227110 2.071810
v -0.683834 0.227110 2.049770
v 0.217838 0.386229 2.023540
v -0.577755 0.174070 2.070940
v 0.270877 0.439268 2.061880
v -0.630795 0.227110 2.025220
v 0.323917 0.439268 2.049000
v -0.683834 0.280149 2.070030
v 0.376956 0.439268 2.047620
v -0.259518 -0.038087 2.055730
v 0.695194 0.422977 2.074080
v 0.656867 0.439268 2.074080
v 0.589114 0.461220 2.074080
v -0.691738 -0.091127 2.074080
v 0.801273 0.385845 2.074080
v 0.907352 0.357325 2.074080
v -1.426390 0.053605 2.074080
v 1.331670 0.105381 2.074080
v 1.311900 0.121031 2.074080
v -1.320310 0.108920 2.074080
v -1.294220 0.121031 2.074080
v 1.013430 0.325502 2.074080
v 0.992543 0.333189 2.074080
v -1.214230 0.149365 2.074080
v 1.119510 0.269734 2.074080
v -1.382810 -0.939760 2.074080
v 1.225590 0.184927 2.074080
v -0.153439 0.179826 2.074080
v 1.179480 0.227110 2.074080
v -1.354530 -0.833681 2.074080
v -0.627337 -0.833681 2.074080
v 0.695194 0.439268 2.007880
v -0.683834 -0.091127 2.066200
v 1.013430 0.333189 2.057370
v 1.119510 0.333189 1.974730
v -1.426390 0.014952 2.029900
v -1.214230 0.121031 2.029030
v -1.638550 -0.939760 1.973710
v -1.532470 -0.939760 2.009390
v -1.426390 -0.939760 2.052030
v -0.683834 -0.939760 2.072820
v -0.577755 -0.939760 1.986100
v -1.638550 -0.833681 1.975290
v -1.532470 -0.833681 2.002120
v -1.426390 -0.833681 2.041880
v -1.638550 -0.727602 1.970640
v -1.532470 -0.727602 1.984180
v -1.426390 -0.727602 2.007140
v -1.320310 -0.727602 2.062690
v -0.895992 -0.621522 2.006020
v -0.789913 -0.621522 2.012440
v -0.577755 -0.833681 2.015060
v -0.683834 -0.727602 2.062810
v -0.577755 -0.727602 2.012600
v -0.577755 -0.621522 1.983710
v 1.755980 -0.133942 2.074080
v 1.649840 -0.091127 2.074080
v -2.911490 -0.623744 2.074080
v 1.543830 -0.038709 2.074080
v -2.699340 -0.607836 2.074080
v -2.487180 -0.579949 2.074080
v 1.968140 -0.190464 2.074080
v 2.180300 -0.220957 2.074080
v -2.275020 -0.532199 2.074080
v -2.221110 -0.515443 2.074080
v 2.392460 -0.233547 2.074080
v 2.604620 -0.234262 2.074080
v -2.062860 -0.448912 2.074080
v -1.850700 -0.303704 2.074080
v 2.816770 -0.228334 2.074080
v -1.850170 -0.303285 2.074080
v 3.028930 -0.220304 2.074080
v -1.638550 -0.108855 2.074080
v -1.621000 -0.091127 2.074080
v 1.543830 -0.091127 1.984660
v -2.911490 -0.939760 1.890330
v 1.968140 -0.303285 1.907290
v -2.699340 -0.939760 1.890610
v 2.180300 -0.303285 1.954740
v -2.487180 -0.939760 1.891820
v 2.392460 -0.303285 1.975380
v -2.911490 -0.727602 2.009720
v -2.275020 -0.939760 1.895490
v 2.604620 -0.303285 1.979030
v -2.062860 -0.939760 1.904570
v -2.699340 -0.727602 2.003350
v 2.816770 -0.303285 1.973600
v -1.850700 -0.939760 1.924620
v 3.028930 -0.303285 1.965320
v -2.487180 -0.727602 1.993930
v -2.275020 -0.727602 1.981940
v -2.062860 -0.727602 1.969410
v -2.062860 -0.515443 2.045310
v -1.850700 -0.727602 1.961070
v -1.850700 -0.515443 2.002760
v -1.638550 -0.303285 1.987410
v -0.672477 -0.091127 2.127120
v -0.683834 -0.080803 2.127120
v -0.153439 0.346141 2.127120
v -0.901540 -0.992799 2.127120
v -0.110395 0.386229 2.127120
v -0.470716 -0.091127 2.127120
v -0.895992 -0.988766 2.127120
v -0.109693 0.439268 2.127120
v -0.418637 -0.045450 2.127120
v -0.047360 0.421723 2.127120
v -0.406171 -0.038087 2.127120
v -0.072960 0.439268 2.127120
v -0.365597 -0.021112 2.127120
v -1.214230 -0.831993 2.127120
v 0.005680 0.416987 2.127120
v -1.241490 -0.780641 2.127120
v -0.631326 0.121031 2.127120
v 0.030442 0.439268 2.127120
v -1.214230 -0.745576 2.127120
v -0.100399 0.447235 2.127120
v -0.630795 0.121593 2.127120
v -1.176360 -0.939760 2.127120
v 0.058719 0.461288 2.127120
v -0.618165 0.174070 2.127120
v -1.188760 -0.886720 2.127120
v -0.630795 0.218946 2.127120
v -1.211670 -0.833681 2.127120
v -0.634835 0.227110 2.127120
v 0.093568 0.492308 2.127120
v -1.161190 -0.747504 2.127120
v -0.789913 0.288850 2.127120
v 0.164798 0.480232 2.127120
v -0.736874 0.323462 2.127120
v 0.161497 0.492308 2.127120
v -1.108150 -0.740109 2.127120
v -0.736726 0.333189 2.127120
v 0.111759 0.499981 2.127120
v -1.055110 -0.757262 2.127120
v -0.659242 0.280149 2.127120
v -1.002070 -0.743746 2.127120
v -0.669253 0.333189 2.127120
v 0.217838 0.459297 2.127120
v -0.986691 -0.727602 2.127120
v 0.247498 0.492308 2.127120
v -0.312557 -0.032218 2.127120
v 0.270877 0.506845 2.127120
v -0.287951 0.014952 2.127120
v -0.789913 -0.809286 2.127120
v -0.833367 -0.780641 2.127120
v -0.312557 0.066718 2.127120
v 0.323917 0.513109 2.127120
v -0.330182 0.067991 2.127120
v -0.842953 -0.769686 2.127120
v 0.376956 0.510564 2.127120
v -0.861803 -0.727602 2.127120
v -0.318905 0.121031 2.127120
v 0.429996 0.505075 2.127120
v -0.949032 -0.699092 2.127120
v -0.207227 0.227110 2.127120
v 0.483035 0.496790 2.127120
v -0.895992 -0.698259 2.127120
v -0.206478 0.227813 2.127120
v -0.174323 0.280149 2.127120
v -0.759225 -0.939760 2.127120
v -0.167603 0.333189 2.127120
v -0.736874 -0.887527 2.127120
v -0.736656 -0.886720 2.127120
v -0.683834 0.347764 2.127120
v -0.715467 -0.833681 2.127120
v -0.736874 -0.801074 2.127120
v -0.577755 -0.159387 2.127120
v -0.608248 -0.144167 2.127120
v -0.630795 -0.120318 2.127120
v -0.524716 -0.155632 2.127120
v -0.502873 -0.144167 2.127120
v -0.471676 -0.092930 2.127120
v -1.108150 0.245922 2.127120
v -1.055110 0.258069 2.127120
v -1.002070 0.259165 2.127120
v -1.055110 0.327240 2.127120
v -1.091730 0.333189 2.127120
v -1.047820 0.333189 2.127120
v -0.949032 0.212660 2.127120
v -0.964503 0.227110 2.127120
v -0.895992 0.202992 2.127120
v -0.842953 0.217873 2.127120
v -0.829434 0.227110 2.127120
v -0.794839 0.280149 2.127120
v -1.081270 0.386229 2.127120
v -1.044010 0.386229 2.127120
v -1.055110 0.389997 2.127120
v -0.895992 -0.992799 2.123790
v -0.153439 0.333189 2.120540
v -0.683834 -0.091127 2.116790
v -1.320310 -0.939760 2.096970
v -0.100399 0.333189 2.107880
v -1.267270 -0.939760 2.113250
v -0.100399 0.386229 2.123550
v -1.320310 -0.886720 2.093090
v -1.267270 -0.886720 2.109600
v -0.047360 0.333189 2.087400
v -0.418637 -0.091127 2.085790
v -0.047360 0.386229 2.110980
v -1.214230 -0.939760 2.116020
v -0.365597 -0.038087 2.097670
v -0.100399 0.439268 2.126630
v -1.214230 -0.886720 2.113520
v -1.320310 -0.833681 2.088900
v 0.005680 0.386229 2.110170
v -1.267270 -0.833681 2.110170
v 0.058719 0.386229 2.082100
v -1.214230 -0.833681 2.126000
v -0.789913 0.227110 2.106140
v -1.320310 -0.780641 2.080910
v 0.058719 0.439268 2.110840
v -1.267270 -0.780641 2.108270
v -1.267270 -0.727602 2.095900
v -1.214230 -0.727602 2.105600
v -1.161190 -0.727602 2.115340
v -1.108150 -0.727602 2.113650
v -1.055110 -0.727602 2.110670
v 0.111759 0.439268 2.090660
v -1.002070 -0.727602 2.117700
v -0.789913 -0.780641 2.105700
v -0.842953 -0.727602 2.100640
v -0.630795 0.121031 2.126720
v 0.164798 0.439268 2.092420
v -0.789913 -0.727602 2.094290
v 0.217838 0.439268 2.108960
v -0.949032 -0.674562 2.082000
v 0.111759 0.492308 2.120940
v 0.270877 0.492308 2.109890
v -0.736874 -0.939760 2.112710
v -0.577755 0.121031 2.101330
v -0.683834 -0.886720 2.097030
v -0.683834 -0.833681 2.106260
v 0.323917 0.492308 2.097790
v -0.789913 0.280149 2.123980
v -0.736874 -0.780641 2.109640
v -0.736874 0.280149 2.097420
v 0.376956 0.492308 2.098590
v -0.683834 -0.780641 2.087480
v -0.683834 0.333189 2.101720
v -0.736874 -0.727602 2.081390
v 0.429996 0.492308 2.097610
v -0.630795 -0.144167 2.094950
v 0.483035 0.492308 2.112860
v -0.312557 -0.038087 2.108590
v -0.524716 -0.197206 2.080880
v -0.259518 0.014952 2.096090
v -0.471676 -0.197206 2.084330
v -0.471676 -0.144167 2.112780
v -0.312557 0.067991 2.125800
v -0.418637 -0.144167 2.077090
v -0.259518 0.067991 2.098090
v -0.312557 0.121031 2.125080
v -1.108150 0.174070 2.083610
v -1.055110 0.174070 2.082240
v -1.002070 0.174070 2.089000
v -0.259518 0.121031 2.108380
v -1.108150 0.227110 2.119020
v -1.055110 0.227110 2.118070
v -1.002070 0.227110 2.110140
v -0.206478 0.121031 2.074300
v -1.055110 0.333189 2.125430
v -0.949032 0.174070 2.098960
v -0.206478 0.227110 2.126750
v -0.895992 0.174070 2.102820
v -0.153439 0.227110 2.101750
v -0.153439 0.280149 2.115830
v -0.842953 0.174070 2.093990
v -0.100399 0.227110 2.077450
v -1.055110 0.386229 2.124300
v -0.100399 0.280149 2.096990
v -0.827313 0.333189 2.180160
v -0.153439 0.527361 2.180160
v -0.789913 0.372499 2.180160
v -1.011840 -0.992799 2.180160
v -0.100399 0.532804 2.180160
v -1.108150 -0.979604 2.180160
v -0.047360 0.518321 2.180160
v -0.630795 -0.066171 2.180160
v -1.055110 -0.968813 2.180160
v 0.005680 0.456338 2.180160
v -0.672596 -0.038087 2.180160
v -1.002070 -0.990138 2.180160
v -0.041149 0.492308 2.180160
v -1.039110 -0.939760 2.180160
v -0.577755 -0.071855 2.180160
v 0.035516 0.492308 2.180160
v -0.683834 -0.023038 2.180160
v 0.058719 0.518853 2.180160
v -0.960585 -0.939760 2.180160
v -0.524716 -0.052292 2.180160
v -1.002070 -0.902607 2.180160
v -0.491481 -0.038087 2.180160
v 0.111759 0.526890 2.180160
v -1.161190 -0.810321 2.180160
v -0.471676 -0.029378 2.180160
v 0.164798 0.513700 2.180160
v -0.430996 0.014952 2.180160
v -1.211550 -0.780641 2.180160
v 0.217838 0.518039 2.180160
v -1.123770 -0.780641 2.180160
v -0.365597 -0.031830 2.180160
v 0.270877 0.534192 2.180160
v -1.161190 -0.756405 2.180160
v -0.412258 0.014952 2.180160
v -0.418637 0.015401 2.180160
v 0.323917 0.540612 2.180160
v -0.789913 -0.928613 2.180160
v -0.365597 0.053595 2.180160
v -0.795050 -0.886720 2.180160
v 0.376956 0.536363 2.180160
v -0.409775 0.067991 2.180160
v -0.842953 -0.844369 2.180160
v 0.429996 0.526916 2.180160
v -0.891371 -0.833681 2.180160
v -0.418637 0.120800 2.180160
v 0.483035 0.515586 2.180160
v -0.949032 -0.787805 2.180160
v -0.427707 0.121031 2.180160
v -0.956390 -0.780641 2.180160
v -0.924814 -0.780641 2.180160
v -0.949032 -0.777907 2.180160
v -0.667617 0.121031 2.180160
v -0.646525 0.174070 2.180160
v -0.842953 -0.812889 2.180160
v -0.640559 0.227110 2.180160
v -0.789913 -0.830043 2.180160
v -0.763238 -0.886720 2.180160
v -0.764903 -0.833681 2.180160
v -0.647994 0.280149 2.180160
v -0.670097 0.333189 2.180160
v -1.002070 0.298321 2.180160
v -0.370643 0.227110 2.180160
v -1.028220 0.333189 2.180160
v -0.365597 0.231284 2.180160
v -0.949032 0.265565 2.180160
v -0.987486 0.280149 2.180160
v -0.348211 0.014952 2.180160
v -0.895992 0.273542 2.180160
v -0.873811 0.280149 2.180160
v -0.312557 0.241252 2.180160
v -0.842953 0.304013 2.180160
v -0.265064 0.280149 2.180160
v -0.259518 0.296716 2.180160
v -1.108150 0.367460 2.180160
v -0.252580 0.333189 2.180160
v -1.055110 0.376585 2.180160
v -0.776466 0.386229 2.180160
v -0.754434 0.439268 2.180160
v -0.683834 0.411339 2.180160
v -0.698904 0.439268 2.180160
v -0.673289 0.386229 2.180160
v -0.736874 0.452790 2.180160
v -0.212714 0.386229 2.180160
v -0.216853 0.439268 2.180160
v -0.206478 0.486345 2.180160
v -0.203465 0.492308 2.180160
v -0.683834 0.086837 2.180160
v -0.153439 0.386229 2.144280
v -1.002070 -0.992799 2.175750
v -0.153439 0.439268 2.140570
v -1.108150 -0.939760 2.158610
v -0.047360 0.439268 2.163220
v -1.055110 -0.939760 2.165800
v 0.005680 0.439268 2.159090
v -0.789913 0.333189 2.149300
v -0.153439 0.492308 2.158180
v -0.100399 0.492308 2.136770
v -0.949032 -0.992799 2.154740
v -0.047360 0.492308 2.173090
v -0.630795 -0.091127 2.159060
v -0.949032 -0.939760 2.164630
v -0.683834 -0.038087 2.170380
v -0.895992 -0.939760 2.156760
v 0.058719 0.492308 2.156840
v -0.577755 -0.091127 2.170890
v -1.214230 -0.780641 2.173460
v -0.524716 -0.091127 2.157580
v 0.164798 0.492308 2.147190
v -0.471676 -0.091127 2.127720
v 0.217838 0.492308 2.150050
v -0.471676 -0.038087 2.167220
v -1.161190 -0.939760 2.134500
v -1.161190 -0.886720 2.142400
v -0.418637 -0.038087 2.132690
v -1.108150 -0.886720 2.148680
v -1.161190 -0.833681 2.145580
v -0.418637 0.014952 2.179980
v -1.108150 -0.833681 2.147170
v -1.055110 -0.886720 2.155300
v -0.365597 0.067991 2.134950
v -1.002070 -0.886720 2.170340
v -1.055110 -0.833681 2.167440
v -0.418637 0.121031 2.169880
v -1.002070 -0.833681 2.171950
v -0.365597 0.121031 2.143220
v -1.108150 -0.780641 2.166500
v -0.630795 0.174070 2.148850
v -1.055110 -0.780641 2.137110
v -1.002070 -0.780641 2.144970
v -0.736874 0.333189 2.135500
v -0.949032 -0.886720 2.164190
v -0.895992 -0.886720 2.172070
v -0.365597 0.227110 2.177670
v -0.949032 -0.833681 2.163670
v -0.895992 -0.833681 2.174330
v -0.312557 0.014952 2.142150
v -0.842953 -0.939760 2.161320
v -0.842953 -0.886720 2.177730
v -0.789913 -0.939760 2.151110
v -0.312557 0.227110 2.172370
v -0.895992 -0.780641 2.152570
v -0.259518 0.227110 2.151260
v -0.949032 -0.727602 2.143360
v -0.259518 0.280149 2.177460
v -0.895992 -0.727602 2.145580
v -0.206478 0.280149 2.145510
v -0.842953 -0.780641 2.131380
v -0.206478 0.333189 2.151210
v -0.736874 0.386229 2.155960
v -0.683834 0.386229 2.161310
v -0.736874 -0.886720 2.127290
v -0.736874 0.439268 2.171570
v -0.736874 -0.833681 2.166610
v -0.206478 0.386229 2.176430
v -0.577755 -0.144167 2.154180
v -0.206478 0.439268 2.174090
v -0.524716 -0.144167 2.135030
v -1.108150 0.280149 2.140110
v -1.055110 0.280149 2.130320
v -1.002070 0.280149 2.162190
v -1.108150 0.333189 2.161460
v -0.949032 0.227110 2.137420
v -0.895992 0.227110 2.141730
v -0.842953 0.227110 2.132020
v -0.842953 0.280149 2.167140
v -1.055110 0.386229 2.149500
v -1.426390 0.150558 2.180160
v 0.589114 0.485451 2.180160
v -1.320310 0.207536 2.180160
v 0.695194 0.445162 2.180160
v -1.287140 0.227110 2.180160
v -1.214230 0.265337 2.180160
v 0.801273 0.408139 2.180160
v 0.709834 0.439268 2.180160
v -1.172360 0.333189 2.180160
v 0.907352 0.378260 2.180160
v -0.699183 0.014952 2.180160
v 1.119510 0.304549 2.180160
v 1.057010 0.333189 2.180160
v 1.331670 0.159791 2.180160
v 1.233760 0.227110 2.180160
v 1.225590 0.234012 2.180160
v 1.013430 0.346948 2.180160
v -1.426390 0.121031 2.150640
v 0.695194 0.439268 2.170910
v -1.320310 0.121031 2.089450
v -1.214230 0.227110 2.148230
v 1.013430 0.333189 2.177810
v 1.225590 0.227110 2.171370
v 1.331670 0.121031 2.101540
v -0.949032 -0.835588 2.233200
v -0.577755 -0.033593 2.233200
v -0.964958 -0.833681 2.233200
v -0.524716 -0.028554 2.233200
v -0.917758 -0.833681 2.233200
v -0.471676 -0.016021 2.233200
v -0.949032 -0.829298 2.233200
v -0.217801 0.545347 2.233200
v -0.418637 -0.029465 2.233200
v -0.206478 0.547306 2.233200
v -1.002070 0.375740 2.233200
v -0.406998 0.014952 2.233200
v -1.014650 0.386229 2.233200
v -0.153439 0.553874 2.233200
v -0.471676 0.062391 2.233200
v -1.108150 0.414216 2.233200
v -0.478894 0.067991 2.233200
v -1.055110 0.406127 2.233200
v -0.100399 0.555994 2.233200
v -0.500454 0.121031 2.233200
v -0.949032 0.337149 2.233200
v -0.047360 0.554420 2.233200
v -0.418637 0.036166 2.233200
v -0.895992 0.339675 2.233200
v -0.842953 0.379552 2.233200
v 0.005680 0.549751 2.233200
v -0.837371 0.386229 2.233200
v -0.676049 0.121031 2.233200
v 0.058719 0.556527 2.233200
v -0.789913 0.428476 2.233200
v -0.660669 0.174070 2.233200
v -0.648647 0.227110 2.233200
v -0.630795 -0.032245 2.233200
v -0.649429 0.280149 2.233200
v 0.111759 0.558602 2.233200
v -0.681576 0.014952 2.233200
v -0.647435 0.333189 2.233200
v 0.164798 0.559312 2.233200
v -0.683834 0.028700 2.233200
v -0.486882 0.174070 2.233200
v 0.217838 0.561115 2.233200
v -0.471676 0.198334 2.233200
v 0.270877 0.562360 2.233200
v -0.449556 0.227110 2.233200
v -0.683834 0.084334 2.233200
v -0.418637 0.251296 2.233200
v 0.323917 0.569650 2.233200
v -0.373734 0.280149 2.233200
v -0.365597 0.286672 2.233200
v 0.376956 0.587613 2.233200
v -0.343155 0.333189 2.233200
v -0.771009 0.439268 2.233200
v -0.673316 0.386229 2.233200
v -0.682428 0.439268 2.233200
v -0.736874 0.454498 2.233200
v -0.683834 0.442865 2.233200
v -0.316860 0.386229 2.233200
v -0.312557 0.394128 2.233200
v -0.298809 0.439268 2.233200
v -0.302707 0.492308 2.233200
v -0.259518 0.534506 2.233200
v -0.577755 -0.038087 2.215560
v -0.153439 0.545347 2.213060
v -0.524716 -0.038087 2.201080
v -0.100399 0.545347 2.206270
v -0.418637 0.014952 2.180840
v -0.047360 0.545347 2.209330
v -1.108150 -0.992799 2.194340
v -0.365597 0.014952 2.199500
v -1.055110 -0.992799 2.196190
v -0.471676 0.067991 2.227080
v -1.002070 -0.939760 2.193970
v -0.471676 0.121031 2.213760
v 0.005680 0.492308 2.193530
v -0.418637 0.067991 2.185250
v 0.005680 0.545347 2.228100
v 0.058719 0.545347 2.217330
v -0.206478 0.545347 2.230380
v -0.471676 0.174070 2.226410
v -0.418637 0.227110 2.216820
v -0.365597 0.280149 2.228620
v 0.111759 0.545347 2.209630
v 0.164798 0.545347 2.213800
v -1.161190 -0.780641 2.191860
v 0.217838 0.545347 2.209790
v -0.312557 0.280149 2.197280
v -0.312557 0.333189 2.210400
v -0.949032 -0.833681 2.214340
v -0.259518 0.333189 2.184840
v -0.789913 -0.886720 2.213550
v -0.842953 -0.833681 2.199700
v -0.789913 0.386229 2.194550
v -0.789913 -0.833681 2.186200
v -0.683834 0.439268 2.225280
v -0.949032 -0.780641 2.181600
v -1.002070 0.333189 2.200860
v -0.949032 0.280149 2.192470
v -0.895992 0.280149 2.186080
v -0.949032 0.333189 2.230020
v -0.312557 0.386229 2.230350
v -0.895992 0.333189 2.228230
v -0.259518 0.386229 2.203300
v -0.842953 0.333189 2.197120
v -0.259518 0.439268 2.208040
v -0.259518 0.492308 2.212730
v -1.108150 0.386229 2.194930
v -1.055110 0.386229 2.194430
v -0.206478 0.492308 2.182320
v -0.630795 -0.038087 2.217140
v -0.683834 0.014952 2.222380
v 0.270877 0.545347 2.199270
v 0.323917 0.545347 2.189710
v 0.376956 0.545347 2.192870
v -0.577755 -0.044480 2.286240
v -1.108150 0.435590 2.286240
v -0.524716 -0.038723 2.286240
v -1.055110 0.427059 2.286240
v -0.521478 -0.038087 2.286240
v -1.002070 0.424222 2.286240
v -0.351084 0.545347 2.286240
v -0.489083 0.014952 2.286240
v -0.949032 0.427328 2.286240
v -0.312557 0.562217 2.286240
v -0.895992 0.435320 2.286240
v -0.524716 0.058849 2.286240
v -0.259518 0.581225 2.286240
v -0.538003 0.067991 2.286240
v -0.885937 0.439268 2.286240
v -0.206478 0.578660 2.286240
v -0.562203 0.121031 2.286240
v -0.842953 0.459583 2.286240
v -0.153439 0.575674 2.286240
v -0.789913 0.476142 2.286240
v -0.662457 0.121031 2.286240
v -0.100399 0.579285 2.286240
v -0.656366 0.174070 2.286240
v -0.683834 -0.044479 2.286240
v -0.047360 0.582959 2.286240
v -0.668225 -0.038087 2.286240
v -0.646379 0.227110 2.286240
v -0.598068 -0.038087 2.286240
v 0.005680 0.590368 2.286240
v -0.683834 -0.028407 2.286240
v -0.630795 -0.016640 2.286240
v -0.634295 0.280149 2.286240
v -0.658679 0.014952 2.286240
v 0.056462 0.598387 2.286240
v -0.644758 0.333189 2.286240
v -0.663279 0.067991 2.286240
v -0.562183 0.174070 2.286240
v 0.058719 0.598695 2.286240
v -0.543171 0.227110 2.286240
v -0.524716 0.248672 2.286240
v -0.493674 0.280149 2.286240
v 0.111759 0.606188 2.286240
v -0.471676 0.316002 2.286240
v 0.164798 0.615550 2.286240
v -0.464013 0.333189 2.286240
v -0.683834 0.432455 2.286240
v -0.687754 0.439268 2.286240
v 0.217838 0.626279 2.286240
v -0.660261 0.386229 2.286240
v 0.270877 0.638637 2.286240
v -0.758536 0.492308 2.286240
v -0.713221 0.492308 2.286240
v 0.323917 0.647155 2.286240
v -0.739120 0.545347 2.286240
v 0.346430 0.651426 2.286240
v -0.710969 0.545347 2.286240
v -0.435801 0.386229 2.286240
v -0.418637 0.400098 2.286240
v -0.381379 0.439268 2.286240
v -0.366465 0.492308 2.286240
v -0.365597 0.500014 2.286240
v -0.736874 0.546335 2.286240
v -0.949032 -0.833681 2.236870
v -0.312557 0.545347 2.265940
v -0.259518 0.545347 2.243410
v -0.577755 -0.038087 2.251050
v 0.058719 0.598387 2.285830
v -1.002070 0.386229 2.240400
v -0.524716 -0.038087 2.282210
v 0.111759 0.598387 2.278520
v -0.949032 0.386229 2.261350
v -0.471676 0.014952 2.257840
v 0.164798 0.598387 2.273270
v -0.895992 0.386229 2.255880
v -0.418637 0.014952 2.241770
v 0.217838 0.598387 2.267810
v -0.842953 0.386229 2.236910
v 0.270877 0.598387 2.263750
v -0.842953 0.439268 2.266280
v -0.524716 0.067991 2.273910
v -0.789913 0.439268 2.244950
v 0.323917 0.598387 2.255870
v -0.524716 0.121031 2.255900
v 0.376956 0.598387 2.240410
v -0.683834 -0.038087 2.283460
v 0.376956 0.651426 2.281500
v -0.683834 0.067991 2.239920
v -0.524716 0.174070 2.257670
v -0.524716 0.227110 2.274860
v -0.471676 0.227110 2.245330
v -0.471676 0.280149 2.273800
v -0.418637 0.280149 2.249500
v -0.418637 0.333189 2.266840
v -0.365597 0.333189 2.250140
v -0.683834 0.439268 2.254480
v -0.736874 0.492308 2.281100
v -0.736874 0.545347 2.284970
v -0.418637 0.386229 2.280300
v -0.365597 0.386229 2.264730
v -0.365597 0.439268 2.277230
v -0.365597 0.492308 2.285650
v -0.312557 0.439268 2.242390
v -0.312557 0.492308 2.239640
v -1.426390 0.324296 2.286240
v 0.376956 0.655580 2.286240
v -1.420090 0.333189 2.286240
v 0.483035 0.660497 2.286240
v 1.361410 0.545347 2.286240
v -1.364470 0.439268 2.286240
v 0.589114 0.662126 2.286240
v -1.320310 0.472815 2.286240
v 1.331670 0.588420 2.286240
v 0.695194 0.659662 2.286240
v -1.214230 0.473279 2.286240
v 0.907352 0.650703 2.286240
v -1.118050 0.439268 2.286240
v 0.821883 0.651426 2.286240
v 0.801273 0.652533 2.286240
v 1.331670 0.320192 2.286240
v 1.327950 0.333189 2.286240
v 1.327170 0.439268 2.286240
v 1.331670 0.505783 2.286240
v 0.920060 0.651426 2.286240
v 1.013430 0.656661 2.286240
v 1.119510 0.656079 2.286240
v 1.225590 0.639627 2.286240
v 1.165650 0.651426 2.286240
v 1.331670 0.545347 2.231490
v 0.483035 0.545347 2.204540
v -1.426390 0.227110 2.239650
v 0.483035 0.651426 2.277110
v -1.320310 0.227110 2.194780
v 0.589114 0.545347 2.215220
v -1.320310 0.333189 2.245330
v 0.695194 0.545347 2.216980
v -1.214230 0.333189 2.217230
v 0.801273 0.439268 2.204410
v 0.907352 0.439268 2.222490
v -1.320310 0.439268 2.244380
v 0.801273 0.545347 2.228680
v -1.214230 0.439268 2.224720
v 0.907352 0.545347 2.239060
v 0.589114 0.651426 2.274710
v 0.695194 0.651426 2.276030
v 0.801273 0.651426 2.284960
v 1.119510 0.333189 2.204840
v 1.331670 0.227110 2.250620
v 1.225590 0.333189 2.242300
v 1.013430 0.439268 2.230460
v 1.119510 0.439268 2.236180
v 1.013430 0.545347 2.230750
v 1.119510 0.545347 2.221170
v 1.225590 0.439268 2.248210
v 1.225590 0.545347 2.232010
v 1.013430 0.651426 2.280450
v 1.119510 0.651426 2.280100
v -2.911490 -0.325485 2.286240
v 3.028930 -0.062443 2.286240
v 1.543830 0.100574 2.286240
v -2.699340 -0.303724 2.286240
v -2.696030 -0.303285 2.286240
v 1.511850 0.121031 2.286240
v -2.487180 -0.266173 2.286240
v 1.755980 0.006480 2.286240
v -2.275020 -0.206187 2.286240
v -2.062860 -0.117937 2.286240
v -2.009740 -0.091127 2.286240
v 1.968140 -0.049797 2.286240
v -1.850700 -0.002238 2.286240
v 2.180300 -0.078144 2.286240
v -1.654470 0.121031 2.286240
v 2.392460 -0.087224 2.286240
v -1.638550 0.131270 2.286240
v 2.604620 -0.083916 2.286240
v 2.816770 -0.073977 2.286240
v 1.755980 -0.091127 2.140140
v 3.028930 -0.091127 2.247110
v -2.911490 -0.515443 2.146030
v 1.968140 -0.091127 2.223870
v -2.699340 -0.515443 2.133010
v 2.180300 -0.091127 2.266710
v -2.487180 -0.515443 2.112290
v 2.392460 -0.091127 2.280480
v 2.604620 -0.091127 2.275880
v -2.487180 -0.303285 2.257200
v 2.816770 -0.091127 2.262260
v -2.275020 -0.515443 2.082820
v -2.275020 -0.303285 2.212520
v -2.062860 -0.303285 2.151070
v -1.850700 -0.303285 2.074270
v -1.850700 -0.091127 2.208400
v -1.638550 -0.091127 2.086290
v -1.638550 0.121031 2.276670
v -1.002070 0.424803 2.339280
v -0.949032 0.438586 2.339280
v -0.945997 0.439268 2.339280
v -0.630795 -0.029869 2.339280
v -0.657995 0.014952 2.339280
v -0.588546 0.014952 2.339280
v -0.630961 0.067991 2.339280
v -0.611892 0.067991 2.339280
v -0.630795 0.068543 2.339280
v -0.630795 0.204415 2.339280
v -0.636902 0.227110 2.339280
v -0.601032 0.227110 2.339280
v -0.648680 0.280149 2.339280
v -0.587177 0.280149 2.339280
v -0.630795 0.307866 2.339280
v -0.577755 0.345624 2.339280
v -0.622965 0.386229 2.339280
v -0.630795 0.413276 2.339280
v -0.642101 0.439268 2.339280
v -0.789913 0.521290 2.339280
v -0.736874 0.527284 2.339280
v -0.686163 0.545347 2.339280
v -0.663195 0.492308 2.339280
v -0.675737 0.545347 2.339280
v -0.565818 0.386229 2.339280
v -0.524716 0.419871 2.339280
v -0.504927 0.439268 2.339280
v -0.481389 0.492308 2.339280
v -0.472778 0.545347 2.339280
v -0.683834 0.550252 2.339280
v -0.471676 0.546240 2.339280
v -0.418637 0.568552 2.339280
v -0.365597 0.575931 2.339280
v -0.312557 0.584493 2.339280
v -0.259518 0.595236 2.339280
v -0.895992 0.439268 2.294900
v -0.683834 -0.038087 2.303660
v -0.577755 -0.038087 2.315990
v -0.577755 0.014952 2.320530
v -0.577755 0.067991 2.305780
v -0.630795 0.121031 2.333010
v -0.577755 0.121031 2.295750
v -0.524716 -0.038087 2.287420
v -0.524716 0.014952 2.303230
v -0.630795 0.174070 2.333600
v -0.577755 0.174070 2.296160
v -0.577755 0.227110 2.301470
v -0.577755 0.280149 2.318080
v -0.630795 0.333189 2.302360
v -0.577755 0.333189 2.338440
v -0.524716 0.280149 2.299720
v -0.524716 0.333189 2.315410
v -0.471676 0.333189 2.290250
v -0.683834 0.439268 2.292860
v -0.630795 0.386229 2.325910
v -0.789913 0.492308 2.305450
v -0.683834 0.492308 2.306230
v -0.736874 0.545347 2.289010
v -0.683834 0.545347 2.324780
v -0.524716 0.386229 2.323680
v -0.471676 0.386229 2.301140
v -0.471676 0.439268 2.323660
v -0.418637 0.439268 2.301580
v -0.471676 0.492308 2.334850
v -0.471676 0.545347 2.338890
v -0.418637 0.492308 2.313170
v -0.418637 0.545347 2.320890
v -0.365597 0.545347 2.296110
v -1.002070 0.420342 2.392320
v -0.962373 0.439268 2.392320
v -0.630795 0.331068 2.392320
v -0.650510 0.333189 2.392320
v -0.627369 0.333189 2.392320
v -0.630795 0.358407 2.392320
v -0.630795 0.390029 2.392320
v -0.654783 0.439268 2.392320
v -0.596538 0.439268 2.392320
v -0.683834 0.540908 2.392320
v -0.688261 0.545347 2.392320
v -0.663744 0.492308 2.392320
v -0.597033 0.492308 2.392320
v -0.594333 0.545347 2.392320
v -0.789913 0.559382 2.392320
v -0.736874 0.566605 2.392320
v -0.577755 0.567801 2.392320
v -0.524716 0.586173 2.392320
v -0.471676 0.595850 2.392320
v -0.444406 0.598387 2.392320
v -0.418637 0.600310 2.392320
v -0.365597 0.605232 2.392320
v -0.312557 0.607735 2.392320
v -0.259518 0.610963 2.392320
v -0.949032 0.439268 2.346840
v -0.630795 0.014952 2.358720
v -0.630795 0.067991 2.339320
v -0.630795 0.227110 2.341590
v -0.630795 0.280149 2.354910
v -0.630795 0.333189 2.389040
v -0.577755 0.386229 2.341900
v -0.577755 0.439268 2.374630
v -0.789913 0.545347 2.370510
v -0.736874 0.545347 2.371310
v -0.683834 0.545347 2.376910
v -0.577755 0.492308 2.379290
v -0.577755 0.545347 2.382730
v -0.524716 0.439268 2.347090
v -0.524716 0.492308 2.356800
v -0.524716 0.545347 2.361840
v -0.418637 0.598387 2.388680
v -0.365597 0.598387 2.376720
v -0.312557 0.598387 2.368960
v -0.259518 0.598387 2.350920
v -0.153439 0.638412 2.392320
v -0.126975 0.651426 2.392320
v -0.047360 0.684181 2.392320
v -1.525290 0.333189 2.392320
v 0.058719 0.691911 2.392320
v -1.426390 0.407536 2.392320
v 0.164798 0.685368 2.392320
v 0.270877 0.673960 2.392320
v -1.378070 0.439268 2.392320
v 0.483035 0.650101 2.392320
v -1.214230 0.429026 2.392320
v 0.468660 0.651426 2.392320
v -1.237570 0.439268 2.392320
v 0.376956 0.660293 2.392320
v -1.320310 0.452052 2.392320
v 0.589114 0.639720 2.392320
v 0.695194 0.631052 2.392320
v -1.108150 0.410646 2.392320
v 0.801273 0.626575 2.392320
v 0.907352 0.629163 2.392320
v -0.895992 0.495044 2.392320
v -0.834724 0.545347 2.392320
v 1.331670 0.491545 2.392320
v 1.284610 0.545347 2.392320
v 1.013430 0.628614 2.392320
v 1.119510 0.617722 2.392320
v 1.225590 0.585594 2.392320
v 1.427880 0.333189 2.392320
v 1.372400 0.439268 2.392320
v -0.047360 0.651426 2.359030
v 0.058719 0.651426 2.335820
v -1.426390 0.333189 2.291180
v 0.164798 0.651426 2.322040
v -1.214230 0.439268 2.361410
v 0.270877 0.651426 2.304420
v 0.483035 0.651426 2.316860
v 0.589114 0.651426 2.298260
v 0.695194 0.651426 2.292240
v 0.801273 0.651426 2.287480
v 1.331670 0.333189 2.289030
v 1.331670 0.439268 2.291680
v 1.331670 0.545347 2.374010
v 1.013430 0.651426 2.291520
v 1.119510 0.651426 2.288620
v -0.789913 0.589618 2.445360
v -0.736874 0.593963 2.445360
v -0.683834 0.591298 2.445360
v -0.630795 0.591459 2.445360
v -0.610961 0.598387 2.445360
v -0.577755 0.606016 2.445360
v -0.524716 0.613119 2.445360
v -0.471676 0.617769 2.445360
v -0.418637 0.622381 2.445360
v -0.365597 0.625769 2.445360
v -0.630795 0.333189 2.393330
v -0.630795 0.439268 2.403440
v -0.683834 0.545347 2.398700
v -0.630795 0.492308 2.410740
v -0.630795 0.545347 2.419880
v -0.577755 0.598387 2.430590
v -0.524716 0.598387 2.412590
v -0.471676 0.598387 2.397130
v -0.789913 0.607098 2.498400
v -0.736874 0.612278 2.498400
v -0.683834 0.617257 2.498400
v -0.630795 0.623598 2.498400
v -0.577755 0.629197 2.498400
v -0.524716 0.633624 2.498400
v -0.471676 0.638626 2.498400
v -0.418637 0.647936 2.498400
v -0.400214 0.651426 2.498400
v -0.789913 0.598387 2.467540
v -0.736874 0.598387 2.455650
v -0.683834 0.598387 2.455580
v -0.630795 0.598387 2.451260
v -0.365597 0.651426 2.487170
v -0.153439 0.701180 2.498400
v -1.638550 0.335185 2.498400
v -0.047360 0.687682 2.498400
v -1.532470 0.407150 2.498400
v 0.058719 0.670725 2.498400
v -1.472610 0.439268 2.498400
v -1.426390 0.452144 2.498400
v 0.270877 0.628073 2.498400
v 0.172162 0.651426 2.498400
v -1.320310 0.459553 2.498400
v -1.214230 0.468682 2.498400
v 0.164798 0.653278 2.498400
v -1.108150 0.465366 2.498400
v 0.376956 0.608401 2.498400
v -1.002070 0.536587 2.498400
v 0.483035 0.585461 2.498400
v -0.993904 0.545347 2.498400
v 0.589114 0.573903 2.498400
v -0.895992 0.599476 2.498400
v 0.695194 0.561277 2.498400
v 0.801273 0.559316 2.498400
v -0.365597 0.660502 2.498400
v 0.907352 0.557249 2.498400
v -0.259518 0.693585 2.498400
v 1.119510 0.540070 2.498400
v 1.086900 0.545347 2.498400
v 1.331670 0.432841 2.498400
v 1.314450 0.439268 2.498400
v 1.225590 0.487588 2.498400
v 1.013430 0.550050 2.498400
v 1.437750 0.378895 2.498400
v 1.511800 0.333189 2.498400
v -0.153439 0.651426 2.406640
v -1.638550 0.333189 2.496290
v -1.532470 0.333189 2.400500
v -1.426390 0.439268 2.468690
v 0.270877 0.651426 2.462550
v -1.214230 0.439268 2.427700
v 0.376956 0.651426 2.409580
v -1.108150 0.439268 2.462490
v -1.002070 0.439268 2.427690
v 1.119510 0.545347 2.488620
v -0.895992 0.545347 2.428200
v 1.331670 0.439268 2.490150
v 1.225590 0.545347 2.429190
v -0.259518 0.651426 2.444880
v 1.437750 0.333189 2.404500
v 3.028930 0.091863 2.498400
v -2.911490 -0.081215 2.498400
v -2.699340 -0.064413 2.498400
v 1.543830 0.301496 2.498400
v -2.487180 -0.033412 2.498400
v -2.275020 0.017080 2.498400
v 1.755980 0.166361 2.498400
v -2.062860 0.091906 2.498400
v -1.997050 0.121031 2.498400
v -1.850700 0.195434 2.498400
v -1.641460 0.333189 2.498400
v 1.968140 0.098593 2.498400
v 1.883630 0.121031 2.498400
v 2.180300 0.067425 2.498400
v 2.392460 0.058910 2.498400
v 2.604620 0.064331 2.498400
v 2.816770 0.077210 2.498400
v 1.543830 0.121031 2.309960
v 1.755980 0.121031 2.441630
v -2.911490 -0.303285 2.303930
v -2.911490 -0.091127 2.489040
v -2.699340 -0.303285 2.286590
v -2.699340 -0.091127 2.472460
v -2.487180 -0.091127 2.440710
v -2.275020 -0.091127 2.387680
v -2.062860 -0.091127 2.309690
v -1.850700 0.121031 2.414360
v -1.320310 0.602656 2.551440
v -1.304240 0.651426 2.551440
v -1.320310 0.667636 2.551440
v -1.320310 0.651426 2.543620
v -1.267270 0.578108 2.604480
v -1.299860 0.598387 2.604480
v -1.214230 0.548477 2.604480
v -1.320310 0.626185 2.604480
v -1.183060 0.598387 2.604480
v -1.161190 0.616519 2.604480
v -1.108150 0.615670 2.604480
v -1.320310 0.545347 2.571120
v -1.267270 0.545347 2.577250
v -1.320310 0.598387 2.592590
v -1.214230 0.545347 2.602560
v -1.320310 0.651426 2.572760
v -1.161190 0.545347 2.570030
v -1.161190 0.598387 2.593790
v -1.108150 0.545347 2.554430
v -1.108150 0.598387 2.590180
v -0.047360 0.649516 2.604480
v -1.638550 0.475756 2.604480
v -0.057326 0.651426 2.604480
v -1.605670 0.545347 2.604480
v 0.058719 0.631712 2.604480
v -1.613910 0.651426 2.604480
v -0.153439 0.670492 2.604480
v -1.532470 0.695832 2.604480
v -1.426390 0.707150 2.604480
v 0.164798 0.620455 2.604480
v -1.337440 0.651426 2.604480
v 0.270877 0.640903 2.604480
v -1.002070 0.634203 2.604480
v -0.895992 0.629911 2.604480
v -0.789913 0.636605 2.604480
v -0.721800 0.651426 2.604480
v -0.683834 0.662119 2.604480
v -0.577755 0.694692 2.604480
v -0.471676 0.715410 2.604480
v -0.365597 0.711559 2.604480
v -0.259518 0.693810 2.604480
v -0.047360 0.651426 2.599950
v -1.638550 0.439268 2.583420
v 0.058719 0.651426 2.543690
v -1.532470 0.439268 2.527200
v -1.532470 0.545347 2.577270
v 0.164798 0.651426 2.502310
v -1.426390 0.545347 2.561830
v -1.532470 0.651426 2.569280
v -1.426390 0.651426 2.574960
v -1.002070 0.545347 2.502640
v -0.683834 0.651426 2.584970
v -0.577755 0.651426 2.539810
v -0.471676 0.651426 2.514580
v -1.320310 0.716225 2.657520
v -1.267270 0.708288 2.657520
v -1.214230 0.707325 2.657520
v -1.108150 0.683934 2.657520
v -1.155400 0.704466 2.657520
v -1.161190 0.706318 2.657520
v -1.267270 0.598387 2.617580
v -1.214230 0.598387 2.622150
v -1.320310 0.651426 2.623870
v -1.267270 0.651426 2.633900
v -1.214230 0.651426 2.640480
v -1.320310 0.704466 2.647190
v -1.267270 0.704466 2.655120
v -1.214230 0.704466 2.655890
v -1.161190 0.651426 2.627590
v -1.108150 0.651426 2.632490
v -1.161190 0.704466 2.656040
v -1.161190 0.752241 2.710560
v -1.179040 0.757505 2.710560
v -1.108150 0.739492 2.710560
v -1.320310 0.757505 2.706600
v -1.267270 0.757505 2.703360
v -1.214230 0.757505 2.701300
v -1.108150 0.704466 2.673600
v -1.723510 0.545347 2.710560
v -1.638550 0.623093 2.710560
v -1.611090 0.651426 2.710560
v -0.153439 0.662685 2.710560
v -1.532470 0.701898 2.710560
v -1.426390 0.739665 2.710560
v -0.047360 0.653721 2.710560
v -1.335210 0.757505 2.710560
v 0.058719 0.652667 2.710560
v -1.002070 0.724234 2.710560
v -0.895992 0.724600 2.710560
v -0.789913 0.736607 2.710560
v 0.164798 0.661471 2.710560
v -0.683834 0.739109 2.710560
v 0.270877 0.668873 2.710560
v -0.577755 0.731440 2.710560
v -0.471676 0.717689 2.710560
v -0.365597 0.699379 2.710560
v -1.320310 0.759282 2.710560
v -0.259518 0.679081 2.710560
v -1.214230 0.763392 2.710560
v -1.638550 0.545347 2.630330
v -0.047360 0.651426 2.695250
v 0.058719 0.651426 2.708450
v 0.164798 0.651426 2.700630
v -1.002070 0.651426 2.631840
v 0.270877 0.651426 2.668680
v -0.895992 0.651426 2.635900
v -0.789913 0.651426 2.621110
v 3.028930 0.243906 2.710560
v 0.483035 0.699458 2.710560
v 0.695194 0.722641 2.710560
v 0.907352 0.732206 2.710560
v 1.119510 0.717332 2.710560
v 1.331670 0.672787 2.710560
v 1.543830 0.492469 2.710560
v 1.480510 0.545347 2.710560
v 1.755980 0.366176 2.710560
v -2.911490 0.128841 2.710560
v 1.968140 0.277010 2.710560
v 1.832210 0.333189 2.710560
v 2.180300 0.229091 2.710560
v 2.392460 0.210891 2.710560
v 2.604620 0.213149 2.710560
v -2.699340 0.136509 2.710560
v 2.816770 0.226788 2.710560
v -2.487180 0.156279 2.710560
v -2.275020 0.195406 2.710560
v -2.062860 0.263476 2.710560
v -1.930390 0.333189 2.710560
v -1.850700 0.385714 2.710560
v 1.543830 0.333189 2.535280
v 1.755980 0.333189 2.678590
v 3.028930 0.121031 2.538900
v 1.119510 0.545347 2.610360
v 1.331670 0.545347 2.659220
v -2.911490 0.121031 2.702140
v -2.699340 0.121031 2.693080
v 1.968140 0.121031 2.527400
v -2.487180 0.121031 2.668510
v 2.180300 0.121031 2.571290
v -2.275020 0.121031 2.617730
v 2.392460 0.121031 2.585800
v -2.062860 0.121031 2.532090
v 2.604620 0.121031 2.579110
v -1.850700 0.333189 2.651980
v 2.816770 0.121031 2.560260
v -1.638550 0.642049 2.816640
v -1.625780 0.651426 2.816640
v -1.532470 0.704032 2.816640
v -1.426390 0.744454 2.816640
v -1.378590 0.757505 2.816640
v -0.471676 0.754072 2.816640
v -0.538160 0.757505 2.816640
v -0.365597 0.754671 2.816640
v -0.324170 0.757505 2.816640
v -1.320310 0.768655 2.816640
v -1.214230 0.779249 2.816640
v -1.108150 0.780163 2.816640
v -1.002070 0.774189 2.816640
v -0.895992 0.766929 2.816640
v -0.789913 0.763553 2.816640
v -0.683834 0.763663 2.816640
v -0.577755 0.760136 2.816640
v -0.259518 0.766078 2.816640
v -0.153439 0.791412 2.816640
v -0.047360 0.816353 2.816640
v 0.058719 0.833370 2.816640
v 0.164798 0.839378 2.816640
v 0.270877 0.822996 2.816640
v -1.108150 0.757505 2.748540
v -1.002070 0.757505 2.773920
v -0.895992 0.757505 2.788710
v -0.789913 0.757505 2.791190
v -0.683834 0.757505 2.791740
v -0.577755 0.757505 2.809830
v -0.259518 0.757505 2.811490
v -0.153439 0.757505 2.801150
v -0.047360 0.757505 2.790970
v 0.058719 0.757505 2.778840
v 0.164798 0.757505 2.764170
v 0.270877 0.757505 2.768660
v -1.638550 0.689335 2.922720
v -1.546510 0.757505 2.922720
v -1.532470 0.769781 2.922720
v -1.426390 0.807394 2.922720
v -1.320310 0.815327 2.922720
v -1.214230 0.826565 2.922720
v -1.108150 0.839797 2.922720
v -1.002070 0.850995 2.922720
v -0.895992 0.860278 2.922720
v -0.789913 0.855951 2.922720
v -0.683834 0.846655 2.922720
v -0.577755 0.857393 2.922720
v -0.538749 0.863584 2.922720
v -0.471676 0.877548 2.922720
v -0.365597 0.902812 2.922720
v -0.259518 0.914767 2.922720
v -0.153439 0.921357 2.922720
v -0.047360 0.922287 2.922720
v 0.058719 0.915358 2.922720
v 0.164798 0.909934 2.922720
v 0.270877 0.904567 2.922720
v -1.638550 0.651426 2.849210
v -1.532470 0.757505 2.914100
v -1.426390 0.757505 2.856300
v -0.471676 0.757505 2.820540
v -0.365597 0.757505 2.818770
v -0.471676 0.863584 2.910650
v -0.365597 0.863584 2.885630
v -0.259518 0.863584 2.869040
v -0.153439 0.863584 2.855420
v -0.047360 0.863584 2.845220
v 0.058719 0.863584 2.840580
v 0.164798 0.863584 2.839600
v 0.270877 0.863584 2.854760
v 2.604620 0.362881 2.922720
v 0.483035 0.900222 2.922720
v 1.755980 0.716717 2.922720
v 2.816770 0.375493 2.922720
v 3.028930 0.394526 2.922720
v 1.719820 0.757505 2.922720
v 1.968140 0.502150 2.922720
v 1.924860 0.545347 2.922720
v 0.695194 0.888875 2.922720
v 2.180300 0.404322 2.922720
v 2.392460 0.367759 2.922720
v 0.907352 0.885484 2.922720
v 1.119510 0.892934 2.922720
v 1.331670 0.893885 2.922720
v 1.543830 0.855393 2.922720
v -2.911490 0.319370 2.922720
v -2.699340 0.319461 2.922720
v -2.487180 0.331093 2.922720
v -2.467370 0.333189 2.922720
v -2.275020 0.363578 2.922720
v -2.062860 0.427077 2.922720
v -1.850700 0.532936 2.922720
v -1.834190 0.545347 2.922720
v 0.483035 0.757505 2.739670
v 3.028930 0.333189 2.835820
v 0.695194 0.757505 2.729050
v -2.275020 0.333189 2.884220
v 0.907352 0.757505 2.723900
v -2.062860 0.333189 2.800370
v 1.119510 0.757505 2.728770
v 1.331670 0.757505 2.737480
v 2.604620 0.333189 2.880240
v 1.543830 0.545347 2.728070
v 1.543830 0.757505 2.768080
v 1.755980 0.545347 2.802190
v 2.816770 0.333189 2.861820
v 1.968140 0.333189 2.764650
v 2.180300 0.333189 2.835890
v 2.392460 0.333189 2.875470
v -1.638550 0.820366 3.028790
v -1.539900 0.863584 3.028790
v -1.532470 0.865488 3.028790
v -1.426390 0.885397 3.028790
v -1.320310 0.900587 3.028790
v -1.214230 0.911776 3.028790
v -1.108150 0.918549 3.028790
v -1.002070 0.922509 3.028790
v -0.895992 0.922787 3.028790
v -0.789913 0.920529 3.028790
v -0.683834 0.915055 3.028790
v -0.577755 0.909531 3.028790
v -0.471676 0.908166 3.028790
v -0.365597 0.907835 3.028790
v -0.259518 0.907169 3.028790
v -0.153439 0.905766 3.028790
v -0.047360 0.904634 3.028790
v 0.058719 0.896451 3.028790
v -1.638550 0.757505 2.980870
v -1.532470 0.863584 3.024000
v -1.426390 0.863584 2.986670
v -1.320310 0.863584 2.971280
v -1.214230 0.863584 2.957790
v -1.108150 0.863584 2.944070
v -1.002070 0.863584 2.933650
v -0.895992 0.863584 2.925590
v -0.789913 0.863584 2.929320
v -0.683834 0.863584 2.937890
v -0.577755 0.863584 2.929190
v -1.638550 0.896551 3.134870
v -1.532470 0.912160 3.134870
v -1.426390 0.926964 3.134870
v -1.320310 0.932934 3.134870
v -1.214230 0.938581 3.134870
v -1.108150 0.936074 3.134870
v -1.002070 0.933651 3.134870
v -0.895992 0.930156 3.134870
v -0.789913 0.926756 3.134870
v -0.683834 0.918999 3.134870
v -0.577755 0.911346 3.134870
v -0.471676 0.900681 3.134870
v -0.365597 0.890339 3.134870
v -0.259518 0.883336 3.134870
v -0.153439 0.876446 3.134870
v -0.047360 0.877262 3.134870
v 0.058719 0.878114 3.134870
v -1.638550 0.863584 3.077420
v 1.755980 0.745379 3.134870
v 0.270877 0.898028 3.134870
v 0.483035 0.918689 3.134870
v 1.730770 0.757505 3.134870
v 0.695194 0.930305 3.134870
v 0.907352 0.928502 3.134870
v 1.119510 0.903521 3.134870
v 1.331670 0.860788 3.134870
v 1.543830 0.819048 3.134870
v 1.968140 0.643739 3.134870
v 2.604620 0.513205 3.134870
v 2.180300 0.575024 3.134870
v -2.911490 0.498371 3.134870
v 2.392460 0.527947 3.134870
v -2.699340 0.497149 3.134870
v -2.487180 0.512112 3.134870
v 2.816770 0.523309 3.134870
v 2.300790 0.545347 3.134870
v 3.028930 0.544314 3.134870
v -2.331800 0.545347 3.134870
v -2.275020 0.560281 3.134870
v 3.038940 0.545347 3.134870
v -2.062860 0.678385 3.134870
v -1.988090 0.757505 3.134870
v -1.850700 0.837239 3.134870
v 1.968140 0.545347 2.971690
v 2.180300 0.545347 3.097070
v -2.911490 0.333189 2.938590
v -2.699340 0.333189 2.938790
v -2.487180 0.333189 2.925190
v -2.275020 0.545347 3.119420
v -2.062860 0.545347 3.039030
v -1.850700 0.757505 3.065840
v -1.850700 0.545347 2.933760
v 0.058719 1.115190 3.347030
v 0.270877 1.135320 3.347030
v 2.604620 0.663970 3.347030
v 0.483035 1.140810 3.347030
v -2.911490 0.666737 3.347030
v 2.392460 0.697843 3.347030
v 0.695194 1.140130 3.347030
v 2.816770 0.671066 3.347030
v 0.907352 1.135960 3.347030
v 2.275980 0.757505 3.347030
v 1.119510 1.128360 3.347030
v 3.028930 0.694024 3.347030
v 1.331670 1.122070 3.347030
v 1.543830 1.114240 3.347030
v -2.699340 0.669336 3.347030
v 1.755980 1.098360 3.347030
v -2.487180 0.705575 3.347030
v 2.180300 0.826031 3.347030
v 2.061690 0.969663 3.347030
v -2.372230 0.757505 3.347030
v 1.968140 1.031910 3.347030
v -2.275020 0.818711 3.347030
v -2.124970 0.969663 3.347030
v -2.062860 1.005060 3.347030
v -1.850700 1.042420 3.347030
v -1.638550 1.029120 3.347030
v -1.426390 1.018520 3.347030
v -1.214230 1.002720 3.347030
v -1.002070 0.995046 3.347030
v -0.789913 1.004360 3.347030
v -0.577755 1.025010 3.347030
v -0.365597 1.049900 3.347030
v -0.153439 1.081520 3.347030
v 0.058719 0.969663 3.234210
v 1.755980 0.757505 3.145380
v 0.270877 0.969663 3.200430
v 2.604620 0.545347 3.179710
v 0.483035 0.969663 3.175340
v 1.968140 0.757505 3.213860
v 0.695194 0.969663 3.164450
v 2.180300 0.757505 3.294300
v 0.907352 0.969663 3.165630
v 2.392460 0.545347 3.156620
v 1.119510 0.969663 3.187440
v 1.331670 0.969663 3.223890
v 1.543830 0.969663 3.239180
v 1.755980 0.969663 3.244590
v 2.816770 0.545347 3.166450
v 1.968140 0.969663 3.285890
v 3.028930 0.545347 3.136340
v -2.911490 0.545347 3.192570
v -2.699340 0.545347 3.192800
v -2.275020 0.757505 3.303920
v -2.487180 0.545347 3.171420
v -2.062860 0.757505 3.186770
v -2.062860 0.969663 3.323900
v -1.850700 0.969663 3.286800
v -1.638550 0.969663 3.269560
v -1.426390 0.969663 3.258340
v -1.214230 0.969663 3.267210
v -1.002070 0.969663 3.289970
v -0.789913 0.969663 3.284070
v -0.577755 0.969663 3.275100
v -0.365597 0.969663 3.273640
v -0.153439 0.969663 3.262690
v 0.058719 1.127470 3.559190
v 0.270877 1.125140 3.559190
v 0.483035 1.128420 3.559190
v -2.911490 0.829236 3.559190
v 0.695194 1.131770 3.559190
v -2.699340 0.831826 3.559190
v 0.907352 1.130640 3.559190
v -2.487180 0.871912 3.559190
v 1.119510 1.129040 3.559190
v 1.331670 1.125940 3.559190
v -2.300870 0.969663 3.559190
v 1.543830 1.116820 3.559190
v -2.275020 0.980652 3.559190
v 1.755980 1.096020 3.559190
v -2.062860 1.096730 3.559190
v -1.850700 1.171880 3.559190
v 2.180300 0.945465 3.559190
v -1.792700 1.181820 3.559190
v 2.135250 0.969663 3.559190
v 1.968140 1.036340 3.559190
v -1.638550 1.199980 3.559190
v 2.392460 0.863682 3.559190
v 2.604620 0.828474 3.559190
v -1.426390 1.209530 3.559190
v -1.214230 1.211590 3.559190
v 2.816770 0.825981 3.559190
v -1.002070 1.205840 3.559190
v 3.028930 0.844477 3.559190
v -0.789913 1.190920 3.559190
v -0.577755 1.171530 3.559190
v -0.687683 1.181820 3.559190
v -0.365597 1.151310 3.559190
v -0.153439 1.136540 3.559190
v 2.604620 0.757505 3.469080
v 2.392460 0.757505 3.418880
v 2.816770 0.757505 3.465540
v 3.028930 0.757505 3.435900
v -2.911490 0.757505 3.464130
v -2.699340 0.757505 3.459210
v -2.487180 0.757505 3.405870
v -2.275020 0.969663 3.527130
v -1.638550 1.181820 3.500230
v -1.426390 1.181820 3.486740
v -1.214230 1.181820 3.490240
v -1.002070 1.181820 3.505610
v -0.789913 1.181820 3.537400
v 0.058719 1.353940 3.771350
v 0.270877 1.365260 3.771350
v 0.483035 1.371740 3.771350
v 0.695194 1.375000 3.771350
v 0.907352 1.374860 3.771350
v 1.119510 1.370820 3.771350
v 1.331670 1.365140 3.771350
v -2.911490 0.990994 3.771350
v 1.543830 1.364230 3.771350
v 1.755980 1.354800 3.771350
v -2.699340 1.002050 3.771350
v 2.392460 1.143370 3.771350
v -2.487180 1.051310 3.771350
v 2.354920 1.181820 3.771350
v -2.275020 1.120510 3.771350
v 2.604620 1.015150 3.771350
v -2.062860 1.147060 3.771350
v 1.968140 1.327250 3.771350
v 2.180300 1.277320 3.771350
v -1.850700 1.164440 3.771350
v -1.638550 1.169190 3.771350
v 2.816770 0.984443 3.771350
v -1.426390 1.171280 3.771350
v 3.028930 0.995643 3.771350
v -1.214230 1.175470 3.771350
v -1.073660 1.181820 3.771350
v -1.002070 1.186740 3.771350
v -0.789913 1.212980 3.771350
v -0.577755 1.254160 3.771350
v -0.365597 1.297130 3.771350
v -0.153439 1.332730 3.771350
v 0.058719 1.181820 3.632210
v 0.270877 1.181820 3.624490
v -2.911490 0.969663 3.742460
v 0.483035 1.181820 3.614330
v 0.695194 1.181820 3.607630
v -2.699340 0.969663 3.730990
v 0.907352 1.181820 3.607500
v -2.487180 0.969663 3.686970
v 1.119510 1.181820 3.610110
v 1.331670 1.181820 3.617980
v -1.638550 1.181820 3.705150
v 1.543830 1.181820 3.624740
v 1.755980 1.181820 3.635060
v -1.426390 1.181820 3.724250
v -1.214230 1.181820 3.739900
v 2.180300 0.969663 3.582960
v 1.968140 1.181820 3.668480
v -0.577755 1.181820 3.600070
v 2.180300 1.181820 3.707280
v -0.365597 1.181820 3.628440
v 2.392460 0.969663 3.657760
v -0.153439 1.181820 3.633690
v 2.604620 0.969663 3.718430
v 2.816770 0.969663 3.750640
v 3.028930 0.969663 3.734260
v 0.058719 1.382070 3.983510
v 0.270877 1.372910 3.983510
v -2.911490 1.156670 3.983510
v 0.483035 1.370030 3.983510
v -2.712970 1.181820 3.983510
v 0.695194 1.369280 3.983510
v 0.907352 1.368070 3.983510
v 1.119510 1.366620 3.983510
v -2.699340 1.184060 3.983510
v 1.331670 1.366700 3.983510
v -2.487180 1.284570 3.983510
v 1.543830 1.362830 3.983510
v 1.755980 1.351120 3.983510
v -2.275020 1.385160 3.983510
v -2.243630 1.393980 3.983510
v -2.062860 1.424140 3.983510
v 2.604620 1.179670 3.983510
v -1.850700 1.427780 3.983510
v 2.598010 1.181820 3.983510
v 1.968140 1.337440 3.983510
v -1.638550 1.418000 3.983510
v 2.180300 1.304920 3.983510
v 2.392460 1.240080 3.983510
v -1.426390 1.409070 3.983510
v -1.214230 1.405120 3.983510
v 2.816770 1.150180 3.983510
v -1.002070 1.409060 3.983510
v 3.028930 1.160160 3.983510
v -0.789913 1.416460 3.983510
v -0.577755 1.415720 3.983510
v -0.365597 1.408050 3.983510
v -0.129983 1.393980 3.983510
v -0.153439 1.395650 3.983510
v -2.699340 1.181820 3.980270
v -2.487180 1.181820 3.862170
v 2.392460 1.181820 3.820660
v -2.275020 1.181820 3.801880
v -2.062860 1.181820 3.794330
v -1.850700 1.181820 3.788250
v -1.638550 1.181820 3.788010
v -2.062860 1.393980 3.939650
v -1.850700 1.393980 3.943020
v -1.638550 1.393980 3.958270
v -1.426390 1.181820 3.787710
v -1.214230 1.181820 3.781830
v -1.426390 1.393980 3.968710
v -1.214230 1.393980 3.972710
v -1.002070 1.393980 3.967530
v -0.789913 1.393980 3.953400
v -0.577755 1.393980 3.942380
v -0.365597 1.393980 3.941930
v -0.153439 1.393980 3.974750
v -2.911490 1.344070 4.195660
v 0.058719 1.588730 4.195660
v -2.699340 1.336110 4.195660
v 0.196350 1.606140 4.195660
v -2.487180 1.357460 4.195660
v 1.543830 1.601610 4.195660
v -2.296250 1.393980 4.195660
v 1.437360 1.606140 4.195660
v 1.755980 1.599960 4.195660
v -2.275020 1.398260 4.195660
v -2.062860 1.434400 4.195660
v 0.270877 1.612540 4.195660
v 0.483035 1.619190 4.195660
v 0.695194 1.619340 4.195660
v -1.850700 1.455760 4.195660
v 0.907352 1.618000 4.195660
v -1.638550 1.467340 4.195660
v 1.119510 1.616330 4.195660
v 1.331670 1.610910 4.195660
v -1.426390 1.478580 4.195660
v 1.968140 1.591580 4.195660
v -1.214230 1.491220 4.195660
v -1.002070 1.504980 4.195660
v -0.789913 1.519880 4.195660
v 2.180300 1.562570 4.195660
v 2.392460 1.519240 4.195660
v -0.577755 1.532080 4.195660
v 2.604620 1.439340 4.195660
v -0.365597 1.540660 4.195660
v 2.816770 1.353190 4.195660
v -0.153439 1.556980 4.195660
v 2.710290 1.393980 4.195660
v 3.028930 1.339050 4.195660
v -2.911490 1.181820 4.013910
v -2.275020 1.393980 4.136430
v 0.058719 1.393980 4.007740
v 0.270877 1.393980 4.016380
v 0.483035 1.393980 4.016620
v 0.270877 1.606140 4.189860
v 0.483035 1.606140 4.182450
v 0.695194 1.393980 4.016520
v 0.907352 1.393980 4.018040
v 0.695194 1.606140 4.181620
v 0.907352 1.606140 4.182990
v 1.119510 1.393980 4.019910
v 1.331670 1.393980 4.021810
v 1.119510 1.606140 4.184900
v 1.331670 1.606140 4.190830
v 1.543830 1.393980 4.030980
v 1.755980 1.393980 4.044010
v 2.604620 1.181820 3.985890
v 1.968140 1.393980 4.054780
v 2.180300 1.393980 4.083310
v 2.392460 1.393980 4.122720
v 2.604620 1.393980 4.165200
v 2.816770 1.181820 4.018580
v 3.028930 1.181820 4.009420
v 0.058719 1.681750 4.407820
v 0.270877 1.661810 4.407820
v -0.365597 1.712690 4.407820
v 0.483035 1.649180 4.407820
v -2.911490 1.560580 4.407820
v -0.153439 1.701620 4.407820
v 0.695194 1.643740 4.407820
v -2.769250 1.606140 4.407820
v 0.907352 1.642670 4.407820
v 1.119510 1.642690 4.407820
v 1.331670 1.644950 4.407820
v 1.543830 1.651400 4.407820
v -2.699340 1.628840 4.407820
v 1.755980 1.651840 4.407820
v -2.487180 1.685160 4.407820
v -2.275020 1.702980 4.407820
v 2.604620 1.569860 4.407820
v 2.460230 1.606140 4.407820
v -2.062860 1.708190 4.407820
v 2.816770 1.513590 4.407820
v -1.850700 1.714500 4.407820
v 3.028930 1.513290 4.407820
v -1.638550 1.713590 4.407820
v -1.426390 1.711630 4.407820
v -1.214230 1.720290 4.407820
v -1.002070 1.736030 4.407820
v 1.968140 1.640530 4.407820
v -0.789913 1.735740 4.407820
v 2.180300 1.631870 4.407820
v -0.577755 1.721290 4.407820
v 2.392460 1.618330 4.407820
v -0.365597 1.606140 4.248370
v -0.153439 1.606140 4.241460
v 0.058719 1.606140 4.220600
v 1.543830 1.606140 4.208660
v -2.911490 1.393980 4.240570
v 1.755980 1.606140 4.212340
v 1.968140 1.606140 4.241020
v -2.699340 1.393980 4.236260
v 2.180300 1.606140 4.304850
v -2.487180 1.393980 4.223470
v 2.392460 1.606140 4.367030
v -2.699340 1.606140 4.381290
v 2.816770 1.393980 4.239110
v 3.028930 1.393980 4.260120
v -2.487180 1.606140 4.338910
v -2.275020 1.606140 4.330540
v -2.062860 1.606140 4.321610
v -1.850700 1.606140 4.309530
v -1.638550 1.606140 4.304460
v -1.426390 1.606140 4.298160
v -1.214230 1.606140 4.285900
v -1.002070 1.606140 4.270800
v -0.789913 1.606140 4.259120
v -0.577755 1.606140 4.252770
v 3.028930 1.750160 4.619980
v 0.058719 1.801870 4.619980
v 0.146868 1.818300 4.619980
v -2.911490 1.690280 4.619980
v -0.365597 1.754780 4.619980
v 0.270877 1.846170 4.619980
v -0.153439 1.767410 4.619980
v 0.483035 1.870180 4.619980
v 0.695194 1.880380 4.619980
v 0.907352 1.879750 4.619980
v 1.119510 1.874110 4.619980
v 1.331670 1.860330 4.619980
v -2.699340 1.689360 4.619980
v 1.755980 1.810500 4.619980
v -2.487180 1.718210 4.619980
v 1.643760 1.818300 4.619980
v 1.543830 1.834510 4.619980
v 1.953090 1.818300 4.619980
v 1.968140 1.821670 4.619980
v 2.180300 1.835810 4.619980
v -2.275020 1.735560 4.619980
v -2.062860 1.736210 4.619980
v 2.392460 1.801790 4.619980
v 2.313860 1.818300 4.619980
v -1.850700 1.741160 4.619980
v 2.604620 1.748530 4.619980
v -1.638550 1.744280 4.619980
v 2.816770 1.731560 4.619980
v -1.426390 1.746450 4.619980
v -1.214230 1.753080 4.619980
v -1.002070 1.780440 4.619980
v -0.789913 1.783190 4.619980
v -0.577755 1.761430 4.619980
v 3.028930 1.606140 4.503080
v 0.270877 1.818300 4.603660
v -2.911490 1.606140 4.475040
v 0.483035 1.818300 4.590570
v 0.695194 1.818300 4.584430
v 0.907352 1.818300 4.584950
v 1.119510 1.818300 4.588230
v 1.331670 1.818300 4.595600
v 1.543830 1.818300 4.610200
v 2.604620 1.606140 4.470220
v 2.816770 1.606140 4.518280
v 1.968140 1.818300 4.618070
v 2.180300 1.818300 4.609900
v 0.058719 2.026361 4.832140
v 3.028930 2.023640 4.832140
v -2.699340 2.161541 4.832140
v 3.045230 2.030451 4.832140
v -0.046691 2.030451 4.832140
v -2.851840 2.242610 4.832140
v 0.270877 2.019120 4.832140
v -2.487180 2.115960 4.832140
v -0.789913 2.036440 4.832140
v 0.483035 2.012650 4.832140
v -2.786320 2.454771 4.832140
v -0.577755 2.046431 4.832140
v -2.275020 2.104650 4.832140
v -0.365597 2.044080 4.832140
v -2.062860 2.099300 4.832140
v -0.153439 2.035460 4.832140
v 0.695194 2.009901 4.832140
v -1.850700 2.082201 4.832140
v 0.907352 2.010690 4.832140
v -1.638550 2.063981 4.832140
v 1.119510 2.010170 4.832140
v -2.699340 2.512050 4.832140
v 1.331670 2.009531 4.832140
v -1.426390 2.055750 4.832140
v 1.543830 2.011870 4.832140
v -1.214230 2.047081 4.832140
v 1.755980 2.016080 4.832140
v -1.002070 2.037570 4.832140
v 1.968140 2.017140 4.832140
v 2.180300 2.013601 4.832140
v 2.392460 2.008841 4.832140
v 2.604620 2.002820 4.832140
v 2.816770 1.993670 4.832140
v -0.365597 1.818300 4.668080
v 0.058719 1.818300 4.631400
v 3.028930 1.818300 4.670090
v -0.153439 1.818300 4.656820
v -2.911490 1.818300 4.711600
v -0.365597 2.030451 4.811470
v -0.153439 2.030451 4.823550
v 1.755980 1.818300 4.625450
v -0.789913 2.030451 4.823230
v -2.911490 2.030451 4.745240
v -0.577755 2.030451 4.808590
v -2.699340 1.818300 4.724400
v 2.392460 1.818300 4.631350
v 2.604620 1.818300 4.661970
v -2.487180 1.818300 4.718270
v -2.699340 2.030451 4.775270
v 2.816770 1.818300 4.673090
v -2.487180 2.030451 4.786460
v -2.911490 2.454771 4.761010
v -2.911490 2.242610 4.805630
v -2.275020 1.818300 4.705160
v -2.062860 1.818300 4.706320
v -2.275020 2.030451 4.786260
v -2.062860 2.030451 4.787820
v -1.850700 1.818300 4.706650
v -1.638550 1.818300 4.690320
v -1.850700 2.030451 4.796080
v -1.638550 2.030451 4.801300
v -1.426390 1.818300 4.681670
v -1.214230 1.818300 4.678370
v -1.426390 2.030451 4.803450
v -1.214230 2.030451 4.811780
v -1.002070 1.818300 4.658140
v -0.789913 1.818300 4.652880
v -1.002070 2.030451 4.821960
v -0.577755 1.818300 4.665320
v -0.789913 2.094280 5.044300
v 0.058719 2.105440 5.044300
v -0.577755 2.090350 5.044300
v 0.270877 2.134391 5.044300
v -0.365597 2.085430 5.044300
v 0.483035 2.196450 5.044300
v -0.153439 2.093281 5.044300
v 0.695194 2.239970 5.044300
v 0.907352 2.221821 5.044300
v -2.275020 2.234860 5.044300
v -1.962820 2.454771 5.044300
v 1.119510 2.202590 5.044300
v -1.850700 2.495141 5.044300
v -2.318210 2.242610 5.044300
v 1.331670 2.196131 5.044300
v -2.062860 2.225960 5.044300
v 1.543830 2.204370 5.044300
v -2.275020 2.246391 5.044300
v 1.755980 2.220921 5.044300
v -2.062860 2.270680 5.044300
v 1.947490 2.242610 5.044300
v -1.850700 2.190150 5.044300
v 1.968140 2.265301 5.044300
v 2.002920 2.454771 5.044300
v -1.638550 2.141391 5.044300
v -1.426390 2.105601 5.044300
v -1.214230 2.101450 5.044300
v 1.968140 2.494340 5.044300
v -1.002070 2.086290 5.044300
v 0.058719 2.030451 4.857870
v -2.699340 2.242610 4.901170
v 3.028930 2.030451 4.844440
v 0.270877 2.030451 4.888150
v -2.487180 2.242610 4.993890
v 2.604620 2.030451 4.899800
v -2.699340 2.454771 4.877650
v 2.816770 2.030451 4.909890
v -2.487180 2.454771 4.948450
v 2.604620 2.242610 5.031920
v 2.816770 2.242610 5.022140
v -2.275020 2.454771 4.988820
v 0.483035 2.030451 4.893690
v 3.028930 2.242610 4.942910
v -2.062860 2.454771 5.026320
v 0.695194 2.030451 4.893910
v 2.604620 2.454771 5.018720
v 0.907352 2.030451 4.897490
v 2.816770 2.454771 4.986710
v 3.028930 2.454771 4.909280
v 1.119510 2.030451 4.898480
v 1.331670 2.030451 4.901090
v 1.543830 2.030451 4.895920
v 1.755980 2.030451 4.881990
v 1.968140 2.030451 4.879510
v 2.180300 2.030451 4.889870
v 2.392460 2.030451 4.893770
v 1.968140 2.242610 5.043700
v 2.180300 2.242610 5.037160
v 2.180300 2.454771 5.032360
v 2.392460 2.242610 5.029650
v 2.392460 2.454771 5.025430
v -0.789913 2.242610 5.135990
v 0.058719 2.454771 5.138550
v -2.275020 2.242610 5.052420
v 0.058719 2.242610 5.094890
v 0.270877 2.454771 5.122690
v -2.062860 2.242610 5.068250
v 0.270877 2.242610 5.075700
v -0.577755 2.242610 5.133210
v 0.483035 2.242610 5.055650
v -1.850700 2.242610 5.091050
v -0.365597 2.242610 5.122810
v 0.483035 2.454771 5.111710
v -1.638550 2.242610 5.119760
v -0.789913 2.454771 5.153850
v 0.695194 2.242610 5.044870
v -1.850700 2.454771 5.059770
v -0.577755 2.454771 5.159690
v 0.907352 2.242610 5.048570
v -1.638550 2.454771 5.093880
v -0.365597 2.454771 5.158600
v 0.695194 2.454771 5.104070
v -0.153439 2.242610 5.108980
v 0.907352 2.454771 5.101810
v -1.426390 2.242610 5.129200
v -0.153439 2.454771 5.149960
v 1.119510 2.242610 5.053510
v -1.214230 2.242610 5.132940
v 1.331670 2.242610 5.054730
v -1.426390 2.454771 5.125280
v 1.119510 2.454771 5.098400
v -1.214230 2.454771 5.140030
v 1.331670 2.454771 5.096640
v -1.002070 2.242610 5.116220
v 1.543830 2.242610 5.051770
v -1.002070 2.454771 5.148170
v 1.755980 2.242610 5.048000
v 1.543830 2.454771 5.083230
v 1.755980 2.454771 5.064480
v 1.968140 2.454771 5.046790
vn -0.6422 -0.7324 -0.2263
vn -0.5361 -0.8304 -0.1518
vn -0.6289 -0.7427 -0.2298
vn -0.3777 -0.9236 -0.0657
vn 0.1862 -0.9275 -0.3242
vn 0.2008 -0.9635 -0.1768
vn 0.2934 -0.9081 -0.2989
vn 0.0331 -0.9749 -0.2204
vn 0.3377 -0.8328 -0.4387
vn 0.2336 -0.8941 -0.3822
vn 0.3606 -0.9246 -0.1229
vn -0.8606 -0.4343 -0.2659
vn -0.8229 -0.5345 -0.1925
vn -0.7927 -0.5791 -0.1902
vn -0.9062 -0.1978 -0.3738
vn -0.8760 -0.4645 -0.1302
vn -0.9280 -0.2452 -0.2805
vn -0.9453 0.0049 -0.3261
vn 0.8052 -0.4376 -0.4002
vn 0.7771 -0.5445 -0.3157
vn 0.7501 -0.5719 -0.3320
vn 0.4797 -0.8645 -0.1502
vn 0.7284 -0.5948 -0.3401
vn 0.7336 -0.6636 -0.1463
vn 0.6081 -0.1988 -0.7685
vn 0.9683 -0.1560 -0.1949
vn 0.9157 -0.1964 -0.3505
vn 0.9676 -0.2495 -0.0396
vn 0.9390 -0.0659 -0.3374
vn -0.5647 0.7736 -0.2874
vn -0.6530 0.6357 -0.4116
vn -0.5171 0.8064 -0.2870
vn -0.8917 -0.2937 -0.3444
vn -0.8320 -0.4492 -0.3255
vn -0.9212 -0.2348 -0.3104
vn -0.6646 -0.7194 -0.2021
vn -0.7787 -0.6264 0.0342
vn -0.4987 -0.7634 -0.4106
vn -0.7411 -0.6080 -0.2848
vn -0.6962 -0.6792 -0.2324
vn -0.6345 -0.7439 -0.2097
vn 0.2747 -0.9614 0.0121
vn 0.5104 -0.6528 -0.5597
vn 0.2310 -0.9595 -0.1614
vn 0.2653 -0.9242 -0.2746
vn 0.5665 -0.8047 -0.1773
vn -0.7858 -0.5653 -0.2508
vn 0.7545 -0.5738 -0.3187
vn 0.8247 -0.5642 -0.0389
vn 0.8640 -0.4475 -0.2309
vn 0.9729 -0.1848 0.1392
vn 0.9921 -0.1162 0.0469
vn -0.7994 -0.3506 -0.4878
vn -0.8324 -0.4489 -0.3249
vn -0.6909 -0.5680 -0.4473
vn -0.8681 -0.3137 -0.3848
vn -0.5534 -0.7926 -0.2559
vn -0.4742 -0.8305 -0.2921
vn -0.6748 -0.6154 -0.4074
vn -0.5399 -0.7301 -0.4188
vn 0.7746 -0.6293 0.0635
vn 0.7747 -0.6303 0.0509
vn 0.7766 -0.6284 0.0444
vn 0.2480 -0.9226 -0.2955
vn 0.1774 -0.9841 -0.0048
vn 0.0432 -0.9807 -0.1906
vn 0.5157 -0.8528 -0.0822
vn 0.7461 -0.6629 -0.0621
vn 0.9699 -0.1785 0.1657
vn 0.9884 -0.1417 0.0552
vn 0.9896 -0.1330 -0.0557
vn 0.9746 0.2203 0.0403
vn -0.7910 0.5422 -0.2835
vn -0.8033 0.4662 -0.3707
vn -0.8225 0.4580 -0.3373
vn -0.5430 0.7952 -0.2698
vn -0.2273 0.9735 -0.0240
vn 0.0557 0.9959 0.0715
vn -0.2894 0.9571 -0.0157
vn 0.2375 0.9706 0.0398
vn 0.2308 0.9708 0.0650
vn 0.1638 0.9775 0.1331
vn 0.8444 0.5135 0.1527
vn 0.7741 0.6315 0.0441
vn 0.8332 0.5486 0.0684
vn 0.7535 0.6494 0.1022
vn -0.6166 -0.4957 -0.6117
vn -0.6529 -0.5290 -0.5421
vn -0.5972 -0.5468 -0.5869
vn -0.6456 -0.0585 -0.7614
vn -0.7981 -0.1073 -0.5928
vn -0.6294 -0.4170 -0.6557
vn -0.8186 -0.2396 -0.5220
vn -0.8476 0.0142 -0.5305
vn -0.4809 -0.5935 -0.6454
vn -0.1973 -0.7718 -0.6045
vn 0.0155 -0.2627 -0.9648
vn -0.3511 -0.8937 -0.2792
vn -0.0363 -0.3902 -0.9200
vn 0.5099 -0.8196 -0.2612
vn 0.4280 -0.8110 -0.3987
vn 0.1663 -0.9848 0.0504
vn 0.3940 -0.8528 -0.3427
vn 0.5192 -0.8162 -0.2535
vn 0.7077 -0.6638 -0.2418
vn 0.9857 -0.0092 -0.1682
vn 0.9471 0.0227 -0.3202
vn 0.9074 0.4174 -0.0486
vn -0.4622 -0.5070 -0.7275
vn -0.3901 -0.6903 -0.6093
vn -0.3681 -0.3292 -0.8696
vn -0.0619 -0.4335 -0.8990
vn -0.0820 -0.4713 -0.8782
vn 0.2122 -0.2011 -0.9563
vn 0.2667 -0.4345 -0.8603
vn -0.5804 -0.7980 -0.1621
vn -0.6190 -0.6102 -0.4945
vn -0.6908 -0.5874 -0.4216
vn -0.3700 -0.5581 -0.7427
vn -0.5190 -0.4784 -0.7083
vn -0.4457 -0.6911 -0.5689
vn -0.5723 -0.0167 -0.8199
vn -0.4938 -0.2041 -0.8453
vn -0.1917 0.2803 -0.9406
vn -0.3562 0.0637 -0.9323
vn -0.6575 0.1322 -0.7418
vn -0.7040 -0.6989 0.1261
vn -0.6924 -0.7016 0.1683
vn -0.7949 -0.5540 0.2473
vn -0.0966 -0.9566 -0.2750
vn -0.0103 -0.9610 -0.2764
vn -0.1252 -0.9841 -0.1258
vn 0.1407 -0.8446 -0.5165
vn -0.5169 -0.5925 -0.6179
vn -0.4448 -0.7743 -0.4501
vn 0.0798 -0.9778 0.1938
vn 0.1573 -0.9086 0.3869
vn -0.0007 -0.9705 0.2409
vn 0.1929 -0.5741 -0.7958
vn 0.1987 -0.4210 -0.8851
vn 0.2693 -0.4835 -0.8329
vn 0.9633 -0.0584 -0.2619
vn 0.7092 -0.4383 -0.5521
vn 0.9222 0.0233 -0.3861
vn 0.5180 -0.3817 -0.7655
vn 0.2211 -0.3044 -0.9265
vn 0.3637 -0.6580 -0.6593
vn 0.0361 -0.9227 -0.3837
vn 0.2858 -0.7333 -0.6168
vn 0.4095 -0.2596 -0.8746
vn 0.4084 -0.2479 -0.8785
vn 0.3769 -0.3294 -0.8657
vn 0.4243 -0.0720 -0.9027
vn 0.7377 -0.6083 -0.2928
vn 0.6160 -0.7129 -0.3351
vn 0.3483 -0.2188 -0.9115
vn 0.8955 0.0940 -0.4350
vn 0.8663 0.0750 -0.4939
vn 0.8481 0.5287 -0.0341
vn 0.7964 0.5321 -0.2875
vn 0.4793 -0.0284 -0.8772
vn 0.7344 0.6698 0.1096
vn 0.9069 0.3835 -0.1743
vn -0.5786 -0.0845 -0.8112
vn -0.2777 0.9448 -0.1737
vn -0.3761 0.9252 0.0504
vn -0.4933 0.7780 -0.3891
vn -0.6757 0.7257 -0.1296
vn 0.1922 0.9445 0.2665
vn 0.4872 0.8450 0.2207
vn -0.6661 -0.1699 -0.7263
vn -0.4115 -0.2035 -0.8884
vn -0.4458 -0.3182 -0.8367
vn -0.2458 -0.5098 -0.8245
vn -0.2402 -0.3435 -0.9079
vn -0.1596 -0.5485 -0.8208
vn -0.6215 -0.2313 -0.7485
vn -0.4669 -0.3071 -0.8293
vn -0.0107 -0.5677 -0.8232
vn -0.0090 -0.4528 -0.8916
vn 0.3214 -0.4132 -0.8521
vn 0.2776 -0.5051 -0.8172
vn -0.8658 -0.1198 -0.4858
vn -0.5176 -0.3292 -0.7897
vn -0.8667 -0.4275 -0.2572
vn -0.3405 -0.6837 -0.6454
vn -0.3187 -0.6543 -0.6858
vn 0.0292 -0.5813 -0.8132
vn -0.5892 -0.7654 0.2590
vn -0.7234 -0.6124 0.3188
vn -0.7259 -0.6837 -0.0753
vn 0.0255 -0.9857 -0.1666
vn 0.2245 -0.9633 -0.1468
vn 0.1375 -0.9667 -0.2160
vn -0.2906 -0.9484 -0.1266
vn -0.3427 -0.9367 -0.0716
vn -0.1980 -0.8921 0.4060
vn -0.8730 0.1899 -0.4493
vn -0.7264 0.2544 -0.6384
vn -0.7904 0.4513 -0.4142
vn -0.5171 0.6823 -0.5168
vn -0.6585 0.4844 -0.5760
vn -0.5644 0.7024 -0.4338
vn -0.8191 0.4824 -0.3105
vn -0.4981 0.8457 -0.1916
vn -0.2112 -0.4796 -0.8517
vn 0.0409 -0.9992 -0.0041
vn 0.1274 -0.8997 0.4175
vn -0.0073 -0.9453 0.3260
vn -0.9784 -0.1337 0.1578
vn -0.8222 -0.5642 -0.0755
vn -0.8361 -0.4776 0.2699
vn -0.7446 -0.6081 -0.2755
vn 0.3205 0.6825 0.6569
vn 0.5661 0.7498 0.3425
vn 0.2511 0.7910 0.5580
vn 0.4692 -0.3500 -0.8107
vn 0.4166 -0.2845 -0.8634
vn 0.3630 -0.1698 -0.9162
vn 0.5453 -0.3288 -0.7710
vn 0.5478 -0.4100 -0.7293
vn 0.9317 0.3609 0.0420
vn 0.7880 0.5645 0.2455
vn 0.9771 0.0836 -0.1957
vn 0.9796 0.1535 -0.1298
vn 0.9956 0.0518 -0.0776
vn 0.5619 -0.3902 -0.7294
vn 0.5342 0.5250 -0.6626
vn 0.6199 0.5207 -0.5871
vn 0.6187 0.3835 -0.6856
vn 0.8472 0.5302 -0.0348
vn 0.3335 0.8622 0.3812
vn 0.8088 0.5804 0.0947
vn -0.2555 -0.7721 -0.5819
vn -0.4218 -0.7585 -0.4967
vn -0.3493 -0.6335 -0.6904
vn -0.5097 0.4179 -0.7521
vn -0.8235 0.1534 -0.5462
vn -0.7237 0.2884 -0.6270
vn -0.0796 0.0756 -0.9940
vn 0.0698 -0.1712 -0.9828
vn -0.1003 -0.0937 -0.9905
vn 0.4168 -0.7010 -0.5787
vn 0.2560 -0.8337 -0.4894
vn 0.1512 -0.8031 -0.5764
vn -0.0612 0.9386 -0.3395
vn 0.0734 0.9714 -0.2259
vn -0.0817 0.9966 0.0064
vn 0.0224 0.9528 -0.3027
vn 0.1594 0.1306 -0.9785
vn -0.2603 -0.1689 -0.9506
vn -0.1220 0.0901 -0.9884
vn -0.4220 -0.3554 -0.8340
vn -0.2270 -0.5425 -0.8088
vn -0.9093 -0.2954 -0.2933
vn -0.1736 0.9249 -0.3383
vn -0.5030 0.7656 -0.4011
vn -0.2340 0.9689 0.0803
vn -0.7639 -0.4304 -0.4809
vn -0.6830 -0.4934 -0.5386
vn -0.5056 -0.7188 -0.4772
vn 0.3882 -0.7728 -0.5022
vn 0.2212 -0.9504 -0.2187
vn 0.2094 -0.9565 -0.2030
vn -0.9707 -0.0150 -0.2399
vn 0.5983 -0.6488 -0.4702
vn -0.0331 -0.8005 -0.5983
vn -0.7373 -0.3360 -0.5860
vn -0.8092 -0.5855 -0.0492
vn -0.8791 -0.4385 -0.1866
vn -0.8575 -0.5144 -0.0063
vn -0.0119 -0.9736 0.2279
vn 0.1796 -0.9812 0.0706
vn -0.5510 -0.8082 -0.2081
vn -0.4316 -0.8939 -0.1213
vn -0.4600 -0.8820 -0.1026
vn -0.4586 -0.8585 -0.2295
vn -0.9225 0.3733 -0.0987
vn -0.7137 0.6613 -0.2310
vn -0.7312 0.6822 -0.0000
vn -0.9667 -0.2404 0.0873
vn -0.9468 -0.3163 -0.0598
vn -0.8971 -0.3800 -0.2253
vn -0.8495 -0.4743 -0.2312
vn 0.3992 0.2577 0.8799
vn 0.2822 0.6573 0.6988
vn 0.4778 0.6523 0.5884
vn 0.2165 0.7094 0.6708
vn 0.0430 0.3698 0.9281
vn 0.2740 0.2739 0.9219
vn 0.8556 -0.1672 -0.4898
vn 0.9061 0.4228 -0.0154
vn 0.9448 0.3092 -0.1079
vn 0.8618 -0.4662 0.2001
vn 0.8500 -0.1575 0.5026
vn 0.7620 -0.5362 0.3630
vn 0.9733 -0.1599 -0.1646
vn 0.9842 0.0837 -0.1563
vn 0.9473 -0.1878 0.2596
vn 0.8855 0.2342 -0.4013
vn 0.7850 0.1110 -0.6094
vn 0.7548 0.5678 0.3284
vn 0.8237 0.4597 0.3319
vn 0.9959 0.0835 -0.0346
vn -0.0363 0.9991 0.0229
vn -0.3336 0.9264 0.1747
vn -0.3273 0.9041 0.2746
vn 0.6114 0.7899 -0.0474
vn 0.5048 0.8349 -0.2192
vn -0.6080 -0.4534 -0.6518
vn -0.5411 -0.5850 -0.6041
vn -0.1638 -0.8429 -0.5125
vn 0.0856 -0.7497 -0.6562
vn -0.3274 0.9404 0.0917
vn -0.1459 0.9200 -0.3637
vn -0.4028 0.9116 0.0819
vn 0.2984 0.8092 0.5060
vn 0.7206 -0.5497 -0.4227
vn 0.4851 -0.5921 -0.6435
vn 0.4835 -0.3628 -0.7966
vn 0.2824 -0.6909 -0.6655
vn 0.6468 -0.4517 -0.6144
vn 0.7197 -0.0888 -0.6886
vn 0.6300 -0.7257 -0.2766
vn 0.5737 -0.8120 -0.1071
vn 0.3095 -0.9487 -0.0648
vn -0.9583 -0.2853 -0.0184
vn -0.9960 0.0240 -0.0856
vn -0.8647 -0.4239 0.2694
vn 0.7280 -0.4893 0.4802
vn 0.7248 -0.5532 0.4107
vn 0.7527 -0.6336 0.1788
vn 0.2445 -0.9576 -0.1524
vn -0.1720 -0.3258 -0.9297
vn -0.1956 -0.8186 -0.5401
vn 0.1161 -0.4659 -0.8772
vn 0.2681 -0.9449 0.1878
vn 0.3040 -0.9254 0.2265
vn -0.5667 -0.8069 0.1665
vn -0.5267 -0.8465 0.0769
vn -0.1883 -0.8326 0.5208
vn -0.4453 -0.8882 0.1135
vn 0.3804 -0.9095 0.1677
vn -0.7919 0.1767 -0.5845
vn -0.9621 -0.2669 -0.0561
vn -0.9529 0.1609 -0.2571
vn -0.9881 0.1329 0.0780
vn -0.9858 0.0175 0.1669
vn -0.8230 -0.4562 0.3383
vn -0.9855 0.1625 -0.0484
vn 0.6810 -0.5739 0.4548
vn 0.6017 -0.5084 0.6160
vn 0.7254 -0.4492 0.5216
vn 0.5068 -0.6744 0.5370
vn 0.3532 -0.9352 0.0257
vn -0.4387 -0.8576 0.2684
vn -0.0085 -0.8617 0.5074
vn -0.0133 -0.6060 0.7954
vn 0.4927 -0.7650 0.4148
vn -0.1250 -0.9674 0.2201
vn -0.2412 -0.9280 0.2838
vn -0.3881 -0.8415 0.3760
vn -0.4278 -0.8292 0.3598
vn -0.3042 -0.7648 0.5680
vn -0.5367 -0.7988 0.2717
vn -0.9651 0.2609 -0.0214
vn -0.9883 0.1524 0.0070
vn -0.7789 0.6233 0.0688
vn -0.4947 -0.8574 0.1417
vn -0.3078 -0.8867 0.3449
vn -0.5507 -0.7714 0.3190
vn -0.9829 0.0510 0.1767
vn -0.7216 -0.5576 -0.4103
vn -0.6680 -0.6851 -0.2907
vn -0.9803 -0.0942 -0.1736
vn 0.0442 0.2073 0.9773
vn -0.1354 0.0336 0.9902
vn -0.0078 -0.1585 0.9873
vn 0.1419 0.9856 0.0924
vn -0.0568 0.9962 0.0656
vn -0.6820 0.5473 0.4850
vn -0.9355 0.1246 0.3307
vn -0.5607 0.4823 0.6731
vn -0.3220 0.7717 -0.5484
vn -0.4470 0.8938 -0.0359
vn -0.8605 0.2053 -0.4662
vn 0.2277 0.0455 -0.9727
vn -0.0057 -0.0403 -0.9992
vn -0.4767 0.4803 -0.7363
vn -0.9906 -0.1095 -0.0817
vn -0.9951 -0.0896 0.0411
vn -0.7639 0.5155 -0.3882
vn -0.6702 -0.6027 0.4331
vn -0.5764 -0.7038 0.4153
vn -0.5390 -0.7710 0.3392
vn 0.1730 -0.9806 -0.0918
vn 0.4414 -0.8795 0.1780
vn 0.1541 -0.9828 0.1016
vn 0.6967 -0.6310 -0.3412
vn 0.8182 0.1809 -0.5457
vn 0.8317 -0.5120 -0.2145
vn -0.9087 0.3422 0.2389
vn -0.9960 -0.0205 -0.0873
vn -0.9514 -0.0561 0.3028
vn -0.6306 -0.6578 0.4119
vn -0.9680 -0.1880 -0.1660
vn 0.5830 -0.5890 0.5597
vn 0.0942 -0.7678 0.6338
vn -0.0203 -0.9960 -0.0873
vn -0.0589 -0.9514 0.3023
vn 0.1608 -0.4274 -0.8896
vn -0.8436 0.3987 0.3597
vn -0.8845 0.4575 -0.0913
vn -0.6553 0.6422 0.3976
vn -0.6759 0.6760 0.2937
vn -0.5166 0.7649 0.3847
vn -0.5820 0.1796 0.7931
vn -0.5030 0.6012 0.6210
vn -0.3325 0.3860 0.8605
vn -0.6275 -0.2517 -0.7368
vn 0.2242 0.5413 0.8104
vn 0.3279 0.5095 0.7955
vn 0.4444 0.2792 0.8512
vn -0.4600 -0.4613 0.7587
vn 0.5697 0.2518 0.7823
vn 0.6568 0.1937 0.7288
vn -0.0944 0.3938 0.9143
vn -0.1911 0.9083 0.3721
vn -0.6148 0.4030 0.6780
vn -0.2957 0.6788 0.6721
vn -0.0452 0.2724 0.9611
vn 0.0817 0.2715 0.9590
vn -0.6072 0.5072 0.6115
vn -0.4521 0.4433 0.7740
vn 0.7181 0.0006 0.6959
vn 0.7269 0.0946 0.6802
vn 0.5870 0.3958 0.7063
vn 0.4703 0.6816 0.5606
vn 0.3996 0.6746 0.6208
vn 0.4132 -0.8648 -0.2853
vn -0.0426 -0.9556 -0.2916
vn 0.5814 -0.7894 -0.1970
vn 0.6701 -0.6371 -0.3809
vn 0.8667 -0.4852 -0.1157
vn 0.9264 -0.3428 -0.1561
vn 0.8919 -0.4182 -0.1721
vn 0.7776 -0.6158 0.1272
vn 0.8377 -0.1300 -0.5304
vn 0.9374 -0.2278 -0.2633
vn 0.9638 -0.2364 -0.1236
vn 0.4741 -0.1293 -0.8709
vn 0.2005 -0.9718 0.1239
vn 0.7009 -0.6701 -0.2444
vn 0.4182 -0.9077 -0.0342
vn 0.8921 -0.2539 -0.3737
vn -0.7664 0.5315 0.3607
vn 0.8787 0.4355 -0.1953
vn 0.8284 0.5340 -0.1691
vn 0.7821 0.6019 -0.1614
vn 0.4447 0.6026 -0.6627
vn 0.3878 0.6657 -0.6376
vn 0.4445 0.7118 -0.5438
vn 0.2293 0.6603 -0.7152
vn 0.8610 0.3924 -0.3237
vn 0.8601 0.4821 -0.1669
vn 0.8835 0.3148 -0.3469
vn -0.7255 0.5745 0.3788
vn -0.5871 0.6031 0.5400
vn -0.3278 0.5677 0.7552
vn -0.1628 0.4146 0.8953
vn 0.7490 0.6415 0.1659
vn 0.6625 0.7041 0.2557
vn 0.8516 0.4131 0.3228
vn 0.5268 0.2574 0.8101
vn 0.4082 0.1511 0.9003
vn 0.6561 0.1627 0.7369
vn 0.5673 0.8234 0.0138
vn -0.2157 0.6740 0.7066
vn -0.8010 -0.5627 -0.2046
vn -0.8030 -0.4969 -0.3290
vn -0.9135 -0.3360 -0.2292
vn 0.4322 0.7420 0.5126
vn 0.2482 0.7754 0.5807
vn 0.4997 0.6336 0.5907
vn -0.1208 -0.6061 -0.7862
vn -0.1680 -0.6504 -0.7408
vn -0.1796 -0.5757 -0.7977
vn -0.0438 -0.7382 -0.6731
vn 0.1406 -0.5788 -0.8032
vn -0.0204 -0.6785 -0.7344
vn 0.6980 -0.2775 -0.6602
vn 0.4385 -0.7226 -0.5344
vn 0.6945 -0.1925 -0.6932
vn 0.3976 -0.5392 -0.7424
vn 0.8654 -0.0501 -0.4986
vn -0.6219 0.5423 -0.5649
vn -0.4990 0.5621 -0.6596
vn -0.8089 0.4710 -0.3520
vn -0.5334 0.6647 -0.5231
vn -0.0122 0.6598 -0.7513
vn 0.0216 0.3088 -0.9509
vn 0.4626 0.3045 -0.8326
vn 0.2966 0.3696 -0.8806
vn -0.1363 0.9536 -0.2683
vn 0.0402 0.8490 -0.5268
vn 0.1939 0.9629 -0.1876
vn 0.2806 0.2839 -0.9169
vn 0.2950 0.3879 -0.8732
vn -0.0020 0.2721 -0.9623
vn 0.9624 0.1519 -0.2250
vn 0.6144 0.7676 -0.1825
vn -0.9850 0.1571 0.0709
vn -0.6626 0.3783 0.6464
vn -0.5035 0.8635 -0.0292
vn 0.1288 0.6794 -0.7224
vn -0.2279 0.9117 -0.3419
vn 0.3989 0.8584 0.3225
vn -0.2808 0.9598 -0.0010
vn -0.9313 0.2585 0.2569
vn -0.9799 0.1963 0.0345
vn -0.8025 0.3971 0.4453
vn 0.6051 -0.7286 0.3209
vn 0.4570 -0.7854 0.4175
vn 0.4529 -0.8731 0.1804
vn -0.1814 -0.8338 0.5215
vn -0.0254 -0.8543 0.5192
vn -0.3740 -0.8111 0.4498
vn -0.2976 -0.8652 0.4036
vn -0.1507 -0.6444 0.7497
vn -0.2130 -0.6060 0.7664
vn -0.0963 -0.8882 -0.4493
vn 0.2641 -0.8467 -0.4619
vn 0.3345 -0.8527 -0.4011
vn -0.1659 -0.8241 -0.5416
vn 0.4383 -0.8272 -0.3517
vn 0.6393 -0.6338 -0.4354
vn 0.6878 -0.5329 -0.4929
vn 0.8605 -0.4113 -0.3007
vn 0.8103 0.2092 -0.5474
vn -0.6939 0.4877 -0.5298
vn 0.3086 0.7731 0.5541
vn 0.5714 0.7949 -0.2041
vn 0.1058 0.5579 0.8232
vn 0.0581 0.7343 0.6763
vn 0.4528 -0.8702 -0.1942
vn 0.0105 -0.6249 0.7807
vn 0.2424 -0.5637 0.7897
vn 0.2924 -0.1347 0.9468
vn 0.2760 -0.5028 0.8191
vn -0.0193 -0.6881 0.7253
vn -0.3749 -0.5738 0.7281
vn 0.0119 -0.4018 0.9156
vn 0.2878 -0.2128 0.9338
vn -0.3124 -0.9425 -0.1192
vn -0.1934 -0.9160 -0.3516
vn -0.1602 -0.9792 -0.1242
vn 0.5544 -0.8277 -0.0874
vn 0.7718 -0.3572 -0.5261
vn 0.5998 -0.8001 -0.0100
vn 0.6611 -0.7099 -0.2429
vn 0.8410 -0.5409 -0.0121
vn 0.8631 -0.5043 -0.0264
vn 0.9399 -0.3406 -0.0227
vn 0.8890 -0.3262 -0.3213
vn 0.9156 -0.4011 0.0286
vn 0.1894 -0.9810 -0.0420
vn -0.2677 -0.8374 0.4766
vn -0.0200 -0.8380 -0.5453
vn 0.0512 -0.1544 0.9867
vn -0.4996 -0.5068 0.7025
vn -0.4805 -0.5274 0.7007
vn 0.0479 -0.9745 -0.2193
vn -0.5786 0.6750 0.4578
vn -0.9190 0.2939 0.2630
vn -0.9129 0.0180 0.4078
vn -0.9319 0.1656 0.3228
vn -0.6204 0.4362 0.6518
vn -0.5801 0.5785 0.5734
vn -0.9830 0.0718 0.1693
vn -0.9062 -0.0516 0.4197
vn -0.1665 -0.9857 0.0261
vn 0.1957 -0.7464 -0.6361
vn -0.0209 -0.9774 0.2104
vn 0.4892 -0.8716 0.0321
vn 0.8330 -0.5507 -0.0542
vn -0.1818 0.2021 0.9624
vn -0.1966 0.1364 0.9709
vn -0.2664 0.3754 0.8878
vn -0.1676 -0.1111 0.9796
vn -0.1535 0.4281 0.8906
vn -0.1465 0.5151 0.8445
vn -0.3901 0.5692 0.7238
vn -0.1872 0.8215 0.5386
vn -0.2068 0.8462 0.4911
vn -0.6700 0.4213 0.6112
vn -0.0763 0.3839 0.9202
vn -0.4624 0.6934 0.5526
vn -0.6659 0.5440 0.5106
vn -0.9679 0.2010 -0.1507
vn -0.8598 0.3025 -0.4114
vn -0.9914 -0.0126 0.1304
vn 0.9521 0.3021 -0.0465
vn 0.7366 0.3297 0.5906
vn 0.8169 -0.5684 -0.0978
vn 0.7275 0.2565 0.6364
vn 0.7268 -0.6787 -0.1057
vn 0.2233 0.8349 -0.5031
vn 0.0970 0.9551 -0.2799
vn 0.4339 0.7767 0.4565
vn -0.9856 -0.1625 0.0478
vn -0.6891 -0.5905 0.4200
vn -0.5278 -0.6099 0.5912
vn 0.2730 -0.5352 0.7994
vn 0.2370 -0.4227 0.8748
vn 0.5109 -0.1804 0.8405
vn 0.6940 0.3394 0.6349
vn -0.0062 -0.1333 0.9911
vn -0.6947 0.4756 0.5396
vn -0.6229 0.4668 0.6277
vn -0.6713 0.3553 0.6505
vn -0.5582 0.4908 0.6690
vn -0.0240 -0.2087 0.9777
vn 0.0891 0.0574 0.9944
vn 0.0419 0.0869 0.9953
vn -0.0459 -0.0095 0.9989
vn -0.6011 0.2097 0.7712
vn -0.5581 0.7066 0.4350
vn -0.2369 0.8258 0.5119
vn -0.8031 0.5404 0.2508
vn 0.0704 -0.3064 0.9493
vn 0.2796 -0.1871 0.9417
vn 0.5463 0.2036 0.8125
vn 0.0076 0.8700 0.4931
vn 0.0749 0.9463 0.3144
vn -0.0346 0.9606 0.2758
vn 0.3071 0.6816 0.6642
vn 0.2336 0.2459 0.9407
vn 0.3244 0.4773 0.8167
vn -0.3168 0.3184 0.8935
vn 0.0930 0.3523 0.9313
vn 0.4033 0.3137 0.8596
vn 0.4580 0.1436 0.8773
vn 0.2072 -0.0552 0.9767
vn 0.4350 0.1093 0.8938
vn 0.2128 0.1472 0.9659
vn -0.2709 -0.7306 0.6268
vn 0.6168 -0.0708 0.7839
vn 0.6556 -0.4369 0.6159
vn 0.6049 -0.4260 0.6728
vn -0.4230 0.9021 0.0854
vn -0.5579 0.8273 0.0664
vn -0.7020 0.6580 0.2725
vn -0.6074 0.6875 0.3980
vn -0.7377 0.4910 0.4634
vn 0.6385 0.1295 0.7586
vn 0.4388 -0.8980 -0.0321
vn 0.1891 -0.9819 -0.0084
vn 0.0955 -0.9908 -0.0954
vn 0.5845 -0.8012 -0.1284
vn 0.8473 -0.5067 -0.1590
vn 0.9499 -0.2821 -0.1347
vn 0.9949 -0.0925 -0.0400
vn 0.8234 -0.0644 0.5638
vn 0.9402 -0.1453 0.3082
vn 0.8792 0.0806 0.4696
vn 0.9280 0.0138 0.3724
vn 0.4141 -0.9099 0.0269
vn 0.8997 -0.2952 0.3217
vn -0.8235 0.5549 0.1178
vn -0.8336 0.5356 0.1352
vn 0.9474 0.0862 -0.3084
vn 0.5009 0.6659 -0.5529
vn 0.5204 0.8470 -0.1083
vn 0.9368 -0.3346 0.1021
vn 0.9835 0.1418 0.1120
vn 0.9242 0.2421 0.2955
vn 0.8666 0.3554 0.3502
vn -0.1929 0.1318 -0.9723
vn -0.2033 0.0662 -0.9769
vn -0.1555 0.2300 -0.9607
vn 0.9537 -0.0882 -0.2877
vn 0.6964 0.4511 -0.5581
vn 0.5893 0.7693 -0.2467
vn 0.5305 0.5144 -0.6738
vn -0.3827 0.1858 -0.9050
vn -0.9255 0.3786 0.0072
vn -0.9608 0.2766 -0.0157
vn -0.2862 0.8877 -0.3606
vn -0.4667 0.8291 -0.3080
vn -0.2546 0.9164 -0.3090
vn 0.0887 0.1197 -0.9888
vn 0.2002 0.2910 -0.9356
vn 0.2466 0.2442 -0.9378
vn 0.8982 -0.3102 -0.3115
vn 0.9400 -0.1297 -0.3157
vn -0.6351 0.1918 -0.7482
vn -0.6450 0.1634 -0.7465
vn -0.7589 0.2365 -0.6067
vn -0.8941 -0.3988 -0.2040
vn -0.9551 -0.0796 -0.2854
vn -0.2021 -0.7676 -0.6083
vn 0.2435 -0.9467 -0.2109
vn -0.1169 -0.9577 -0.2631
vn 0.2167 -0.7518 -0.6227
vn 0.4926 -0.1471 -0.8577
vn 0.5584 -0.5333 -0.6355
vn -0.4236 -0.9012 -0.0913
vn -0.2419 -0.8907 -0.3849
vn -0.1774 -0.9593 -0.2197
vn -0.1869 -0.9749 -0.1212
vn -0.0892 -0.9939 -0.0650
vn 0.3120 -0.5247 -0.7921
vn 0.2408 -0.7005 -0.6718
vn 0.1269 -0.6407 -0.7572
vn -0.1121 -0.9856 -0.1266
vn -0.9264 0.3741 -0.0434
vn -0.6809 0.7245 -0.1076
vn -0.9025 0.4307 -0.0000
vn -0.8585 0.4841 0.1691
vn -0.1994 0.9707 -0.1339
vn -0.1188 0.9918 0.0461
vn 0.2101 0.9758 0.0606
vn 0.4904 0.8713 -0.0190
vn 0.4963 0.8618 0.1044
vn 0.3084 0.9082 -0.2828
vn 0.8624 0.4846 0.1463
vn 0.7909 0.5806 -0.1934
vn 0.7288 0.6847 0.0073
vn -0.0953 -0.9770 -0.1906
vn -0.0000 -1.0000 -0.0000
vn -0.2885 -0.9113 0.2936
vn -0.2722 -0.9454 0.1795
vn -0.3117 -0.9496 0.0322
vn -0.1061 -0.9812 -0.1614
vn -0.0935 -0.9946 -0.0459
vn -0.7016 -0.6582 0.2730
vn -0.4463 -0.8772 0.1768
vn -0.0032 0.3019 0.9533
vn 0.9912 -0.0556 -0.1201
vn 0.9541 -0.0902 -0.2855
vn 0.9905 0.0443 0.1300
vn 0.7873 -0.3204 -0.5268
vn 0.4045 0.3690 -0.8368
vn 0.0517 0.9121 -0.4066
vn 0.9076 -0.4158 -0.0579
vn 0.8165 -0.5723 0.0759
vn 0.9938 -0.0422 0.1025
vn 0.0849 -0.9939 -0.0698
vn 0.4722 -0.8600 0.1933
vn -0.0105 -0.9878 0.1555
vn 0.1469 0.4307 -0.8904
vn 0.4732 -0.1150 -0.8734
vn -0.0528 0.9129 -0.4047
vn -0.4044 0.4906 -0.7719
vn 0.5003 0.0389 -0.8650
vn 0.5704 0.3600 -0.7383
vn 0.3427 0.8370 -0.4265
vn 0.4258 0.7598 -0.4914
vn -0.2707 0.2063 -0.9403
vn 0.6998 0.4365 -0.5654
vn 0.8277 -0.5430 0.1415
vn 0.9643 -0.2646 0.0111
vn 0.9481 0.2687 -0.1702
vn 0.9272 0.3743 0.0160
vn 0.9656 0.0843 -0.2458
vn 0.6817 0.6168 0.3935
vn 0.3625 -0.5714 -0.7363
vn 0.1386 -0.8431 -0.5197
vn 0.2989 -0.7391 -0.6037
vn 0.4041 -0.5986 -0.6917
vn -0.0440 -0.9938 -0.1026
vn 0.0547 -0.9958 -0.0732
vn 0.1461 -0.9541 -0.2613
vn -0.1941 -0.4868 -0.8517
vn 0.1098 -0.7350 -0.6691
vn -0.2137 -0.5291 -0.8212
vn 0.2745 -0.9584 -0.0784
vn 0.4603 -0.8874 -0.0263
vn 0.7947 -0.2599 0.5486
vn 0.6046 -0.6158 0.5052
vn 0.7292 -0.5211 0.4436
vn 0.5824 -0.8126 -0.0204
vn 0.6156 -0.7844 0.0754
vn 0.9150 -0.3460 0.2075
vn 0.8455 0.2430 0.4755
vn 0.9579 -0.2197 0.1848
vn 0.8672 -0.3390 -0.3647
vn 0.8557 -0.2206 -0.4680
vn 0.9309 -0.1078 -0.3491
vn 0.7104 -0.3460 -0.6129
vn 0.6907 -0.4143 -0.5927
vn 0.6942 -0.2884 -0.6595
vn 0.7873 -0.3272 -0.5226
vn 0.3295 0.4641 -0.8222
vn 0.7588 -0.1717 -0.6283
vn 0.7228 0.0041 -0.6910
vn 0.7178 -0.1926 -0.6691
vn 0.6388 -0.3717 -0.6736
vn 0.6109 -0.4289 -0.6655
vn 0.6110 -0.2353 -0.7559
vn 0.4465 -0.8124 -0.3750
vn -0.2154 -0.4529 -0.8651
vn -0.3583 -0.5212 -0.7745
vn -0.3285 -0.2740 -0.9039
vn 0.6887 -0.1969 -0.6978
vn 0.7073 -0.3873 -0.5914
vn 0.5127 -0.3881 -0.7658
vn -0.3645 0.2215 -0.9045
vn -0.4251 0.4005 -0.8117
vn -0.2264 0.3841 -0.8951
vn -0.0835 -0.4350 -0.8966
vn -0.2526 -0.5040 -0.8259
vn -0.2800 -0.1898 -0.9411
vn 0.5495 0.3886 -0.7396
vn 0.6782 0.3846 -0.6262
vn 0.6724 0.1472 -0.7254
vn 0.5318 -0.1800 -0.8275
vn 0.5212 -0.3887 -0.7598
vn 0.2251 -0.4077 -0.8849
vn 0.5243 -0.8245 -0.2128
vn -0.3241 0.4515 -0.8313
vn -0.3090 0.6413 -0.7023
vn -0.0447 0.6485 -0.7599
vn 0.4703 -0.8707 -0.1441
vn 0.3703 -0.9046 -0.2110
vn 0.1689 0.6721 -0.7209
vn 0.3774 0.6823 -0.6261
vn 0.4816 0.4081 -0.7756
vn 0.0689 -0.9973 0.0258
vn 0.8801 -0.0860 0.4669
vn 0.9276 -0.0438 -0.3709
vn 0.8495 0.1906 -0.4919
vn 0.9600 0.1558 -0.2328
vn 0.8369 0.1871 0.5144
vn 0.7588 -0.2103 -0.6165
vn 0.7800 0.0368 -0.6247
vn 0.6874 0.0231 -0.7259
vn 0.6606 -0.2974 -0.6893
vn 0.7934 0.0436 -0.6071
vn 0.7168 0.0727 -0.6935
vn 0.8274 -0.0332 -0.5607
vn 0.7469 0.0023 -0.6649
vn 0.8320 -0.1827 -0.5239
vn 0.7660 -0.0955 -0.6358
vn 0.8017 -0.1789 -0.5703
vn 0.8118 -0.2816 0.5115
vn 0.7632 -0.4179 0.4928
vn 0.8515 -0.5042 0.1439
vn 0.8859 0.0906 -0.4549
vn 0.8298 0.4327 -0.3525
vn 0.8714 0.4391 -0.2186
vn 0.9271 -0.2308 -0.2953
vn 0.9709 -0.1835 -0.1539
vn 0.7743 -0.6151 -0.1484
vn 0.8389 -0.0203 -0.5439
vn 0.1909 -0.9731 0.1286
vn 0.5642 -0.8257 0.0014
vn 0.3052 -0.9252 0.2257
vn 0.4545 -0.6550 -0.6037
vn 0.4982 -0.8588 -0.1195
vn 0.6711 -0.2541 -0.6965
vn 0.7654 -0.0585 -0.6409
vn 0.9435 0.1389 -0.3008
vn 0.6740 -0.1798 -0.7166
vn 0.4415 -0.6015 -0.6658
vn 0.7903 -0.4047 -0.4600
vn -0.4156 -0.7150 0.5622
vn -0.6126 -0.5748 0.5425
vn -0.5046 -0.7426 0.4404
vn 0.8577 -0.4505 0.2479
vn 0.8283 -0.3335 0.4502
vn 0.7352 -0.5519 0.3936
vn -0.6140 0.4902 0.6186
vn -0.4650 0.6434 0.6081
vn -0.6180 0.6074 0.4992
vn -0.2304 -0.6086 -0.7593
vn -0.3912 -0.6558 -0.6457
vn -0.3855 -0.4311 -0.8158
vn 0.3382 -0.4488 -0.8271
vn 0.3222 -0.6791 -0.6595
vn -0.0422 -0.5864 -0.8089
vn -0.5081 -0.8108 0.2906
vn -0.3378 -0.8470 0.4104
vn -0.6340 -0.6628 0.3984
vn 0.8534 0.4406 0.2787
vn 0.7754 0.4266 0.4656
vn 0.8736 0.2515 0.4167
vn 0.7210 -0.6598 0.2117
vn 0.7441 -0.4985 0.4448
vn 0.5606 -0.7604 0.3279
vn -0.1025 0.1010 -0.9896
vn -0.3169 -0.0945 -0.9437
vn -0.4414 0.3273 -0.8355
vn 0.4199 -0.0917 -0.9029
vn 0.3640 -0.8853 -0.2893
vn -0.2336 -0.1938 -0.9528
vn 0.0828 -0.3365 -0.9381
vn -0.1794 -0.6226 -0.7617
vn 0.1358 -0.0105 -0.9907
vn 0.3191 0.2630 -0.9105
vn 0.3011 0.0054 -0.9536
vn 0.3109 0.1590 -0.9370
vn -0.2977 0.9427 0.1506
vn -0.4474 0.8222 0.3520
vn -0.1564 0.9454 0.2861
vn 0.7243 0.1713 0.6678
vn 0.3331 0.7743 0.5380
vn 0.5430 0.0854 0.8353
vn 0.9041 0.0705 -0.4215
vn 0.9252 0.3027 -0.2290
vn 0.9877 -0.0614 -0.1436
vn 0.9751 -0.0251 0.2202
vn 0.1311 -0.4998 -0.8562
vn 0.4694 -0.5878 -0.6589
vn 0.3696 -0.7614 -0.5325
vn -0.3980 -0.9143 -0.0750
vn 0.1197 -0.9341 -0.3364
vn -0.0090 -0.9929 -0.1190
vn 0.5586 -0.1290 -0.8193
vn 0.8156 -0.2463 -0.5235
vn 0.3633 -0.2422 -0.8996
vn 0.5286 0.8387 0.1312
vn 0.3806 0.8534 0.3561
vn 0.6183 0.7041 0.3492
vn 0.0876 0.9030 -0.4206
vn 0.2868 0.9566 -0.0521
vn 0.5655 0.5645 -0.6013
vn 0.3513 -0.9312 0.0970
vn 0.5948 -0.2661 -0.7586
vn 0.5111 -0.0059 -0.8595
vn 0.5720 -0.2947 -0.7655
vn 0.4172 -0.0384 -0.9080
vn 0.5492 -0.3647 -0.7519
vn 0.5496 0.0933 -0.8302
vn 0.5181 -0.0573 -0.8534
vn 0.7127 0.0205 -0.7012
vn 0.6383 0.2065 -0.7416
vn 0.4245 0.4702 -0.7738
vn 0.2263 0.5443 -0.8078
vn 0.7653 -0.0599 -0.6409
vn 0.7675 -0.0066 -0.6410
vn 0.6178 -0.0492 -0.7848
vn 0.6282 -0.0460 -0.7767
vn 0.5545 0.5437 -0.6300
vn 0.8149 -0.0589 -0.5766
vn 0.7257 -0.1720 -0.6661
vn 0.2422 0.0582 -0.9685
vn 0.4342 0.2372 -0.8690
vn 0.6626 0.0100 -0.7489
vn 0.7220 -0.3745 -0.5819
vn -0.0879 -0.9245 -0.3708
vn 0.2517 -0.6744 -0.6941
vn 0.4128 -0.6429 -0.6452
vn 0.6859 -0.4630 -0.5614
vn 0.5596 -0.7072 -0.4322
vn 0.7526 -0.3981 -0.5245
vn 0.4630 -0.0488 -0.8850
vn 0.4095 -0.3318 -0.8498
vn 0.6687 -0.6507 -0.3597
vn 0.6577 -0.7532 0.0123
vn 0.5386 -0.8115 -0.2269
vn 0.6330 -0.4185 -0.6513
vn 0.7337 -0.5052 -0.4544
vn 0.7686 -0.2923 -0.5690
vn 0.9121 -0.1212 -0.3915
vn 0.9830 -0.1800 -0.0369
vn 0.9381 -0.3252 0.1196
vn 0.3510 -0.8743 -0.3353
vn 0.0593 0.1397 -0.9884
vn -0.0477 -0.1468 -0.9880
vn -0.2315 -0.0932 -0.9684
vn -0.5201 0.3365 -0.7850
vn -0.3937 -0.0987 -0.9139
vn -0.6001 0.0841 -0.7955
vn 0.4717 -0.8088 0.3512
vn 0.0807 -0.9605 0.2664
vn 0.3755 -0.9134 0.1575
vn 0.8980 -0.2867 0.3337
vn -0.2708 -0.8357 -0.4778
vn -0.5230 -0.4728 -0.7092
vn -0.3126 -0.3748 -0.8728
vn 0.8677 -0.2632 0.4217
vn 0.7196 -0.1774 0.6714
vn 0.7343 -0.3410 0.5870
vn 0.6172 -0.2418 0.7487
vn 0.8330 0.4961 0.2449
vn 0.7820 0.4799 0.3977
vn 0.8669 0.4023 0.2944
vn 0.7594 0.5258 0.3832
vn 0.6177 0.6657 0.4185
vn 0.4175 0.7563 0.5038
vn 0.5368 -0.4609 0.7067
vn 0.3293 0.9161 0.2287
vn 0.1381 0.8740 0.4658
vn 0.5051 0.6120 0.6086
vn -0.5470 -0.2831 0.7878
vn -0.7241 0.0130 0.6895
vn -0.7738 -0.3247 0.5440
vn 0.7715 -0.6345 -0.0456
vn 0.5340 -0.8455 -0.0000
vn 0.4949 -0.8660 -0.0711
vn -0.1180 -0.4502 0.8851
vn 0.2066 -0.4546 0.8664
vn 0.2010 -0.1006 0.9744
vn -0.0817 -0.9932 -0.0830
vn -0.5951 0.1889 0.7811
vn -0.6436 0.2451 0.7250
vn -0.5892 0.3215 0.7413
vn -0.5723 0.1912 0.7974
vn -0.2780 -0.3078 0.9099
vn -0.6334 0.3038 0.7117
vn -0.5522 -0.0924 0.8286
vn -0.6140 0.1920 0.7656
vn -0.5499 0.5582 0.6213
vn -0.6859 0.4875 0.5403
vn -0.5673 0.2877 0.7716
vn -0.0652 -0.6549 0.7529
vn -0.3490 -0.4957 0.7953
vn -0.3029 -0.7452 0.5941
vn 0.5058 -0.6375 0.5812
vn 0.4641 -0.4648 0.7541
vn 0.1525 -0.6666 0.7296
vn -0.6967 0.5297 0.4839
vn -0.6860 0.2645 0.6778
vn -0.5050 0.5752 0.6435
vn -0.3361 0.1165 0.9346
vn -0.1592 0.3115 0.9368
vn -0.4764 0.2637 0.8388
vn 0.5030 0.3558 0.7877
vn 0.2621 0.3013 0.9168
vn 0.4882 0.1060 0.8663
vn 0.2329 0.4647 0.8543
vn 0.2210 0.6507 0.7264
vn 0.0380 0.7501 0.6602
vn 0.4621 0.3092 0.8312
vn 0.2947 0.6411 0.7086
vn -0.5435 0.8376 0.0545
vn -0.6987 0.4803 0.5302
vn -0.4991 0.7536 0.4277
vn -0.5382 0.8103 0.2320
vn -0.0336 -0.8751 0.4827
vn 0.1373 -0.9428 0.3038
vn -0.1684 -0.8777 0.4487
vn 0.1794 -0.9433 0.2792
vn 0.5163 -0.8557 -0.0342
vn 0.4303 -0.8835 -0.1853
vn -0.2310 -0.9201 0.3163
vn 0.5467 -0.8120 -0.2045
vn 0.4948 -0.6772 -0.5447
vn 0.7611 -0.5928 -0.2632
vn 0.5066 -0.5639 -0.6522
vn 0.8992 -0.2362 -0.3683
vn 0.9739 -0.0106 -0.2268
vn -0.8852 0.4043 0.2301
vn -0.8071 0.5812 0.1035
vn -0.8938 0.4471 0.0367
vn -0.9466 0.3109 0.0855
vn -0.9454 0.3210 0.0561
vn -0.9409 0.3356 -0.0463
vn -0.9436 0.3308 0.0094
vn -0.9072 0.4148 0.0703
vn -0.8389 0.5072 0.1974
vn -0.9215 0.3865 0.0380
vn 0.0208 -0.9770 0.2124
vn -0.4222 -0.5352 0.7316
vn -0.3099 -0.4295 0.8482
vn -0.3520 -0.6862 0.6366
vn -0.3903 -0.4407 0.8084
vn -0.1267 -0.4994 0.8571
vn -0.5237 -0.6471 0.5541
vn -0.6820 -0.4236 0.5962
vn -0.3603 -0.4843 0.7973
vn 0.6732 -0.2824 -0.6834
vn 0.6296 0.4457 -0.6364
vn 0.7661 0.0518 -0.6407
vn 0.5079 -0.3842 -0.7710
vn 0.5537 -0.3127 -0.7718
vn 0.5384 -0.2649 -0.8000
vn 0.6236 -0.3130 -0.7164
vn 0.6358 -0.4060 -0.6565
vn 0.6677 -0.2113 -0.7138
vn 0.7138 -0.0653 -0.6973
vn 0.6344 0.0638 -0.7704
vn 0.6322 -0.0358 -0.7740
vn 0.7581 0.3779 -0.5314
vn 0.5987 0.6129 -0.5156
vn 0.5976 0.5775 -0.5562
vn 0.6405 0.6621 -0.3892
vn 0.8899 0.0446 -0.4539
vn -0.3547 -0.5097 -0.7838
vn -0.4632 -0.4964 -0.7343
vn -0.4577 -0.4077 -0.7901
vn 0.3839 -0.4159 -0.8244
vn 0.4015 -0.5159 -0.7567
vn 0.2978 -0.5028 -0.8115
vn 0.6562 -0.3813 -0.6512
vn 0.5522 0.7746 0.3084
vn 0.4650 0.7209 0.5139
vn 0.4718 0.7758 0.4189
vn 0.5887 0.7796 0.2135
vn 0.4546 0.4702 0.7565
vn 0.4498 -0.3343 -0.8282
vn 0.5376 -0.4483 -0.7141
vn 0.6333 -0.4071 -0.6582
vn 0.7179 -0.0997 -0.6890
vn -0.4743 0.2677 -0.8387
vn -0.4891 0.3490 -0.7993
vn -0.3790 0.3148 -0.8702
vn 0.7958 -0.2703 -0.5418
vn 0.7701 -0.1245 -0.6256
vn 0.6533 0.2451 0.7163
vn 0.4695 0.5431 0.6962
vn 0.4919 0.2997 0.8174
vn 0.9786 0.1336 -0.1563
vn 0.9914 -0.1296 0.0202
vn 0.9949 0.0926 0.0388
vn 0.8066 0.4411 -0.3936
vn 0.8365 0.4917 -0.2419
vn 0.7537 0.2132 -0.6217
vn -0.6421 -0.3573 -0.6783
vn -0.7482 -0.3841 -0.5410
vn -0.7391 -0.2002 -0.6431
vn -0.7196 0.3063 -0.6231
vn -0.7573 0.4403 -0.4823
vn -0.5994 0.4918 -0.6315
vn 0.3276 0.3380 -0.8823
vn 0.4390 0.3513 -0.8270
vn 0.3964 0.2734 -0.8764
vn 0.9981 -0.0527 0.0326
vn 0.9805 0.0859 -0.1770
vn 1.0000 -0.0000 -0.0000
vn -0.4065 -0.4606 -0.7891
vn -0.3611 -0.5131 -0.7787
vn -0.0941 -0.6493 -0.7547
vn 0.9962 0.0865 0.0133
vn 0.2720 -0.5712 -0.7744
vn 0.3289 -0.6087 -0.7220
vn 0.7054 -0.2336 0.6692
vn 0.5294 -0.1601 0.8332
vn 0.5730 -0.3567 0.7378
vn 0.8402 -0.5299 -0.1156
vn 0.9548 -0.2899 -0.0655
vn 0.8401 0.5345 -0.0924
vn 0.9016 0.3491 0.2555
vn 0.7882 0.6152 -0.0171
vn -0.8196 -0.4975 -0.2841
vn -0.7666 -0.6231 -0.1553
vn -0.8363 -0.4262 -0.3449
vn -0.8196 -0.0950 -0.5651
vn -0.9057 0.3424 -0.2500
vn -0.8033 0.2300 -0.5494
vn 0.8044 0.2074 0.5567
vn 0.8032 0.5517 0.2247
vn -0.4271 -0.2726 -0.8621
vn -0.4080 -0.2577 -0.8759
vn -0.0766 -0.7810 -0.6198
vn 0.0953 -0.8967 -0.4323
vn -0.0980 -0.8214 -0.5619
vn 0.5691 0.1520 -0.8081
vn 0.5664 0.0158 -0.8240
vn 0.2404 0.2052 -0.9488
vn 0.4500 -0.2060 -0.8690
vn 0.4272 0.3815 -0.8198
vn 0.2959 0.3058 -0.9050
vn 0.2544 0.4276 -0.8674
vn -0.1199 0.6754 -0.7276
vn 0.0362 0.5971 -0.8013
vn -0.0000 0.4900 -0.8717
vn 0.4403 0.6498 -0.6195
vn -0.0000 0.9052 -0.4251
vn 0.4663 -0.4764 -0.7454
vn 0.2830 -0.7325 -0.6191
vn 0.5142 -0.1677 -0.8411
vn 0.5722 -0.4151 -0.7073
vn 0.4225 -0.6043 -0.6756
vn 0.4708 0.0049 -0.8822
vn 0.6642 -0.2587 -0.7014
vn 0.3262 -0.1439 -0.9343
vn 0.1566 0.0702 -0.9852
vn 0.5706 -0.1725 -0.8029
vn -0.2849 -0.5544 -0.7820
vn -0.4050 -0.6026 -0.6876
vn -0.3976 -0.5070 -0.7647
vn 0.5999 -0.4298 -0.6748
vn 0.6478 -0.4959 -0.5783
vn 0.5639 -0.4829 -0.6700
vn -0.0000 -0.4879 -0.8729
vn 0.3200 -0.3853 -0.8655
vn 0.2001 -0.4438 -0.8735
vn 0.5241 -0.0329 -0.8510
vn 0.5087 0.0904 -0.8562
vn -0.3671 0.1130 -0.9233
vn -0.4538 -0.0969 -0.8858
vn -0.5156 0.1095 -0.8498
vn -0.0698 -0.4439 -0.8934
vn 0.0482 -0.5308 -0.8462
vn 0.7652 0.1460 -0.6270
vn 0.8005 0.2825 -0.5285
vn 0.7518 0.1301 -0.6465
vn 0.6987 0.1404 -0.7015
vn 0.1650 0.2927 -0.9418
vn 0.0267 0.4210 -0.9067
vn 0.0296 0.3866 -0.9218
vn 0.7481 0.0887 -0.6576
vn 0.7258 0.5867 -0.3592
vn 0.4269 0.7668 -0.4794
vn 0.5172 0.7628 -0.3881
vn 0.6023 0.7596 -0.2454
vn 0.7927 0.2013 -0.5754
vn 0.7473 0.6393 -0.1813
vn 0.4134 0.7087 -0.5717
vn 0.2562 0.9666 0.0109
vn -0.1787 0.0358 0.9833
vn 0.0179 -0.2004 0.9796
vn -0.0000 -0.0000 1.0000
vn 0.1326 0.0033 0.9912
vn 0.5003 0.7905 0.3533
vn 0.3839 0.8945 0.2289
vn 0.4170 0.8252 0.3810
vn 0.3100 0.9508 -0.0008
vn 0.4367 -0.5461 -0.7149
vn 0.7337 -0.3894 -0.5569
vn 0.7036 -0.5845 -0.4042
vn 0.8506 -0.4142 -0.3240
vn 0.5129 -0.3706 -0.7743
vn 0.2385 -0.7458 -0.6220
vn 0.3876 -0.5515 -0.7387
vn 0.3515 -0.5194 -0.7789
vn 0.8570 -0.0000 -0.5153
vn 0.7050 0.2480 -0.6644
vn 0.5347 -0.3849 -0.7523
vn 0.4128 0.4553 -0.7888
vn 0.4234 0.4210 -0.8022
vn 0.1199 -0.4958 -0.8601
vn 0.0187 0.1291 0.9915
vn 0.7347 0.5499 -0.3973
vn 0.7082 -0.2915 -0.6431
vn 0.6904 -0.1622 -0.7050
vn 0.5109 0.4153 -0.7527
vn 0.7423 0.3923 -0.5432
vn 0.5827 0.4864 -0.6510
vn 0.5955 -0.3149 -0.7391
vn -0.8124 -0.4353 0.3880
vn -0.9061 -0.2587 0.3349
vn -0.8978 -0.3563 0.2590
vn 0.7370 0.0852 -0.6705
vn -0.5725 -0.2353 -0.7854
vn -0.4057 -0.5004 -0.7649
vn -0.4920 -0.5941 -0.6363
vn -0.8551 0.3872 0.3448
vn -0.7405 0.5542 0.3803
vn -0.8201 0.5196 0.2395
vn -0.3428 -0.7045 -0.6214
vn -0.1310 -0.7440 -0.6552
vn -0.0718 -0.8425 -0.5339
vn 0.9972 -0.0240 0.0713
vn 0.1552 -0.7229 -0.6733
vn 0.1670 -0.7898 -0.5902
vn 0.7878 -0.2269 -0.5726
vn 0.7340 -0.1534 -0.6617
vn 0.8023 -0.3514 -0.4825
vn 0.4900 0.1837 -0.8522
vn 0.9050 0.2925 -0.3090
vn 0.8901 -0.0518 -0.4528
vn 0.7660 0.4112 -0.4942
vn 0.7674 0.4144 -0.4892
vn -0.1598 -0.6091 -0.7769
vn -0.0133 -0.7370 -0.6758
vn -0.0807 -0.8616 -0.5011
vn 0.3035 -0.2201 -0.9271
vn 0.4249 -0.1137 -0.8981
vn 0.2173 -0.1747 -0.9603
vn 0.7526 0.4944 -0.4349
vn -0.6302 -0.4580 -0.6269
vn -0.8522 0.0096 -0.5231
vn -0.2187 -0.6714 -0.7081
vn -0.2153 -0.5100 -0.8328
vn -0.7125 -0.5927 -0.3756
vn -0.7879 -0.4250 -0.4457
vn -0.3641 0.0845 -0.9275
vn -0.4813 -0.2176 -0.8491
vn -0.3545 0.2051 -0.9123
vn -0.1575 0.5584 -0.8145
vn -0.0741 0.7377 -0.6710
vn -0.4110 0.8834 -0.2252
vn 0.5424 0.8199 -0.1833
vn 0.2103 0.9376 -0.2770
vn 0.7635 0.1997 -0.6142
vn 0.8299 0.1124 -0.5465
vn -0.1570 0.5854 -0.7954
vn -0.0396 0.3855 -0.9219
vn -0.0624 0.3297 -0.9420
vn -0.1014 0.3754 -0.9213
vn 0.0501 0.6314 -0.7738
vn 0.1258 0.9273 -0.3526
vn 0.7018 0.2095 -0.6808
vn 0.7444 0.1495 -0.6508
vn 0.1114 0.9381 -0.3279
vn 0.2616 0.8949 -0.3616
vn 0.2585 0.9165 -0.3051
vn 0.8055 -0.4617 -0.3716
vn 0.6222 -0.5123 -0.5920
vn 0.2941 -0.7370 -0.6085
vn 0.7542 0.2165 -0.6200
vn 0.6938 0.3914 -0.6045
vn 0.5315 0.8258 -0.1887
vn -0.3883 0.7954 0.4654
vn -0.4966 0.7564 0.4258
vn -0.2525 0.7819 0.5700
vn -0.1999 0.8313 0.5187
vn 0.4751 0.7343 0.4848
vn 0.5031 -0.6328 -0.5887
vn 0.0282 -0.1617 -0.9864
vn 0.7299 -0.3979 -0.5557
vn 0.6201 -0.3278 -0.7127
vn 0.5757 -0.6129 -0.5412
vn 0.8942 -0.1545 -0.4202
vn -0.0435 -0.0315 -0.9986
vn -0.0413 -0.0086 -0.9991
vn 0.0885 0.0675 -0.9938
vn 0.4345 -0.7885 -0.4353
vn 0.6435 -0.7504 -0.1508
vn 0.9009 -0.4315 -0.0474
vn 0.6973 -0.7122 0.0814
vn 0.9641 -0.2091 -0.1638
vn 0.9359 -0.1622 -0.3127
vn 0.0048 -0.4761 -0.8794
vn 0.7467 -0.0485 -0.6634
vn 0.8710 -0.2668 -0.4125
vn 0.4610 -0.8873 0.0120
vn 0.6513 0.7550 -0.0762
vn 0.6745 0.7271 0.1277
vn 0.6546 0.7545 -0.0469
vn 0.3944 0.8475 0.3552
vn 0.9448 0.3239 0.0497
vn 0.9229 0.3707 0.1037
vn 0.9772 0.1663 0.1322
vn 0.4314 0.8291 -0.3555
vn 0.1475 0.8852 -0.4411
vn 0.4279 0.8521 -0.3013
vn 0.0618 0.3081 -0.9494
vn -0.0372 0.2523 -0.9669
vn -0.1084 0.5296 -0.8413
vn 0.7283 0.5554 -0.4015
vn 0.7177 0.6218 -0.3135
vn 0.5048 0.2089 -0.8376
vn 0.5098 0.2186 -0.8321
vn 0.7021 0.1439 -0.6974
vn 0.5915 -0.2378 -0.7704
vn 0.7983 0.0561 -0.5996
vn 0.8401 0.0044 -0.5424
vn 0.9355 0.2590 -0.2405
vn 0.0844 0.4579 -0.8850
vn 0.7778 0.1046 -0.6198
vn 0.8167 0.0879 -0.5704
vn 0.3594 0.8934 0.2694
vn 0.1929 0.9728 0.1283
vn 0.1508 0.9878 -0.0389
vn 0.3985 -0.4204 -0.8151
vn 0.5603 -0.7745 -0.2935
vn 0.6204 -0.6940 -0.3652
vn 0.5747 -0.7775 -0.2555
vn 0.5081 -0.7708 -0.3843
vn 0.7634 -0.0000 -0.6460
vn 0.0237 -0.8057 -0.5919
vn -0.0352 -0.3834 -0.9229
vn -0.1509 -0.5203 -0.8405
vn 0.2377 -0.9436 -0.2307
vn 0.2164 -0.8948 -0.3907
vn 0.7292 -0.0533 -0.6822
vn 0.8166 -0.2938 -0.4968
vn 0.6678 -0.2684 -0.6943
vn 0.7145 -0.1695 -0.6788
vn 0.4385 0.4840 -0.7573
vn 0.9628 0.2663 -0.0456
vn 0.8001 0.5838 -0.1381
vn 0.9067 0.4191 0.0477
vn 0.0872 0.9840 -0.1556
vn 0.1905 0.9815 0.0195
vn 0.2460 0.8493 -0.4671
vn 0.7706 -0.6080 -0.1911
vn 0.5893 -0.3973 -0.7034
vn 0.0036 -0.5115 -0.8593
vn -0.1623 -0.8081 -0.5663
vn -0.2092 -0.8192 -0.5339
vn -0.0799 -0.8319 -0.5492
vn -0.0464 0.2109 -0.9764
vn 0.1340 0.1551 -0.9788
vn 0.1266 0.4337 -0.8921
vn 0.4835 -0.4395 -0.7570
vn -0.2895 -0.2110 -0.9336
vn -0.3333 -0.2683 -0.9038
vn -0.1375 -0.8241 -0.5495
vn 0.1087 -0.7756 -0.6218
vn 0.0149 -0.6906 -0.7231
vn 0.1914 -0.7485 -0.6349
vn 0.7192 -0.3890 -0.5757
vn 0.8198 -0.2981 -0.4890
vn 0.7564 -0.2701 -0.5958
vn 0.9121 0.1368 -0.3864
vn 0.4910 0.1112 -0.8641
vn 0.2332 0.7256 -0.6474
vn 0.6311 0.1885 -0.7524
vn 0.3931 -0.2946 -0.8710
vn 0.0847 0.2508 -0.9643
vn -0.2053 -0.0807 -0.9754
vn 0.2186 0.6858 -0.6942
vn -0.2307 -0.1516 -0.9611
vn -0.0610 -0.2859 -0.9563
vn -0.2974 -0.2254 -0.9278
vn -0.6081 -0.3816 -0.6962
vn 0.3141 0.9267 -0.2061
vn -0.0784 0.9645 -0.2521
vn -0.0266 0.9964 -0.0808
vn 0.0784 0.9864 -0.1446
vn 0.0558 0.9921 -0.1120
vn 0.0202 0.9996 -0.0217
vn 0.0630 0.9844 -0.1642
vn 0.0940 0.9766 -0.1933
vn 0.3574 0.9027 -0.2398
vn 0.7361 -0.5160 -0.4381
vn 0.8815 -0.1964 -0.4293
vn 0.7333 -0.4516 -0.5083
vn 0.8950 -0.1718 -0.4117
vn 0.9743 -0.2009 0.1019
vn 0.9882 -0.0711 0.1360
vn 0.9888 -0.1322 0.0689
vn 0.9647 -0.0021 0.2634
vn 0.4962 -0.8303 -0.2539
vn 0.8603 0.4792 -0.1742
vn 0.7799 0.5757 -0.2456
vn 0.4137 0.8947 0.1684
vn -0.0801 0.6501 0.7556
vn -0.0109 0.4549 0.8905
vn 0.0827 0.5014 0.8613
vn 0.5983 0.7834 0.1680
vn 0.8517 0.2892 -0.4370
vn 0.5670 -0.1102 -0.8163
vn 0.3762 -0.4571 -0.8059
vn 0.5104 -0.0471 -0.8586
vn 0.5164 0.1002 -0.8505
vn 0.7166 0.0172 -0.6972
vn 0.7388 0.4378 -0.5124
vn 0.1562 -0.8167 -0.5555
vn 0.4985 -0.6761 -0.5426
vn 0.2342 -0.7494 -0.6193
vn 0.5404 -0.5425 -0.6431
vn -0.1505 -0.0810 -0.9853
vn 0.0339 -0.3549 -0.9343
vn -0.2602 -0.3038 -0.9165
vn 0.1584 -0.6289 -0.7612
vn 0.0473 -0.8897 -0.4541
vn 0.9085 -0.0499 0.4150
vn 0.9218 0.1137 0.3705
vn 0.3145 -0.6088 -0.7283
vn 0.2132 -0.7527 -0.6229
vn 0.5520 -0.1806 -0.8140
vn -0.2142 0.8774 0.4293
vn -0.0577 0.9655 0.2539
vn 0.0556 0.9910 0.1219
vn 0.4872 -0.5259 -0.6972
vn -0.0712 -0.3163 -0.9460
vn 0.2998 -0.1945 -0.9340
vn 0.3088 -0.1036 -0.9455
vn 0.4386 0.0546 -0.8970
vn 0.8281 0.0563 -0.5578
vn 0.6956 -0.0367 -0.7175
vn 0.7581 0.3159 -0.5705
vn 0.6235 0.0452 -0.7805
vn 0.6508 0.5323 -0.5414
vn 0.7250 0.2046 -0.6576
vn 0.4558 0.2362 -0.8582
vn 0.2010 0.4102 -0.8896
vn 0.3912 0.3182 -0.8636
vn 0.1825 0.3086 -0.9335
vn 0.7325 -0.2698 -0.6250
vn 0.4431 -0.2114 -0.8712
vn -0.1900 -0.5537 -0.8107
vn 0.1701 -0.3701 -0.9133
vn -0.0849 0.3795 -0.9213
vn 0.2014 0.4608 -0.8644
vn 0.1826 0.2244 -0.9572
vn -0.2558 0.1018 -0.9614
vn 0.2091 -0.4161 -0.8849
vn 0.4800 -0.1293 -0.8677
vn 0.6098 0.2060 -0.7653
vn -0.1926 -0.4114 -0.8909
vn -0.2364 -0.1240 -0.9637
vn 0.1473 -0.6738 -0.7241
vn 0.0955 -0.6221 -0.7771
vn 0.1584 -0.6984 -0.6980
vn 0.3799 -0.6412 -0.6667
vn 0.4484 -0.5549 -0.7008
vn 0.8046 0.0487 -0.5918
vn -0.4740 0.6170 -0.6282
vn 0.6252 -0.4190 -0.6585
vn 0.9122 0.0152 -0.4094
vn 0.0713 0.9780 -0.1960
vn 0.0737 0.9787 -0.1918
vn 0.0908 0.9902 0.1057
vn 0.0651 0.9891 0.1324
vn 0.0763 0.9754 -0.2068
vn 0.0670 0.9976 0.0186
vn 0.0527 0.9978 0.0412
vn 0.0592 0.9842 0.1669
vn -0.0269 0.9994 0.0209
vn 0.3783 0.9233 -0.0665
vn -0.5591 -0.7450 0.3639
vn -0.5508 -0.8207 0.1519
vn -0.4855 -0.8667 0.1149
vn -0.7838 -0.5181 0.3423
vn -0.7000 -0.2475 0.6699
vn -0.6228 -0.5121 0.5915
vn -0.8014 -0.3924 0.4514
vn -0.8492 -0.3756 0.3712
vn -0.4319 -0.9014 0.0311
vn -0.3603 -0.9307 -0.0639
vn 0.1121 -0.7960 -0.5948
vn 0.0850 -0.9265 -0.3665
vn 0.1431 -0.9775 -0.1553
vn -0.8724 -0.2549 0.4172
vn -0.8422 -0.0487 0.5370
vn -0.8872 -0.0818 0.4540
vn -0.9273 0.0495 0.3709
vn -0.9032 0.1830 0.3882
vn 0.4436 -0.7491 -0.4920
vn -0.9480 0.2067 0.2419
vn -0.9524 0.0932 0.2901
vn -0.9170 0.2294 0.3264
vn -0.9188 0.2839 0.2744
vn -0.9555 0.2676 0.1243
vn -0.8416 0.3716 0.3919
vn -0.9201 0.3585 0.1579
vn -0.8251 0.4867 0.2869
vn -0.7465 0.5393 0.3897
vn -0.4819 0.7618 0.4328
vn -0.3683 0.8199 0.4383
vn -0.3970 0.8541 0.3360
vn -0.3228 0.8599 0.3954
vn -0.4264 -0.5391 0.7264
vn -0.5792 -0.2731 0.7681
vn 0.6521 -0.3496 -0.6727
vn 0.8076 -0.1304 -0.5751
vn 0.6681 -0.0793 -0.7398
vn 0.6504 -0.4836 -0.5858
vn 0.9125 0.0124 -0.4089
vn 0.6632 0.1644 -0.7302
vn 0.6897 0.6705 0.2734
vn 0.6988 0.6593 0.2775
vn 0.9951 0.0392 -0.0904
vn 0.9653 -0.0754 -0.2501
vn 0.9114 0.1592 -0.3796
vn 0.7870 0.0906 -0.6102
vn 0.7295 0.3262 -0.6013
vn 0.9305 -0.0600 -0.3613
vn 0.8355 -0.0069 -0.5495
vn 0.7778 -0.3368 -0.5307
vn 0.2995 -0.9531 -0.0426
vn 0.0679 -0.9697 -0.2349
vn 0.3829 -0.7994 -0.4629
vn -0.0218 -0.9127 -0.4081
vn 0.0247 -0.9161 -0.4001
vn 0.0828 -0.8737 -0.4793
vn 0.6116 0.5565 -0.5624
vn 0.0229 -0.9121 -0.4094
vn -0.0000 1.0000 -0.0001
vn -0.0227 0.9433 -0.3310
vn -0.0119 0.9999 0.0017
vn 0.0134 0.9999 0.0058
vn -0.5073 -0.8091 -0.2966
vn -0.0282 -0.9350 -0.3535
vn -0.3404 -0.7350 -0.5864
vn 0.0767 -0.8767 -0.4748
vn 0.0645 -0.7996 -0.5971
vn 0.5504 -0.2676 -0.7909
vn 0.5503 -0.2663 -0.7914
vn 0.4422 -0.5312 -0.7227
vn 0.5499 -0.3515 -0.7577
vn 0.5275 -0.3861 -0.7567
vn 0.5830 -0.3813 -0.7174
vn 0.3407 -0.4009 -0.8504
vn 0.0944 -0.6074 -0.7888
vn 0.6550 -0.4902 -0.5751
vn 0.6371 -0.3961 -0.6612
vn 0.6563 -0.5932 -0.4662
vn 0.6003 -0.3534 -0.7174
vn 0.5604 -0.1386 -0.8165
vn 0.5087 -0.6205 -0.5969
vn 0.3249 -0.2293 -0.9175
vn 0.4998 0.3136 -0.8074
vn -0.1568 -0.0992 -0.9826
vn 0.3310 -0.1911 -0.9241
vn 0.2186 -0.1685 -0.9612
vn 0.6166 0.4020 -0.6769
vn 0.5975 0.0386 -0.8009
vn 0.5900 -0.5088 -0.6270
vn -0.0000 -0.4963 -0.8681
vn 0.2699 -0.3893 -0.8807
vn -0.0961 -0.8693 -0.4849
vn 0.5183 0.2332 -0.8228
vn 0.3815 0.4494 -0.8078
vn -0.0291 -0.9852 0.1690
vn -0.0815 -0.9676 0.2389
vn -0.0045 -0.9886 0.1507
vn 0.2413 0.4535 -0.8580
vn 0.4311 0.4931 -0.7557
vn 0.0297 -0.9856 0.1667
vn 0.2308 -0.3696 -0.9001
vn 0.0059 0.9927 0.1206
vn -0.0831 -0.6993 -0.7099
vn -0.0000 -0.7524 -0.6587
vn -0.0000 -0.7053 -0.7089
vn -0.2767 -0.3650 -0.8889
vn -0.3296 -0.3621 -0.8719
vn -0.3324 -0.2933 -0.8964
vn 0.5543 0.6262 -0.5483
vn 0.3988 -0.2935 -0.8688
vn 0.3831 -0.3471 -0.8560
vn 0.3141 -0.3528 -0.8814
vn -0.3436 0.2917 -0.8926
vn -0.3390 0.3493 -0.8735
vn -0.2771 0.3610 -0.8904
vn 0.3356 -0.7208 -0.6065
vn 0.3214 0.3693 -0.8719
vn 0.3749 0.3521 -0.8576
vn 0.3900 0.2859 -0.8753
vn 0.0001 -0.7697 -0.6383
vn -0.3921 -0.6757 -0.6242
vn 0.2360 -0.6594 -0.7138
vn 0.2441 -0.6616 -0.7090
vn 0.2520 -0.7978 -0.5478
vn -0.2944 -0.3856 -0.8744
vn -0.3741 -0.6262 -0.6840
vn 0.3859 -0.6187 -0.6843
vn 0.5811 -0.4298 -0.6911
vn 0.5729 -0.4048 -0.7127
vn 0.6423 -0.4146 -0.6446
vn 0.6110 -0.3691 -0.7003
vn 0.6811 -0.3092 -0.6637
vn 0.6955 -0.3110 -0.6478
vn -0.3865 -0.9159 0.1089
vn -0.0655 -0.9863 -0.1515
vn -0.0599 -0.9981 -0.0117
vn 0.2122 -0.9189 -0.3325
vn -0.0117 -0.9951 -0.0986
vn 0.2952 -0.9073 -0.2995
vn -0.7305 -0.6395 0.2398
vn -0.8110 -0.4635 0.3570
vn -0.8658 -0.3507 0.3570
vn -0.5788 -0.7923 0.1931
vn -0.6942 -0.6574 0.2932
vn -0.9178 -0.0830 0.3883
vn -0.9024 -0.1745 0.3940
vn -0.9202 0.0073 0.3914
vn -0.9042 0.0285 0.4262
vn 0.5460 -0.6701 -0.5029
vn -0.9158 0.0906 0.3912
vn -0.8738 0.1985 0.4440
vn -0.8066 0.3940 0.4407
vn -0.6268 0.6340 0.4529
vn -0.6344 0.5876 0.5023
vn -0.5075 0.7321 0.4544
vn -0.2140 0.8995 0.3810
vn -0.0881 0.9598 0.2665
vn 0.0935 0.9796 0.1777
vn -0.0246 0.9676 0.2514
vn 0.8946 0.3667 -0.2555
vn 0.9072 0.3064 -0.2884
vn 0.6101 0.7887 0.0755
vn 0.8455 0.5158 -0.1383
vn 0.1985 0.9647 0.1731
vn 0.4878 0.8614 -0.1413
vn 0.8664 -0.1120 -0.4867
vn 0.9228 0.2076 -0.3244
vn 0.9466 -0.0000 -0.3224
vn 0.5190 -0.4908 -0.6999
vn 0.5957 -0.3973 -0.6981
vn 0.2138 -0.7763 -0.5931
vn 0.3848 -0.8046 -0.4523
vn 0.1966 -0.9453 -0.2603
vn 0.6171 -0.3394 -0.7099
vn 0.5590 -0.3231 -0.7637
vn 0.5372 -0.5801 -0.6123
vn 0.6645 -0.3059 -0.6818
vn 0.8273 -0.5146 -0.2254
vn 0.9111 -0.2729 -0.3090
vn 0.9799 -0.1749 -0.0957
vn 0.4840 -0.4620 -0.7432
vn 0.6984 -0.3570 -0.6203
vn 0.6461 -0.2467 -0.7223
vn 0.2312 0.3781 -0.8964
vn 0.4356 0.3655 -0.8226
vn 0.2987 0.8284 -0.4738
vn 0.3132 0.7156 -0.6244
vn 0.3846 0.0874 -0.9189
vn -0.0000 -0.1915 -0.9815
vn 0.5719 -0.5076 -0.6444
vn 0.4848 -0.3389 -0.8063
vn 0.7449 -0.4259 -0.5136
vn 0.5585 -0.6790 -0.4765
vn 0.6083 0.3381 -0.7181
vn 0.4645 0.7085 -0.5313
vn 0.2046 0.7847 -0.5852
vn -0.4229 -0.5203 0.7419
vn -0.5015 -0.4574 0.7344
vn -0.4679 -0.5191 0.7153
vn 0.4075 0.7786 -0.4771
vn 0.5397 -0.4843 0.6887
vn 0.5315 -0.4345 0.7271
vn 0.4766 -0.5167 0.7112
vn 0.1531 -0.6278 -0.7631
vn 0.1774 -0.7855 -0.5928
vn 0.3911 -0.3461 -0.8528
vn -0.4867 0.4974 0.7182
vn -0.4931 0.4490 0.7452
vn -0.4245 0.5159 0.7441
vn 0.5117 -0.4104 -0.7548
vn 0.4363 -0.6252 -0.6472
vn 0.5247 0.4965 0.6915
vn 0.4748 0.4918 0.7298
vn 0.5431 0.4297 0.7214
vn 0.6957 -0.2891 -0.6576
vn 0.6549 -0.3477 -0.6710
vn 0.6740 -0.2809 -0.6833
vn 0.7158 -0.3796 -0.5861
vn 0.7488 -0.2760 -0.6026
vn 0.8809 -0.1517 -0.4484
vn 0.5825 -0.5808 -0.5686
vn 0.7752 -0.3279 -0.5400
vn -0.5745 0.4951 -0.6518
vn 0.6071 -0.5891 -0.5333
vn 0.6997 -0.1474 -0.6990
vn 0.1695 0.3677 -0.9144
vn 0.1950 0.4052 -0.8932
vn 0.6849 0.2115 -0.6973
vn 0.1767 0.3390 -0.9241
vn 0.2176 0.3889 -0.8952
vn 0.6061 -0.2116 -0.7667
vn 0.2352 -0.3148 -0.9196
vn 0.6648 -0.0763 -0.7431
vn 0.0441 -0.4510 -0.8914
vn 0.7416 -0.2713 -0.6136
vn 0.5280 -0.2061 -0.8239
vn 0.7656 -0.3441 -0.5436
vn 0.8668 -0.1749 -0.4670
vn 0.6647 -0.2625 -0.6995
vn 0.8485 -0.1839 -0.4962
vn 0.7597 -0.2485 -0.6009
vn 0.8632 -0.1802 -0.4716
vn 0.8740 -0.1607 -0.4586
vn -0.1353 -0.9908 -0.0036
vn -0.5557 -0.8046 0.2094
vn -0.0482 -0.9974 -0.0533
vn 0.1720 -0.9718 -0.1614
vn 0.3884 -0.8506 -0.3545
vn 0.3585 -0.8622 -0.3578
vn -0.8150 -0.4170 0.4024
vn -0.5938 -0.7490 0.2941
vn -0.7725 -0.4801 0.4155
vn -0.7884 -0.4095 0.4590
vn -0.8546 -0.2437 0.4586
vn -0.8982 -0.1055 0.4267
vn -0.8838 0.0536 0.4647
vn 0.4916 -0.7486 -0.4449
vn 0.0829 -0.9196 -0.3839
vn -0.9996 -0.0115 0.0272
vn -0.9976 0.0472 -0.0510
vn -0.8783 0.1370 0.4581
vn -0.7746 0.3514 0.5258
vn -0.7811 0.3589 0.5110
vn -0.6966 0.4602 0.5503
vn -0.5394 0.6792 0.4976
vn -0.3321 0.8392 0.4306
vn -0.3613 0.8441 0.3962
vn -0.1920 0.9225 0.3349
vn 0.0003 0.9721 0.2346
vn -0.0000 0.9423 0.3348
vn 0.4523 0.8899 0.0583
vn 0.2784 0.9585 0.0615
vn -0.3238 0.9319 0.1636
vn 0.7525 0.6555 -0.0641
vn 0.5445 0.8249 -0.1517
vn -0.6823 0.5893 0.4326
vn 0.4592 0.8873 0.0434
vn 0.9209 0.0732 -0.3828
vn 0.8271 0.4254 -0.3673
vn -0.1511 -0.9751 0.1621
vn -0.3585 -0.8940 0.2689
vn -0.4207 -0.8794 0.2231
vn 0.0662 -0.9972 0.0360
vn 0.2188 -0.9758 -0.0000
vn 0.3723 -0.9022 -0.2176
vn 0.4983 -0.8670 -0.0000
vn -0.7228 -0.5576 0.4083
vn -0.5496 -0.7380 0.3914
vn -0.6975 -0.5520 0.4569
vn -0.7759 -0.4253 0.4660
vn -0.8117 -0.3375 0.4766
vn -0.8179 -0.1128 0.5642
vn -0.8389 -0.0974 0.5354
vn -0.8139 0.0894 0.5740
vn -0.8053 0.0895 0.5861
vn 0.5601 -0.8039 -0.2001
vn 0.7019 -0.5712 -0.4256
vn 0.7713 -0.5459 -0.3272
vn 0.7963 -0.3766 -0.4734
vn 0.9366 -0.1628 -0.3102
vn 0.8808 -0.1500 -0.4491
vn 0.9626 -0.1337 -0.2356
vn 0.9259 -0.1089 -0.3617
vn 0.9644 -0.0841 -0.2505
vn -0.7672 0.2742 0.5799
vn -0.7969 0.1752 0.5781
vn -0.6858 0.4244 0.5913
vn -0.6099 0.5809 0.5391
vn -0.6529 0.5116 0.5585
vn -0.5282 0.7141 0.4595
vn -0.3215 0.9086 0.2666
vn -0.3630 0.8864 0.2874
vn 0.2167 0.9593 0.1809
vn 0.2633 0.9551 0.1359
vn -0.0000 0.9840 0.1783
vn 0.0695 0.9818 -0.1767
vn -0.0616 0.9979 0.0206
vn 0.1894 0.8440 0.5017
vn 0.2816 0.7698 0.5728
vn -0.3901 0.9131 0.1191
vn -0.7065 0.7012 0.0954
vn -0.4599 0.7133 0.5288
vn 0.1968 0.9507 -0.2396
vn -0.0470 0.9871 0.1531
vn 0.0374 0.9993 -0.0016
vn -0.2545 0.9642 0.0749
vn 0.6400 0.5394 -0.5472
vn -0.5428 0.7443 0.3890
vn -0.6396 -0.1896 -0.7450
vn -0.7218 0.4477 -0.5278
vn -0.5234 0.5085 -0.6837
vn -0.1752 0.2558 -0.9507
vn 0.4669 -0.0812 -0.8806
vn -0.2391 -0.3841 -0.8918
vn 0.2659 0.8531 0.4488
vn 0.3353 0.8797 -0.3372
vn -0.1565 0.7768 -0.6100
vn 0.4790 0.6245 -0.6169
vn 0.9416 0.0734 -0.3287
vn 0.9784 0.0414 -0.2026
vn 0.8922 0.2486 -0.3771
vn 0.9337 0.2072 -0.2921
vn 0.4060 0.1950 -0.8929
vn 0.3942 0.2501 -0.8843
vn 0.6704 0.2462 -0.6999
vn 0.5585 0.6484 -0.5174
vn 0.8839 0.3521 -0.3078
vn 0.4490 0.5613 -0.6952
vn -0.7701 -0.4265 -0.4744
vn -0.9327 -0.2349 -0.2738
vn -0.9763 0.0198 -0.2156
vn -0.8195 0.4488 -0.3564
vn -0.7659 0.5866 -0.2633
vn -0.7697 0.5777 -0.2718
vn -0.5482 -0.6293 -0.5509
vn -0.3461 -0.5589 -0.7536
vn -0.2688 -0.5497 -0.7910
vn -0.2013 -0.1851 -0.9619
vn 0.1865 -0.4056 -0.8948
vn 0.2510 -0.0646 -0.9658
vn 0.2142 -0.0916 -0.9725
vn -0.0800 0.7271 -0.6818
vn -0.0327 0.6854 -0.7275
vn -0.2041 0.6920 -0.6924
vn -0.1477 0.7376 -0.6589
vn -0.1057 0.6801 -0.7255
vn -0.1868 0.8471 -0.4975
vn -0.7122 0.4027 -0.5750
vn 0.2423 -0.0442 -0.9692
vn 0.2925 -0.1826 -0.9387
vn 0.7541 0.0876 -0.6509
vn 0.8346 0.1618 -0.5266
vn 0.9378 0.0989 -0.3327
vn 0.6339 0.1919 -0.7492
vn -0.0583 -0.1264 -0.9903
vn 0.0546 0.1033 -0.9932
vn 0.4090 -0.0814 -0.9089
vn 0.1899 0.5433 -0.8178
vn 0.2941 0.5444 -0.7856
vn 0.2872 0.1967 -0.9375
vn 0.1992 0.5263 -0.8266
vn 0.8935 0.3153 -0.3197
vn 0.0875 0.9862 -0.1409
vn 0.2859 0.9421 -0.1754
vn -0.0951 0.9837 0.1528
vn -0.2612 -0.9154 0.3065
vn -0.0000 -0.9830 0.1838
vn -0.2856 -0.9138 0.2887
vn 0.2268 -0.9380 0.2623
vn 0.2318 -0.9523 0.1982
vn -0.5283 -0.5890 0.6115
vn -0.8997 -0.1794 0.3981
vn -0.8193 -0.2127 0.5325
vn -0.7198 -0.2926 0.6295
vn -0.8101 -0.0668 0.5824
vn -0.6713 -0.0092 0.7411
vn -0.7999 0.0867 0.5939
vn -0.6556 0.1510 0.7398
vn -0.3523 -0.5700 0.7423
vn 0.1303 -0.6147 0.7779
vn 0.5847 -0.7981 -0.1454
vn 0.2252 -0.6685 0.7088
vn 0.7769 -0.5592 -0.2893
vn 0.8532 -0.4542 -0.2564
vn 0.8777 -0.3975 -0.2676
vn 0.9387 -0.1403 -0.3148
vn 0.9539 -0.0440 -0.2970
vn 0.9824 0.0063 -0.1868
vn -0.7440 0.2682 0.6120
vn -0.6734 0.3118 0.6703
vn -0.6859 0.3768 0.6225
vn -0.5860 0.6368 0.5011
vn -0.5924 0.5959 0.5422
vn -0.3910 0.7872 0.4769
vn -0.0527 0.9573 0.2842
vn 0.2276 0.9632 0.1430
vn 0.2662 0.9495 0.1658
vn -0.5164 0.8562 0.0159
vn -0.8039 0.4997 -0.3227
vn -0.8485 0.4224 -0.3190
vn -0.9563 0.2894 -0.0429
vn -0.8266 -0.5556 -0.0897
vn -0.7661 -0.6172 -0.1790
vn -0.8870 -0.4615 -0.0164
vn -0.8661 -0.3888 -0.3142
vn -0.9130 -0.4056 0.0439
vn -0.4901 -0.8700 0.0536
vn -0.3795 0.9252 -0.0000
vn -0.0398 0.9888 -0.1437
vn -0.6034 0.7945 0.0674
vn -0.0631 0.9972 0.0412
vn 0.0444 0.8698 0.4914
vn 0.9591 -0.0984 0.2655
vn 0.9934 0.0943 -0.0655
vn 0.9134 0.1201 -0.3890
vn 0.9146 0.1918 -0.3560
vn 0.8030 0.0373 -0.5948
vn 0.3420 0.2267 -0.9120
vn 0.7347 -0.2691 -0.6227
vn 0.4637 -0.3828 -0.7991
vn 0.0337 0.8164 -0.5765
vn -0.2221 0.5776 -0.7855
vn 0.3805 0.6558 -0.6520
vn 0.4765 0.6112 -0.6320
vn 0.5369 0.4694 -0.7010
vn -0.1068 -0.5092 -0.8540
vn -0.0103 -0.6096 -0.7926
vn 0.0056 -0.3692 -0.9293
vn -0.4113 -0.7637 -0.4976
vn 0.5492 -0.6654 -0.5056
vn 0.3355 -0.7027 -0.6274
vn -0.8397 -0.5232 -0.1454
vn -0.7329 -0.6459 -0.2136
vn -0.5443 -0.8376 -0.0470
vn -0.2963 -0.9548 0.0227
vn -0.2804 -0.9353 0.2160
vn -0.3041 -0.9403 0.1529
vn -0.4109 -0.9079 -0.0827
vn -0.2885 -0.9573 0.0190
vn -0.8570 -0.4657 -0.2204
vn -0.7817 0.4585 -0.4229
vn -0.8145 0.3633 -0.4523
vn -0.5318 0.1574 -0.8321
vn -0.4765 0.0160 -0.8790
vn -0.6171 0.0435 -0.7857
vn -0.1746 0.9160 -0.3612
vn -0.2028 0.9036 -0.3772
vn -0.2138 0.9657 -0.1471
vn -0.1541 -0.9760 0.1537
vn -0.1025 0.9325 -0.3464
vn 0.9995 0.0106 -0.0309
vn 0.9691 0.0608 -0.2392
vn 0.9962 0.0862 -0.0102
vn 0.9045 0.2933 -0.3095
vn 0.9817 0.1835 -0.0504
vn 0.9100 0.2829 -0.3032
vn 0.0808 0.8904 -0.4479
vn 0.0687 0.9482 -0.3101
vn 0.1034 0.9666 -0.2343
vn 0.2733 0.8742 -0.4014
vn 0.3985 0.7995 -0.4495
vn -0.6505 0.2075 0.7306
vn -0.6022 0.0754 0.7948
vn -0.5833 0.0537 0.8105
vn -0.6420 0.1346 0.7548
vn -0.7264 0.2656 0.6338
vn -0.6109 0.6154 0.4982
vn -0.6911 0.6152 0.3794
vn -0.7621 0.5803 0.2872
vn -0.1263 0.9483 -0.2911
vn -0.1715 0.9815 -0.0857
vn -0.0848 0.9918 -0.0955
vn 0.2501 0.9343 0.2540
vn 0.6767 0.7351 -0.0415
vn 0.6780 0.6831 0.2714
vn 0.1148 0.9931 -0.0256
vn -0.8614 0.4931 -0.1217
vn -0.8074 0.4900 0.3286
vn -0.5693 0.8059 -0.1627
vn -0.8594 0.4161 0.2970
vn -0.8087 -0.5586 0.1843
vn -0.9232 -0.3104 0.2267
vn -0.8632 -0.3989 0.3094
vn 0.0183 0.1861 0.9824
vn 0.0174 0.3224 0.9464
vn 0.0652 0.0987 0.9930
vn 0.1256 0.1911 0.9735
vn -0.2082 0.9479 0.2413
vn -0.1761 0.9022 0.3938
vn 0.9961 0.0691 0.0554
vn 0.9815 0.0738 0.1766
vn 0.9495 -0.1798 0.2571
vn -0.0562 0.0085 0.9984
vn -0.1954 0.0943 0.9762
vn 0.7824 0.2867 0.5528
vn 0.6707 0.0439 0.7404
vn 0.8237 0.0170 0.5667
vn 0.8539 -0.4733 0.2164
vn 0.7281 -0.4162 0.5447
vn 0.6828 -0.5671 0.4607
vn 0.9870 0.0995 -0.1263
vn -0.2016 0.7533 0.6260
vn -0.1729 0.8373 0.5187
vn 0.5510 0.7553 0.3548
vn 0.4537 0.7061 0.5436
vn 0.6073 0.5644 0.5592
vn -0.7425 -0.6623 -0.1002
vn -0.4494 -0.8885 0.0925
vn -0.3264 -0.9318 0.1588
vn -0.3627 -0.9147 0.1781
vn -0.9279 -0.2907 -0.2334
vn -0.9717 -0.0226 -0.2351
vn -0.9521 0.2455 -0.1825
vn -0.8110 -0.1632 -0.5618
vn -0.3324 0.8674 -0.3703
vn -0.2738 0.9411 -0.1982
vn 0.7808 -0.6012 0.1698
vn 0.9854 -0.1641 0.0443
vn 0.8213 0.3022 -0.4838
vn 0.9929 -0.0982 0.0676
vn -0.2365 0.7513 -0.6161
vn -0.4632 0.8142 -0.3501
vn -0.4203 0.6436 -0.6396
vn -0.2076 0.7972 -0.5668
vn -0.1433 0.6494 -0.7468
vn -0.0290 0.6683 -0.7434
vn -0.5128 0.5063 -0.6933
vn 0.2076 -0.0848 -0.9745
vn 0.1695 0.1393 -0.9756
vn 0.3413 0.5477 -0.7639
vn 0.2301 0.5849 -0.7778
vn 0.1672 0.7985 -0.5783
vn 0.7864 0.6090 -0.1031
vn 0.7351 0.6422 -0.2174
vn 0.3545 0.4515 -0.8188
vn -0.4583 -0.1082 0.8822
vn -0.6905 -0.0112 0.7233
vn -0.2723 -0.1633 0.9482
vn -0.3412 -0.2349 0.9102
vn -0.7325 0.1234 0.6695
vn -0.7672 0.3282 0.5512
vn -0.0560 -0.2806 0.9582
vn -0.1141 -0.2214 0.9685
vn -0.1142 -0.2661 0.9572
vn -0.1294 0.5085 0.8513
vn 0.6136 0.7893 0.0224
vn 0.1385 0.7625 -0.6320
vn -0.1427 0.8707 -0.4707
vn -0.2309 0.9719 -0.0468
vn -0.7877 0.5384 -0.2994
vn -0.1388 0.6690 0.7302
vn 0.0334 0.8431 0.5368
vn -0.3454 0.8751 0.3390
vn 0.0690 0.6758 0.7338
vn -0.7388 0.4067 0.5375
vn -0.6191 0.4391 0.6511
vn -0.7358 0.4454 0.5101
vn 0.5536 0.5542 0.6216
vn 0.4448 0.5703 0.6906
vn 0.3105 0.9096 0.2760
vn 0.5310 0.7992 0.2814
vn 0.9043 -0.2767 0.3250
vn 0.6081 0.4383 0.6619
vn 0.7240 -0.0351 0.6890
vn 0.6385 -0.7692 0.0244
vn 0.5085 -0.8585 -0.0660
vn 0.6819 -0.7159 -0.1500
vn 0.4153 -0.9091 0.0333
vn 0.7579 -0.6299 0.1694
vn 0.6618 -0.7344 0.1505
vn -0.2984 -0.9336 0.1981
vn -0.4793 -0.8776 0.0012
vn -0.2505 -0.9229 0.2925
vn 0.1555 -0.9038 0.3986
vn -0.5879 0.0948 -0.8034
vn -0.4432 0.2545 -0.8595
vn -0.7261 0.1596 -0.6688
vn -0.8697 -0.4708 -0.1485
vn -0.8774 -0.3723 -0.3026
vn -0.8032 -0.5062 -0.3141
vn -0.8512 -0.1262 -0.5095
vn -0.5522 -0.3797 -0.7423
vn -0.3587 -0.6980 -0.6197
vn -0.6348 -0.4906 -0.5969
vn -0.1275 -0.0082 -0.9918
vn 0.1966 -0.0713 -0.9779
vn -0.0234 -0.4157 -0.9092
vn -0.6410 0.1385 -0.7549
vn -0.6928 0.2814 -0.6640
vn -0.1513 0.8093 -0.5676
vn -0.3119 0.7741 -0.5509
vn -0.2606 0.8297 -0.4936
vn -0.4031 0.7529 -0.5202
vn -0.3947 0.7006 -0.5944
vn -0.5138 0.6638 -0.5435
vn -0.1810 0.8401 0.5114
vn -0.6100 -0.7100 0.3517
vn 0.0893 0.8153 0.5721
vn -0.3072 0.7721 0.5563
vn 0.4908 -0.5797 0.6504
vn 0.6260 -0.7085 0.3257
vn 0.7214 -0.4028 0.5633
vn 0.9034 -0.2105 0.3736
vn 0.8587 -0.0118 0.5123
vn -0.9999 -0.0028 -0.0098
vn 0.0008 -0.3757 0.9267
vn -0.3358 -0.8926 0.3009
vn -0.4970 0.5313 -0.6861
vn -0.4087 0.6354 -0.6552
vn -1.0000 0.0054 -0.0050
vn -0.8804 0.0951 -0.4647
vn 0.0872 -0.8685 0.4880
vn -0.3940 0.7429 0.5411
vn -0.2804 -0.8512 0.4437
vn 0.3798 -0.2005 -0.9031
vn 0.7959 0.5022 0.3382
vn 0.9999 0.0061 -0.0080
vn 0.3358 -0.8911 -0.3054
vn 1.0000 0.0045 0.0058
vn -0.0008 0.5527 0.8334
vn -0.4705 0.6318 -0.6160
vn 0.1474 0.9584 -0.2445
vn 0.2631 0.9300 -0.2568
vn 0.4228 0.8899 -0.1713
vn 0.7893 0.5878 -0.1774
vn 0.9857 0.1134 0.1246
vn 0.8338 0.4912 -0.2520
vn 0.8591 0.5046 -0.0849
vn 0.7099 0.6457 -0.2814
vn 0.2485 0.9648 0.0861
vn -0.7424 -0.5240 -0.4174
vn -0.9008 -0.3555 -0.2492
vn -0.6812 -0.6558 -0.3252
vn 0.5358 -0.7627 -0.3623
vn 0.5483 -0.8147 -0.1887
vn 0.4461 -0.8015 -0.3983
vn -0.0589 -0.9758 0.2106
vn -0.0742 -0.8926 0.4446
vn 0.3926 -0.5865 0.7084
vn -0.9851 -0.0264 -0.1698
vn -0.9998 0.0187 -0.0001
vn -0.9588 -0.2836 -0.0138
vn -0.9976 0.0663 0.0219
vn -0.7748 -0.4613 -0.4323
vn 0.1637 -0.8730 0.4595
vn 0.1183 -0.9839 0.1341
vn 0.1452 -0.9894 -0.0098
vn -0.3967 -0.4403 -0.8055
vn -0.4390 -0.5707 -0.6939
vn -0.5254 -0.5316 -0.6643
vn -0.2835 -0.9467 0.1529
vn -0.4410 -0.8918 -0.1013
vn -0.5995 -0.7997 -0.0329
vn -0.4999 -0.8641 -0.0583
vn -0.9641 0.2595 -0.0561
vn -0.9597 0.1856 -0.2108
vn -0.8304 -0.0996 -0.5483
vn -0.6884 0.0457 -0.7238
vn -0.7046 0.0919 -0.7036
vn -0.3751 0.6484 -0.6625
vn -0.3086 0.7477 -0.5880
vn -0.4480 0.6896 -0.5690
vn -0.2661 0.7132 -0.6485
vn -0.1882 0.5569 -0.8090
vn -0.4095 0.7432 -0.5290
vn 0.0093 -0.8247 0.5654
vn 0.4252 -0.5147 0.7445
vn -0.2484 0.7422 -0.6224
vn 0.0184 0.8971 -0.4414
vn 0.0900 0.8591 -0.5038
vn -0.3117 0.8367 -0.4502
vn 0.5422 -0.2439 0.8040
vn 0.5669 -0.3264 0.7564
vn 0.6638 -0.0871 0.7428
vn 0.5093 -0.0422 0.8596
vn 0.0646 -0.7957 -0.6022
vn 0.0876 -0.9013 -0.4243
vn 0.6743 -0.0950 0.7323
vn -0.2891 -0.8639 -0.4125
vn 0.0932 0.9505 0.2964
vn 0.1862 0.9359 0.2990
vn 0.1504 0.9122 0.3812
vn 0.0588 0.9420 0.3306
vn 0.2517 0.8440 0.4736
vn 0.3557 0.2420 0.9028
vn 0.4635 0.2326 0.8550
vn 0.8584 0.2453 0.4504
vn 0.7974 0.3730 0.4744
vn 0.4667 0.7543 0.4618
vn 0.7185 0.0494 0.6938
vn -0.6187 -0.7237 -0.3059
vn -0.7127 -0.7000 -0.0446
vn -0.7659 -0.6075 -0.2108
vn -0.8482 -0.2556 -0.4638
vn -0.8740 -0.0715 -0.4806
vn -0.8569 -0.3249 0.4002
vn -0.7911 -0.3467 0.5039
vn -0.8661 -0.3750 0.3306
vn -0.8065 -0.4601 0.3713
vn -0.3454 -0.9335 -0.0959
vn -0.2306 -0.9707 0.0671
vn 0.1324 -0.7237 0.6773
vn 0.4496 -0.8205 0.3530
vn -0.1364 -0.6188 0.7736
vn -0.0160 -0.3450 0.9385
vn -0.1220 -0.9887 -0.0873
vn -0.7547 -0.2683 -0.5987
vn -0.7724 -0.2799 -0.5701
vn -0.8129 -0.1080 -0.5722
vn -0.6521 0.4320 -0.6230
vn -0.6252 0.4279 -0.6527
vn -0.7687 0.4031 -0.4965
vn -0.4140 0.7819 -0.4661
vn -0.2741 0.4902 -0.8274
vn 0.3857 0.9035 -0.1867
vn 0.0834 0.9956 -0.0426
vn 0.3605 0.9253 -0.1176
vn 0.1744 0.9660 -0.1908
vn 0.0565 0.9776 -0.2027
vn -0.0966 0.9919 0.0819
vn 0.1858 -0.4907 0.8513
vn 0.3312 -0.7063 0.6257
vn 0.6468 -0.4074 0.6448
vn 0.3706 -0.0054 0.9288
vn 0.1631 0.0795 0.9834
vn 0.6302 -0.3710 0.6820
vn 0.8436 -0.5046 0.1836
vn 0.8793 -0.3453 0.3281
vn -0.3153 -0.2719 0.9092
vn 0.3630 0.5905 0.7208
vn 0.3319 0.6275 0.7043
vn 0.4861 0.6140 0.6219
vn 0.1961 0.7445 0.6382
vn 0.1375 0.4025 0.9050
vn -0.0042 0.9988 0.0495
vn 0.7509 0.5044 0.4263
vn 0.8758 0.3375 0.3452
vn 0.8766 0.4788 0.0474
vn 0.4399 0.7881 0.4305
vn 0.1205 0.4693 0.8748
vn 0.0601 0.4918 0.8687
vn 0.0433 0.0358 0.9984
vn -0.5053 0.7365 -0.4497
vn 0.5166 0.7346 -0.4399
vn 0.7077 0.6501 -0.2765
vn -0.7989 -0.5321 -0.2805
vn -0.8626 -0.3926 -0.3190
vn -0.9972 -0.0379 -0.0640
vn -0.8188 0.5268 -0.2281
vn -0.6737 0.7229 -0.1530
vn -0.4497 0.8931 0.0135
vn 0.9727 0.1664 0.1617
vn 0.9909 0.0437 0.1272
vn 0.9758 -0.1544 0.1548
vn -0.4798 -0.4980 -0.7224
vn -0.5162 -0.5489 -0.6575
vn -0.3645 -0.4774 -0.7996
vn -0.3692 0.4573 -0.8091
vn -0.4207 0.5041 -0.7542
vn -0.4946 0.4586 -0.7382
vn -0.8911 -0.4240 -0.1620
vn -0.8053 -0.2588 -0.5334
vn -0.6808 -0.4494 -0.5784
vn 0.1245 -0.8795 0.4594
vn 0.1227 -0.8450 0.5205
vn -0.0952 -0.9536 0.2857
vn 0.1807 -0.4733 0.8621
vn 0.3702 -0.5886 0.7187
vn 0.2592 -0.4078 0.8755
vn 0.3766 -0.4019 0.8346
vn 0.2504 -0.4789 0.8414
vn -0.9581 -0.2003 -0.2047
vn -0.7002 0.3446 -0.6253
vn -0.5855 0.3783 -0.7170
vn -0.3729 -0.0158 -0.9278
vn -0.4728 -0.1612 -0.8663
vn 0.4301 -0.2489 0.8678
vn 0.6193 -0.4683 0.6302
vn 0.3587 -0.0470 0.9323
vn 0.2914 0.9321 -0.2151
vn 0.4857 0.8457 0.2211
vn 0.7382 0.6373 -0.2214
vn 0.6048 0.6482 0.4627
vn 0.7387 0.4373 0.5129
vn 0.8339 0.3131 0.4545
vn 0.9787 -0.0745 -0.1913
vn 0.9970 0.0768 0.0018
vn 0.6661 -0.6459 0.3730
vn 0.1979 -0.5186 0.8318
vn 0.1842 -0.9810 -0.0606
vn 0.3731 -0.6584 0.6537
vn -0.3987 -0.9153 0.0570
vn 0.3574 0.4903 0.7949
vn 0.0672 0.6749 0.7349
vn 0.8883 -0.0093 0.4593
vn -0.1599 0.5906 0.7909
vn -0.2114 0.7184 -0.6627
vn -0.1905 0.6299 -0.7529
vn 0.0623 0.7006 -0.7109
vn -0.2558 0.9229 -0.2879
vn -0.1336 0.9547 -0.2659
vn 0.3052 0.9299 -0.2054
vn 0.3354 0.9421 -0.0000
vn -0.9540 -0.2997 0.0080
vn -0.6492 0.7606 0.0025
vn 1.0000 -0.0003 -0.0080
vn -0.3602 -0.3581 -0.8614
vn -0.0749 -0.1367 -0.9878
vn -0.1042 -0.7179 -0.6883
vn -0.0749 -0.1336 -0.9882
vn -0.0826 -0.1693 -0.9821
vn -0.9437 -0.1804 -0.2774
vn -0.9848 -0.1652 -0.0539
vn -0.9245 -0.2697 -0.2693
vn -0.7726 -0.6258 0.1074
vn -0.9854 0.0941 -0.1418
vn -0.9457 0.3248 -0.0119
vn -0.8024 0.5884 0.0995
vn -0.9887 -0.0559 -0.1391
vn -0.5231 -0.0892 -0.8476
vn -0.3307 -0.2635 -0.9062
vn -0.5716 -0.2592 -0.7785
vn -0.5082 0.3162 -0.8011
vn -0.4836 0.6925 -0.5353
vn -0.1707 0.7234 -0.6690
vn 0.5850 -0.5894 0.5571
vn 0.5366 -0.5695 0.6227
vn 0.5340 -0.6847 0.4960
vn -0.9497 -0.3042 0.0745
vn -0.4710 -0.7923 0.3880
vn 0.7285 -0.5039 0.4641
vn 0.6848 -0.7093 0.1671
vn 0.9705 0.0961 0.2212
vn 0.9818 -0.1832 -0.0507
vn 0.9918 -0.1270 0.0149
vn 0.9494 -0.0303 0.3127
vn 0.6576 0.4967 0.5665
vn 0.5519 0.4877 0.6764
vn 0.7924 0.0477 0.6081
vn 0.9035 -0.2929 0.3128
vn -0.5766 -0.0811 -0.8130
vn -0.1159 -0.0157 -0.9931
vn -0.0196 0.0058 -0.9998
vn -0.4349 0.0745 -0.8974
vn -0.0253 0.1284 -0.9914
vn -0.0859 0.3156 -0.9450
vn -0.2126 0.1522 -0.9652
vn -0.0380 0.3023 -0.9524
vn 0.4276 0.8935 -0.1375
vn 0.1827 0.9673 -0.1758
vn 0.2518 0.9606 -0.1173
vn 0.2071 0.9346 -0.2892
vn -0.1924 0.5164 -0.8344
vn 0.3393 0.9357 -0.0964
vn 0.7329 0.6778 -0.0578
vn 0.8854 0.4134 -0.2124
vn 0.9836 0.0476 0.1738
vn 0.3475 0.9351 0.0689
vn 0.5006 0.8657 0.0014
vn -0.3276 -0.7206 -0.6111
vn -0.6400 -0.6874 -0.3434
vn -0.3743 -0.1653 -0.9125
vn -0.3738 0.4220 -0.8259
vn -0.4832 0.7716 -0.4137
vn -0.2794 0.4452 -0.8507
vn -0.9343 -0.1882 -0.3028
vn -0.9331 -0.0787 -0.3509
vn -0.9317 0.0266 -0.3622
vn -0.1010 -0.8848 -0.4550
vn -0.2300 -0.7118 -0.6636
vn 0.0462 -0.6536 -0.7554
vn 0.1025 -0.9143 -0.3919
vn -0.7427 -0.6523 0.1512
vn -0.8212 -0.5524 0.1431
vn -0.8247 -0.1325 -0.5499
vn -0.8634 -0.2263 -0.4509
vn -0.7890 0.4408 -0.4280
vn -0.7546 0.4327 -0.4933
vn -0.8434 -0.4382 0.3110
vn -0.9575 -0.2114 0.1964
vn -0.7360 -0.5927 -0.3271
vn -0.7726 0.5721 0.2751
vn -0.3505 0.8974 0.2680
vn -0.5112 0.6607 -0.5496
vn -0.7869 0.4606 -0.4106
vn -0.9533 -0.1393 -0.2681
vn -0.9116 0.0152 -0.4107
vn 0.6460 -0.5540 0.5251
vn -0.8972 0.0854 -0.4334
vn -0.5546 -0.1918 -0.8097
vn -0.3865 -0.2941 -0.8741
vn -0.5565 -0.1259 -0.8212
vn -0.0852 -0.7506 0.6552
vn -0.0065 -0.7775 0.6288
vn -0.4560 -0.6655 0.5909
vn -0.0369 -0.8182 0.5738
vn -0.0877 -0.4509 0.8883
vn -0.2526 -0.9440 0.2121
vn -0.2584 -0.9394 0.2253
vn -0.3065 -0.9017 0.3048
vn -0.2271 -0.7249 -0.6504
vn -0.0481 -0.7207 -0.6916
vn 0.0940 -0.9400 -0.3281
vn 0.3498 -0.8872 -0.3010
vn 0.0930 -0.9948 0.0405
vn -0.1956 -0.9754 -0.1018
vn 0.7139 -0.6773 0.1779
vn -0.4498 -0.3345 -0.8282
vn -0.1716 0.3707 -0.9128
vn 0.0117 -0.7994 -0.6006
vn 0.9914 -0.1196 -0.0523
vn 0.5333 0.4756 -0.6996
vn 0.8872 0.2222 -0.4043
vn 0.5090 0.2390 -0.8269
vn 0.0302 0.2267 -0.9735
vn 0.3361 0.7185 -0.6089
vn -0.0275 0.2661 -0.9636
vn -0.4667 -0.1934 -0.8630
vn -0.5613 -0.2794 -0.7791
vn -0.5409 0.2703 -0.7965
vn 0.0189 0.7143 -0.6996
vn 0.3746 0.3196 -0.8704
vn 0.5996 0.4166 -0.6834
vn 0.6095 0.2523 -0.7515
vn 0.1354 0.8136 -0.5654
vn 0.3080 0.7801 -0.5446
vn 0.0576 0.6979 -0.7139
vn 0.3366 0.9416 -0.0000
vn 0.4358 0.8822 0.1784
vn 0.5656 0.8214 0.0732
vn 0.2317 0.7021 -0.6733
vn 0.2554 0.8672 -0.4275
vn 0.1331 0.9874 -0.0860
vn 0.2771 0.9599 -0.0433
vn 0.3689 0.8907 -0.2656
vn 0.2337 0.9715 0.0394
vn 0.9771 -0.1385 0.1615
vn 0.6468 0.6554 0.3901
vn 0.4778 0.8783 0.0143
vn 0.3627 0.8121 -0.4571
vn 0.2097 0.8586 -0.4679
vn 0.2122 0.9137 -0.3465
vn 0.2170 0.9334 -0.2857
vn -0.5504 0.1688 -0.8177
vn -0.3173 0.0192 -0.9481
vn -0.4853 0.0631 -0.8721
vn -0.3853 0.1248 -0.9143
vn 0.0738 0.1010 -0.9921
vn 0.1186 0.0631 -0.9909
vn -0.6429 0.3134 -0.6989
vn -0.7456 0.3182 -0.5856
vn -0.1262 0.2699 -0.9546
vn -0.0607 0.2642 -0.9626
vn 0.4436 0.0761 -0.8930
vn 0.2850 0.0866 -0.9546
vn 0.5197 0.2020 -0.8301
vn 0.6196 0.0596 -0.7827
vn -0.1408 -0.2903 -0.9465
vn -0.1822 -0.3236 -0.9285
vn -0.1729 -0.2569 -0.9509
vn 0.6720 -0.2477 -0.6979
vn 0.6968 -0.0980 -0.7105
vn -0.5002 0.4756 -0.7237
vn -0.3350 0.6302 -0.7004
vn -0.8208 0.0614 -0.5679
vn -0.0000 0.8812 -0.4727
vn 0.1841 0.9824 -0.0324
vn 0.3217 0.0190 -0.9467
vn 0.3934 0.1275 -0.9105
vn 0.4053 -0.1167 -0.9067
vn 0.1645 0.4596 -0.8728
vn 0.2166 0.5376 -0.8149
vn -0.1285 0.4509 -0.8833
vn 0.2019 0.5431 -0.8150
vn 0.5690 0.4667 -0.6771
vn 0.1421 0.9026 -0.4064
vn -0.0362 -0.0932 -0.9950
vn -0.0819 0.0780 -0.9936
vn 0.1757 0.1887 -0.9662
vn 0.1104 -0.6525 -0.7497
vn 0.2181 -0.2258 -0.9494
vn 0.1727 -0.5193 -0.8370
vn 0.0075 0.0887 -0.9960
vn -0.0340 0.0107 -0.9994
vn 0.0672 0.3156 -0.9465
vn -0.3717 -0.1142 -0.9213
vn -0.3194 -0.0572 -0.9459
vn 0.0399 -0.0904 -0.9951
vn 0.0893 0.0491 -0.9948
vn -0.4547 -0.1340 -0.8805
vn -0.7433 -0.6689 0.0054
vn -0.9192 -0.3926 0.0297
vn -0.6508 -0.7376 -0.1802
vn -0.5245 -0.8492 0.0615
vn -0.3773 -0.5922 -0.7120
vn -0.4320 -0.3776 -0.8190
vn -0.4265 -0.8896 -0.1635
vn -0.9372 -0.0264 -0.3477
vn -0.9633 -0.1923 -0.1871
vn -0.9852 -0.0852 -0.1487
vn -0.2077 0.2919 -0.9336
vn -0.4156 0.0587 -0.9076
vn -0.4620 0.1518 -0.8738
vn 0.2704 0.4540 -0.8490
vn 0.1300 0.5318 -0.8368
vn 0.2758 0.6320 -0.7242
vn 0.3468 0.5685 -0.7461
vn -0.2816 0.9492 0.1402
vn 0.0168 0.9945 -0.1036
vn -0.0277 0.9871 -0.1576
vn 0.6815 -0.6774 -0.2770
vn 0.5672 -0.7363 -0.3690
vn 0.5114 -0.8555 -0.0810
vn 0.8795 -0.1695 0.4447
vn 0.9926 -0.1038 0.0632
vn 0.9976 0.0369 -0.0579
vn -0.7139 -0.0216 -0.6999
vn -0.3915 -0.0445 -0.9191
vn -0.5999 -0.2007 -0.7745
vn -0.5355 0.0305 -0.8440
vn -0.8846 -0.3519 0.3059
vn 0.9178 0.3674 -0.1503
vn 0.8285 -0.0133 -0.5599
vn 0.8456 -0.0122 -0.5337
vn 0.6540 0.1166 -0.7475
vn 0.8315 0.0113 -0.5554
vn 0.7330 0.6740 -0.0921
vn 0.8154 0.4252 -0.3929
vn 0.8136 0.3692 -0.4492
vn -0.8796 -0.4745 -0.0340
vn -0.7170 -0.6756 -0.1715
vn -0.8105 -0.5717 -0.1275
vn -0.8631 -0.5046 -0.0192
vn -0.9775 -0.1684 -0.1270
vn -0.9713 -0.0930 -0.2191
vn -0.0153 -0.9817 -0.1900
vn 0.0593 -0.9793 -0.1937
vn 0.1658 -0.9542 -0.2490
vn 0.2019 -0.9791 -0.0238
vn 0.2284 -0.9509 -0.2088
vn 0.3969 -0.9054 -0.1508
vn 0.6617 -0.7326 -0.1594
vn 0.5315 -0.8267 -0.1844
vn 0.7210 -0.6618 -0.2053
vn 0.8670 -0.4982 0.0146
vn 0.8502 -0.4961 -0.1761
vn 0.9627 -0.1255 -0.2398
vn -0.0371 -0.6556 0.7542
vn -0.2429 -0.3544 0.9030
vn -0.0546 -0.8884 0.4558
vn -0.7850 0.0712 -0.6154
vn -0.7111 0.1695 -0.6824
vn -0.7474 0.0042 -0.6644
vn -0.7387 0.3503 -0.5758
vn -0.6886 0.4485 -0.5698
vn -0.6401 0.3474 -0.6853
vn -0.6633 0.5182 -0.5399
vn 0.9703 0.1985 -0.1379
vn 0.9505 0.3083 -0.0383
vn -0.6800 0.4518 -0.5775
vn -0.6915 0.3745 -0.6177
vn -0.0771 0.2238 0.9716
vn -0.0416 0.5662 0.8232
vn -0.4192 0.5333 0.7348
vn 0.9547 -0.1170 -0.2738
vn -0.6698 0.4990 -0.5499
vn -0.5052 0.6637 -0.5516
vn -0.4567 0.5972 -0.6594
vn -0.3326 0.7938 -0.5092
vn -0.9868 -0.1106 -0.1187
vn -0.9813 -0.1346 -0.1375
vn -0.9406 -0.1831 -0.2858
vn -0.9837 -0.1546 -0.0919
vn 0.8652 -0.4994 0.0452
vn 0.7719 -0.2645 0.5782
vn 0.4229 -0.7014 0.5737
vn -0.8823 0.3418 -0.3235
vn -0.8655 0.4607 -0.1965
vn -0.8650 0.4711 -0.1727
vn -0.7807 0.0347 0.6239
vn -0.8709 -0.0951 0.4821
vn -0.9631 -0.1413 0.2291
vn -0.5430 0.7839 0.3011
vn -0.4851 0.8251 0.2897
vn -0.5836 0.6445 0.4940
vn -0.5306 0.6922 0.4891
vn 0.6798 0.7237 0.1191
vn 0.8202 0.4646 0.3338
vn 0.9613 0.2342 0.1452
vn 0.4980 0.5995 0.6265
vn 0.6052 0.7337 0.3089
vn 0.2724 0.8945 0.3543
vn 0.4583 0.8307 0.3160
vn 0.7769 0.5971 0.1997
vn 0.2731 0.9108 0.3095
vn 0.2979 0.8968 0.3270
vn 0.0734 0.9115 0.4047
vn -0.1494 0.9289 0.3390
vn -0.3992 -0.0887 -0.9125
vn -0.1755 -0.6207 -0.7641
vn -0.1800 -0.3616 -0.9148
vn -0.5379 0.4890 -0.6867
vn -0.4038 0.2004 -0.8926
vn -0.4727 0.2272 -0.8514
vn -0.8862 0.2936 -0.3583
vn -0.5181 0.7099 -0.4770
vn -0.4070 0.7990 -0.4427
vn -0.4417 0.8268 -0.3483
vn 0.0131 0.8911 -0.4536
vn -0.2478 0.9039 -0.3486
vn -0.3790 0.8336 -0.4020
vn 0.7282 0.6598 -0.1857
vn 0.6449 0.7363 -0.2049
vn 0.7397 0.6528 -0.1633
vn 0.7822 0.6141 -0.1054
vn 0.4253 0.2564 -0.8680
vn 0.6882 0.6519 -0.3184
vn 0.5101 0.6640 -0.5467
vn 0.5632 0.7692 -0.3019
vn 0.3396 0.7361 -0.5855
vn 0.3475 0.6943 -0.6303
vn 0.6146 0.6593 -0.4331
vn -0.0402 0.7313 -0.6809
vn -0.0362 0.7179 -0.6952
vn 0.8680 0.4632 -0.1788
vn 0.8814 0.1439 -0.4500
vn 0.9526 0.2530 -0.1687
vn 0.5551 0.7161 -0.4232
vn 0.3725 0.6895 -0.6212
vn -0.0902 0.6942 -0.7141
vn -0.3800 0.6152 -0.6907
vn -0.3198 0.6072 -0.7274
vn -0.4725 0.5126 -0.7170
vn -0.4199 0.5661 -0.7094
vn -0.5610 0.4240 -0.7110
vn -0.5161 0.5012 -0.6946
vn -0.5739 0.3708 -0.7302
vn -0.6057 0.3416 -0.7186
vn -0.5643 0.3460 -0.7496
vn -0.5668 0.3669 -0.7376
vn -0.5634 0.3638 -0.7417
vn -0.5569 0.3308 -0.7619
vn -0.5380 0.4540 -0.7102
vn -0.5248 0.3881 -0.7576
vn -0.5170 0.4222 -0.7446
vn -0.5351 0.4430 -0.7193
vn -0.4872 0.4348 -0.7574
vn -0.5025 0.4180 -0.7568
vn -0.0909 -0.2240 -0.9703
vn -0.3017 -0.3947 -0.8679
vn 0.2487 -0.9225 -0.2951
vn -0.5911 -0.1607 -0.7904
vn -0.4160 -0.0998 -0.9039
vn -0.5532 -0.1167 -0.8248
vn -0.9333 -0.2247 -0.2803
vn -0.7915 -0.3332 -0.5123
vn -0.9857 -0.0114 -0.1682
vn 0.0290 -0.4787 -0.8775
vn 0.3738 -0.3625 -0.8538
vn 0.1860 -0.3987 -0.8980
vn 0.5065 -0.8617 -0.0310
vn 0.3731 -0.9026 -0.2146
vn -0.1006 -0.5963 -0.7964
vn -0.0635 -0.6826 -0.7280
vn -0.1696 -0.6296 -0.7582
vn 0.1266 -0.1793 -0.9756
vn 0.3511 -0.9119 -0.2127
vn 0.3802 -0.7481 -0.5438
vn 0.9971 0.0732 0.0226
vn 0.9779 -0.2008 -0.0575
vn 0.9209 -0.3454 0.1806
vn -0.8756 0.1572 -0.4568
vn -0.8972 0.0841 -0.4335
vn -0.9032 0.0337 -0.4279
vn -0.8629 0.2306 -0.4498
vn -0.7742 0.3980 -0.4922
vn -0.6728 0.2367 -0.7010
vn -0.7288 0.2181 -0.6491
vn -0.6423 0.3278 -0.6928
vn -0.6705 0.4644 -0.5785
vn -0.4323 0.6911 -0.5793
vn -0.2709 0.7779 -0.5670
vn -0.9818 -0.1121 -0.1535
vn -1.0000 -0.0000 0.0001
vn -0.9426 -0.2556 -0.2151
vn -0.9878 -0.1366 0.0749
vn -0.9461 -0.1977 0.2567
vn -0.1551 0.8160 -0.5569
vn -0.3601 0.8733 -0.3282
vn -0.2881 0.9340 -0.2113
vn -0.2601 0.8125 0.5217
vn -0.5257 0.6519 0.5465
vn -0.7978 0.5405 -0.2671
vn -0.0296 0.7746 0.6318
vn 0.8001 0.4548 0.3912
vn 0.6135 0.6032 0.5096
vn 0.5718 0.6252 0.5312
vn 0.2816 0.8163 0.5043
vn 0.8410 0.4950 0.2183
vn -0.2662 -0.9310 -0.2497
vn -0.1290 -0.9098 -0.3945
vn -0.1202 -0.9137 -0.3882
vn -0.6280 0.0214 -0.7779
vn -0.3974 -0.2491 -0.8832
vn -0.5481 -0.0065 -0.8364
vn -0.7176 -0.0525 -0.6945
vn 0.1845 -0.9462 -0.2658
vn 0.1071 -0.9283 -0.3561
vn 0.2615 -0.8843 -0.3869
vn -0.3439 -0.1343 -0.9294
vn -0.3133 -0.1080 -0.9435
vn 0.3935 -0.7930 -0.4651
vn 0.1677 -0.9235 -0.3450
vn -0.2282 -0.3029 -0.9253
vn -0.4354 -0.1660 -0.8848
vn -0.4115 -0.3671 -0.8342
vn -0.8030 -0.3968 -0.4447
vn -0.9296 -0.3248 0.1740
vn -0.8255 -0.2434 -0.5093
vn -0.3954 -0.8909 -0.2235
vn -0.3309 -0.9430 0.0367
vn -0.8613 -0.4947 -0.1161
vn -0.7610 -0.5713 -0.3074
vn -0.9358 -0.2550 -0.2433
vn -0.8162 -0.4089 -0.4082
vn -0.9775 0.1418 0.1563
vn -0.9877 0.0112 0.1558
vn -0.9669 -0.1021 0.2340
vn -0.9759 -0.2073 -0.0684
vn -0.9980 -0.0324 0.0537
vn -0.9627 0.0015 -0.2705
vn -0.9905 -0.1377 -0.0060
vn 0.0265 -0.4453 -0.8950
vn 0.1412 -0.3632 -0.9209
vn 0.1369 -0.2747 -0.9517
vn 0.2655 -0.3193 -0.9097
vn 0.1859 -0.4306 -0.8832
vn 0.9846 0.1701 0.0415
vn 0.9377 -0.2167 -0.2716
vn 0.9941 0.0943 -0.0529
vn 0.0601 0.9973 -0.0427
vn -0.2566 0.9663 0.0190
vn 0.1960 0.9512 0.2381
vn 0.1733 -0.0432 -0.9839
vn 0.3080 0.3712 -0.8760
vn 0.6539 0.2162 -0.7250
vn 0.5098 0.4098 -0.7564
vn 0.5146 -0.6368 -0.5742
vn 0.8413 -0.3373 -0.4225
vn 0.5069 -0.6309 -0.5874
vn -0.2532 -0.4881 -0.8353
vn 0.5578 -0.5229 -0.6445
vn -0.2881 0.3846 -0.8770
vn -0.3804 -0.3207 -0.8674
vn -0.1688 -0.7413 -0.6496
vn -0.5712 -0.6326 -0.5229
vn -0.7711 -0.1000 -0.6289
vn 0.6599 -0.4641 -0.5909
vn 0.4529 -0.5802 -0.6769
vn 0.8967 -0.4425 -0.0131
vn 0.0270 -0.6884 -0.7248
vn 0.4177 -0.6650 -0.6191
vn -0.2695 -0.9627 0.0222
vn 0.0951 -0.9946 0.0406
vn 0.3316 -0.9338 0.1346
vn -0.4487 -0.7687 -0.4557
vn 0.0801 -0.0327 -0.9962
vn -0.1983 -0.2236 -0.9543
vn -0.0289 -0.0113 -0.9995
vn 0.7864 -0.2088 -0.5814
vn 0.5760 0.0075 -0.8174
vn 0.6825 0.1577 -0.7137
vn -0.5644 -0.5674 -0.5996
vn 0.6505 0.6623 -0.3719
vn 0.9508 0.2961 -0.0910
vn 0.8386 0.5352 -0.1013
vn 0.5299 0.1354 -0.8372
vn 0.7294 0.6619 0.1729
vn 0.9645 0.2618 -0.0348
vn 0.9883 0.1461 -0.0429
vn 0.6573 -0.2704 -0.7034
vn -0.9597 0.0176 -0.2806
vn -0.8907 0.1821 -0.4166
vn -0.8890 0.2088 -0.4076
vn -0.8885 0.1733 -0.4250
vn -0.7949 0.3035 -0.5254
vn -0.8950 0.1095 -0.4324
vn -0.4985 0.4180 -0.7595
vn -0.5124 0.5613 -0.6500
vn -0.3808 0.5741 -0.7249
vn -0.2017 0.6811 -0.7038
vn 0.0692 -0.9954 0.0666
vn -0.0185 -0.9919 -0.1261
vn -0.1650 -0.7449 0.6464
vn -0.0093 -0.9644 -0.2641
vn -0.0356 0.6519 -0.7575
vn -0.0195 0.8775 -0.4791
vn -0.0604 0.7965 -0.6016
vn 0.0865 0.8105 -0.5793
vn -0.9600 0.0575 -0.2739
vn -0.9945 0.0773 0.0704
vn -0.9903 0.0795 -0.1138
vn -0.9786 -0.0000 0.2057
vn -0.9937 0.0940 0.0608
vn -0.4371 0.8952 0.0873
vn -0.4656 0.8687 0.1691
vn -0.0454 0.9295 0.3660
vn -0.6636 0.7291 0.1675
vn 0.6858 0.6780 0.2644
vn 0.7216 0.6204 0.3073
vn 0.6359 0.7016 0.3216
vn 0.6632 0.6683 0.3370
vn 0.5513 0.7692 0.3231
vn 0.5765 0.7359 0.3551
vn 0.6069 0.7900 0.0873
vn 0.5541 0.8324 -0.0108
vn -0.4831 0.6472 -0.5897
vn -0.2820 0.6517 -0.7041
vn -0.1349 0.7904 -0.5976
vn -0.4376 -0.8594 -0.2644
vn -0.2836 -0.8795 -0.3821
vn -0.3599 -0.7815 -0.5096
vn -0.1796 -0.8724 -0.4547
vn -0.7815 0.1346 -0.6093
vn -0.6741 -0.0205 -0.7383
vn -0.7686 0.0030 -0.6397
vn -0.5774 0.3236 -0.7496
vn 0.0610 -0.8660 -0.4962
vn 0.3284 -0.8344 -0.4427
vn 0.3289 -0.8822 -0.3369
vn -0.7360 -0.1302 -0.6644
vn -0.6694 -0.0569 -0.7407
vn -0.7279 0.0005 -0.6857
vn -0.7807 -0.0734 -0.6205
vn -0.6958 -0.1299 -0.7064
vn -0.7243 -0.1899 -0.6628
vn -0.8052 -0.1611 -0.5707
vn -0.8789 0.0140 -0.4769
vn -0.7299 -0.2004 -0.6535
vn -0.0605 -0.0526 -0.9968
vn 0.1845 -0.9058 0.3813
vn 0.2229 -0.9432 -0.2463
vn 0.2265 -0.9693 -0.0952
vn -0.8881 -0.0704 -0.4542
vn -0.9450 -0.0311 -0.3256
vn -0.7412 -0.0902 -0.6652
vn -0.7223 -0.4107 -0.5565
vn -0.9370 -0.3127 -0.1559
vn -0.8956 -0.3265 -0.3021
vn -0.9006 -0.2912 -0.3226
vn -0.2622 0.9553 0.1362
vn -0.2272 0.9189 -0.3225
vn -0.3034 0.9499 -0.0758
vn -0.9175 0.3330 0.2177
vn -0.9058 0.2575 0.3365
vn -0.8472 0.3763 0.3750
vn -0.6192 -0.0173 0.7851
vn -0.5429 -0.2576 0.7993
vn -0.5385 0.0958 0.8371
vn -0.5595 -0.6912 0.4574
vn -0.7406 -0.6089 0.2843
vn -0.2541 -0.5881 0.7679
vn -0.7983 -0.3370 0.4991
vn -0.5187 -0.2678 0.8119
vn -0.9738 -0.0422 0.2235
vn -0.9493 -0.2279 0.2164
vn 0.5876 -0.8048 -0.0845
vn 0.5144 -0.8491 -0.1200
vn 0.2685 0.9179 0.2921
vn -0.2147 0.7011 0.6800
vn -0.2868 0.7743 0.5642
vn -0.0394 0.7609 0.6476
vn 0.2647 0.8808 0.3926
vn 0.0988 0.6721 0.7339
vn 0.2678 0.9508 -0.1558
vn 0.7604 -0.6493 -0.0146
vn 0.5876 -0.7927 0.1622
vn 0.5462 -0.6861 0.4805
vn 0.4770 -0.7313 0.4875
vn 0.4686 -0.8331 0.2939
vn 0.8692 -0.4371 -0.2312
vn 0.5301 -0.7045 0.4719
vn -0.1527 0.8682 0.4722
vn 0.0877 0.6199 0.7797
vn -0.3842 0.6951 0.6077
vn -0.2058 0.8188 0.5360
vn 0.2918 0.5372 0.7914
vn 0.0951 0.5862 0.8046
vn 0.1708 0.5345 0.8278
vn 0.9956 0.0825 0.0434
vn 0.9602 0.1635 0.2263
vn 0.9920 -0.0274 0.1235
vn 0.3101 -0.0486 0.9495
vn 0.3066 -0.1697 0.9366
vn 0.0956 0.0826 0.9920
vn 0.8733 0.1187 0.4725
vn 0.7667 0.0313 0.6412
vn 0.7885 -0.0361 0.6139
vn -0.0933 -0.2768 0.9564
vn 0.1719 -0.8603 0.4799
vn 0.2986 -0.8052 0.5123
vn 0.5580 -0.6734 0.4850
vn 0.1084 -0.5944 0.7969
vn 0.2293 -0.9509 -0.2078
vn -0.0882 -0.5515 0.8295
vn -0.0058 -0.6600 0.7512
vn -0.0322 -0.7315 0.6811
vn -0.1142 -0.7049 0.7001
vn 0.0207 -0.6358 0.7715
vn 0.0152 -0.3862 0.9223
vn -0.4141 0.3080 0.8565
vn -0.3302 -0.1983 0.9229
vn 0.4170 -0.9084 0.0313
vn 0.7451 -0.6649 0.0528
vn 0.6360 -0.7237 0.2680
vn 0.9493 -0.2486 0.1926
vn 0.9478 -0.1807 0.2625
vn 0.8855 -0.3231 0.3340
vn 0.3443 0.0638 0.9367
vn 0.9045 0.4026 0.1408
vn 0.6647 0.6982 0.2659
vn 0.8336 0.5401 0.1156
vn -0.9264 0.1722 -0.3348
vn -0.7133 0.1630 -0.6816
vn -0.9549 0.2647 -0.1345
vn -0.4017 -0.0130 -0.9157
vn -0.2733 -0.3558 -0.8937
vn -0.4680 -0.2680 -0.8421
vn -0.4391 -0.0195 -0.8982
vn -0.1507 -0.2358 -0.9600
vn -0.0628 -0.4503 -0.8907
vn -0.2204 0.0441 -0.9744
vn -0.3863 0.1040 -0.9165
vn -0.4372 -0.0361 -0.8986
vn 0.0919 -0.2023 -0.9750
vn 0.1688 -0.0239 -0.9854
vn 0.4944 -0.0243 -0.8689
vn 0.4118 0.0012 -0.9113
vn 0.7568 0.2268 -0.6130
vn 0.7986 0.0517 -0.5996
vn 0.7404 0.3644 -0.5648
vn 0.4095 0.3545 -0.8406
vn 0.3703 0.6343 -0.6786
vn 0.3415 0.5164 -0.7853
vn 0.4096 0.6684 -0.6209
vn 0.3278 0.7016 -0.6327
vn -0.7345 0.2345 -0.6368
vn -0.9429 -0.3085 -0.1255
vn -0.6840 -0.5596 0.4680
vn -0.9922 0.1141 -0.0503
vn -0.1086 -0.9599 -0.2586
vn -0.2107 -0.6467 -0.7330
vn -0.2936 -0.4461 -0.8455
vn 0.7621 -0.4276 -0.4862
vn -0.5387 -0.5024 -0.6763
vn 0.8203 0.2761 -0.5009
vn 0.7036 0.1853 -0.6860
vn -0.4691 0.8615 0.1946
vn -0.1610 0.9703 0.1806
vn -0.3875 0.8405 -0.3787
vn -0.7080 0.6959 0.1204
vn 0.1900 0.9302 -0.3141
vn 0.1544 0.9842 0.0865
vn 0.3480 0.9196 0.1825
vn -0.2398 0.9621 -0.1302
vn 0.3337 0.5878 -0.7370
vn -0.1933 0.4025 -0.8948
vn -0.1687 0.7902 -0.5892
vn 0.3816 0.4933 -0.7817
vn 0.6316 0.2558 -0.7318
vn -0.9845 0.0287 0.1730
vn -0.9898 -0.0850 0.1142
vn -0.9899 0.0163 -0.1406
vn -0.4808 -0.7584 -0.4401
vn -0.5710 -0.7558 -0.3204
vn -0.6332 -0.6704 -0.3867
vn -0.4333 0.8443 -0.3153
vn -0.1519 0.9850 0.0817
vn -0.0880 0.9953 -0.0400
vn -0.5463 0.8347 -0.0693
vn 0.5509 -0.7712 -0.3190
vn 0.4507 -0.8108 -0.3734
vn 0.5829 -0.6821 -0.4415
vn -0.3871 0.8503 -0.3566
vn -0.3896 0.8960 -0.2133
vn -0.2800 0.9257 -0.2543
vn 0.3049 0.8944 -0.3272
vn 0.4054 0.8879 -0.2175
vn 0.4920 0.8356 -0.2443
vn 0.6138 0.7273 0.3070
vn 0.6025 0.7257 0.3323
vn 0.5836 0.6974 0.4161
vn 0.5567 0.7050 0.4395
vn -0.7926 -0.0000 -0.6098
vn -0.9250 -0.1711 -0.3392
vn -0.5479 -0.6076 -0.5750
vn -0.8797 0.1484 -0.4517
vn -0.7766 0.4086 -0.4796
vn -0.8003 0.2110 -0.5612
vn -0.4498 -0.0253 -0.8928
vn -0.4588 -0.4949 -0.7380
vn -0.4438 -0.1345 -0.8860
vn -0.7408 -0.1994 -0.6414
vn -0.3826 -0.2428 -0.8914
vn -0.2986 0.5345 -0.7907
vn -0.4534 0.6738 -0.5835
vn -0.1439 0.6792 -0.7197
vn -0.6133 -0.0889 -0.7848
vn -0.1310 0.1622 -0.9780
vn 0.0717 -0.0383 -0.9967
vn 0.2301 0.2698 -0.9350
vn 0.2350 0.3002 -0.9245
vn -0.5526 -0.6763 -0.4870
vn -0.1511 -0.7987 -0.5824
vn -0.9650 -0.0000 -0.2622
vn 0.0526 -0.6759 -0.7351
vn 0.3349 -0.7116 -0.6176
vn -0.8085 -0.0000 -0.5885
vn -0.9083 -0.3272 -0.2606
vn -0.9070 -0.2169 -0.3610
vn -0.2635 -0.9639 -0.0386
vn -0.3242 -0.9289 -0.1790
vn -0.2892 -0.9571 0.0154
vn -0.7767 0.3710 -0.5090
vn -0.8394 0.5087 -0.1915
vn -0.2693 0.7735 -0.5738
vn -0.2545 0.8581 -0.4459
vn -0.3187 0.7623 -0.5634
vn -0.0429 -0.9803 -0.1928
vn -0.5097 -0.8284 0.2321
vn -0.3286 -0.9412 -0.0783
vn -0.4297 -0.8949 -0.1208
vn -0.9889 -0.0024 -0.1487
vn -0.9139 -0.1371 -0.3821
vn -0.9738 0.1417 -0.1777
vn -0.6880 -0.1111 -0.7172
vn -0.9246 -0.1475 -0.3511
vn -0.9235 -0.2848 -0.2572
vn -0.3051 -0.1379 -0.9423
vn 0.0740 -0.4290 -0.9003
vn -0.2085 -0.3802 -0.9011
vn 0.4770 -0.7583 0.4443
vn 0.7019 -0.6895 0.1787
vn 0.6263 -0.6889 0.3650
vn -0.1095 0.6227 -0.7748
vn -0.5372 0.7522 -0.3817
vn -0.5776 0.7580 -0.3030
vn 0.2575 0.8742 -0.4117
vn 0.4477 0.8702 -0.2056
vn 0.3701 0.7063 -0.6035
vn 0.1989 0.4996 -0.8431
vn -0.0094 0.5998 -0.8001
vn -0.0427 0.6761 -0.7355
vn 0.7479 -0.6020 0.2797
vn 0.1602 0.1122 -0.9807
vn 0.4506 -0.0224 -0.8925
vn -0.2181 -0.1822 -0.9588
vn 0.3671 0.5978 -0.7126
vn 0.4880 0.7254 -0.4854
vn 0.5832 0.4765 -0.6579
vn 0.2984 0.8934 -0.3358
vn 0.8719 -0.2221 0.4365
vn -0.2726 0.2706 -0.9233
vn -0.3144 -0.4842 -0.8165
vn -0.0669 -0.9533 -0.2945
vn -0.5226 -0.6153 -0.5901
vn 0.4349 -0.5107 -0.7416
vn -0.2385 -0.8061 -0.5415
vn 0.2073 -0.4412 -0.8731
vn -0.9927 0.1018 -0.0654
vn -0.9426 -0.3025 -0.1418
vn -0.8152 -0.4589 0.3534
vn 0.0668 -0.6335 -0.7709
vn 0.2251 -0.5115 -0.8293
vn 0.1344 -0.2751 -0.9520
vn 0.0164 -0.7869 -0.6169
vn 0.6665 -0.7141 -0.2140
vn 0.9352 -0.1889 -0.2995
vn 0.9341 0.3321 -0.1307
vn 0.9891 -0.1450 -0.0265
vn 0.0201 -0.2023 -0.9791
vn 0.7812 0.5460 0.3026
vn 0.5799 0.7324 0.3568
vn 0.8988 0.1769 0.4012
vn -0.8173 0.3658 -0.4453
vn -0.9222 0.2933 -0.2519
vn -0.9106 -0.0207 -0.4128
vn -0.4397 0.0460 -0.8970
vn -0.7827 0.5591 -0.2734
vn -0.9849 0.0350 -0.1697
vn -0.5213 -0.1535 -0.8395
vn -0.6261 -0.0636 -0.7772
vn -0.6032 0.2721 -0.7498
vn 0.5211 0.8482 -0.0950
vn 0.6682 0.5905 0.4526
vn 0.8280 0.5546 -0.0832
vn 0.5566 -0.1445 -0.8181
vn 0.6995 0.2300 -0.6766
vn 0.4536 0.8721 0.1835
vn -0.1377 0.9841 -0.1126
vn 0.2124 0.9158 0.3410
vn 0.0763 0.9948 0.0681
vn 0.6273 0.5519 -0.5494
vn 0.6663 0.6921 -0.2775
vn 0.7153 0.6402 -0.2800
vn 0.0787 0.9146 -0.3965
vn 0.4183 0.7451 -0.5195
vn 0.5496 0.7686 -0.3274
vn -0.5018 0.6551 -0.5648
vn 0.9096 0.3154 0.2706
vn 0.9739 0.0720 0.2154
vn 0.9972 0.0132 0.0735
vn 0.8487 0.4301 0.3077
vn -0.2031 0.6163 -0.7609
vn -0.1863 0.8321 -0.5224
vn 0.4007 0.8996 -0.1738
vn 0.2377 0.9705 -0.0418
vn 0.4654 0.8851 0.0027
vn -0.0635 0.9928 0.1017
vn -0.2529 0.8763 0.4101
vn 0.7929 0.3913 0.4671
vn 0.9025 0.0873 0.4217
vn 0.6755 0.7323 0.0869
vn 0.5444 0.7607 0.3535
vn 0.7632 0.5099 0.3968
vn -0.9075 -0.1239 -0.4014
vn -0.9820 -0.0426 -0.1838
vn -0.4242 0.8978 -0.1187
vn -0.0619 0.9974 0.0381
vn -0.3349 0.9418 0.0302
vn -0.3542 0.9091 0.2195
vn -0.7378 0.5392 0.4061
vn -0.6757 0.2025 0.7088
vn -0.6774 0.5695 0.4656
vn -0.4445 -0.3341 0.8311
vn -0.1602 -0.1453 0.9763
vn -0.1626 0.0391 0.9859
vn 0.6416 -0.7314 -0.2309
vn 0.3177 -0.8957 -0.3111
vn 0.6357 -0.6584 -0.4028
vn -0.7387 -0.4471 -0.5044
vn -0.7906 -0.4701 -0.3923
vn -0.8033 -0.3978 -0.4433
vn -0.3360 -0.6555 0.6764
vn -0.4653 -0.4925 0.7355
vn -0.4837 -0.6115 0.6262
vn 0.4522 -0.6384 0.6229
vn 0.5107 -0.5027 0.6975
vn 0.3281 -0.6086 0.7225
vn -0.5342 0.6125 0.5826
vn -0.4886 0.5089 0.7087
vn -0.0193 0.6466 0.7626
vn 0.8684 -0.3212 -0.3778
vn 0.8888 -0.3496 -0.2964
vn 0.8322 -0.4207 -0.3612
vn -0.4458 0.7250 0.5250
vn -0.2386 0.7763 0.5835
vn -0.3593 0.8074 0.4679
vn 0.3867 0.7885 0.4782
vn 0.2285 0.8101 0.5400
vn 0.3372 0.7069 0.6218
vn 0.6057 0.7293 0.3182
vn 0.5182 0.7686 0.3752
vn 0.4169 0.8485 0.3261
vn 0.5761 0.7352 0.3573
vn 0.4547 0.7904 0.4105
vn 0.4533 0.8589 0.2381
vn 0.8337 0.0313 -0.5514
vn 0.8206 -0.0761 -0.5665
vn -0.6803 0.6068 -0.4111
vn -0.7020 0.6374 -0.3178
vn -0.6099 0.6870 -0.3950
vn 0.6892 0.5771 -0.4381
vn -0.3919 -0.8073 -0.4413
vn -0.5088 -0.7977 -0.3237
vn -0.6464 0.4564 -0.6114
vn -0.7904 0.4126 -0.4527
vn -0.9667 0.1436 -0.2117
vn -0.9850 0.0809 0.1526
vn -0.7872 0.2273 -0.5733
vn -0.8789 -0.0293 -0.4760
vn -0.9873 -0.1419 -0.0715
vn -0.3604 -0.9280 -0.0939
vn -0.6962 -0.6790 -0.2330
vn -0.4661 -0.8244 -0.3211
vn -0.8216 -0.5134 -0.2478
vn -0.7711 -0.6227 -0.1328
vn -0.6231 0.0515 -0.7804
vn -0.6981 0.0271 -0.7154
vn -0.6322 0.0284 -0.7743
vn -0.7627 0.0067 -0.6467
vn -0.6979 0.1663 -0.6966
vn -0.8342 0.2500 -0.4916
vn 0.0067 -0.9997 0.0245
vn -0.9291 -0.3629 -0.0705
vn 0.0692 -0.9972 0.0291
vn 0.0639 -0.9979 0.0114
vn -0.2553 -0.9471 0.1946
vn -0.9630 0.1527 -0.2219
vn -0.9983 0.0578 0.0086
vn -0.4088 0.5363 -0.7384
vn -0.6333 -0.1988 -0.7480
vn -0.2606 -0.2176 -0.9406
vn -0.2789 -0.4718 -0.8364
vn -0.7674 -0.0438 -0.6396
vn -0.3223 -0.3676 -0.8724
vn -0.0378 -0.3392 -0.9399
vn 0.1297 -0.1704 -0.9768
vn 0.2137 0.0430 -0.9759
vn 0.3139 -0.3902 -0.8656
vn 0.2692 -0.8418 -0.4679
vn 0.3647 -0.8133 -0.4534
vn 0.3924 -0.8867 -0.2447
vn -0.7038 0.1112 -0.7016
vn -0.5541 0.4379 -0.7080
vn -0.3861 -0.5018 -0.7740
vn -0.0001 -0.5277 -0.8494
vn -0.1009 -0.6855 -0.7210
vn -0.1255 -0.2190 -0.9676
vn -0.5353 -0.0000 -0.8447
vn -0.7413 -0.0000 -0.6712
vn -0.6099 -0.1658 -0.7749
vn -0.6173 0.2706 -0.7387
vn -0.3699 -0.8926 -0.2578
vn -0.3898 -0.9147 -0.1068
vn -0.2171 -0.9746 -0.0547
vn -0.6877 0.3366 -0.6432
vn -0.6502 0.3667 -0.6654
vn -0.1008 0.4822 -0.8703
vn -0.0726 0.5763 -0.8140
vn -0.2238 0.6382 -0.7366
vn -0.7490 0.3919 -0.5343
vn -0.9971 -0.0281 0.0710
vn -0.9750 0.0277 -0.2206
vn -0.9504 -0.0310 -0.3094
vn 0.9748 -0.0482 -0.2176
vn 0.9945 0.0446 -0.0945
vn 0.9838 -0.1548 0.0903
vn 0.3734 0.5405 -0.7539
vn 0.3045 0.7125 -0.6321
vn 0.3350 0.6002 -0.7263
vn -0.0822 0.8383 -0.5389
vn 0.0675 -0.7878 0.6123
vn -0.1982 -0.6989 0.6872
vn -0.4365 -0.8704 0.2279
vn -0.9393 -0.2259 -0.2583
vn 0.2807 -0.5972 0.7513
vn 0.4564 -0.3467 0.8194
vn 0.2749 -0.2980 0.9141
vn 0.0582 -0.9949 -0.0827
vn 0.2436 -0.9691 0.0377
vn -0.4367 -0.8935 0.1046
vn 0.0149 -0.9728 0.2310
vn -0.3499 -0.6368 -0.6870
vn -0.3936 -0.8887 -0.2353
vn -0.6426 -0.6525 -0.4016
vn 0.2519 -0.9676 -0.0150
vn 0.2831 -0.9456 0.1603
vn 0.5185 -0.8548 -0.0205
vn 0.6414 -0.5182 0.5657
vn 0.6968 -0.3190 0.6424
vn 0.4428 0.0447 0.8955
vn 0.3326 0.1414 0.9324
vn 0.9395 -0.1776 0.2929
vn 0.7155 -0.3712 0.5918
vn -0.9994 -0.0152 -0.0324
vn -0.9908 -0.1166 0.0681
vn -0.9670 0.2109 0.1432
vn -0.4273 -0.2611 -0.8656
vn -0.7545 -0.0371 -0.6552
vn -0.3284 0.0795 -0.9412
vn -0.8935 -0.4491 -0.0050
vn -0.2457 0.8361 0.4905
vn -0.4043 0.7496 0.5241
vn 0.0109 0.5772 0.8165
vn 0.0978 0.3748 0.9219
vn -0.1061 0.4483 0.8876
vn 0.1424 0.2673 0.9530
vn 0.3010 0.3763 0.8762
vn 0.2184 0.3252 0.9201
vn 0.0558 -0.2654 0.9625
vn -0.3746 -0.2406 0.8954
vn 0.0092 -0.3515 0.9361
vn 0.0204 -0.7561 0.6542
vn 0.7449 0.6271 0.2276
vn 0.8281 0.3459 0.4411
vn 0.6930 0.5783 0.4305
vn 0.0421 -0.2960 0.9543
vn 0.0141 -0.2602 0.9655
vn 0.3356 0.7085 0.6209
vn 0.9017 0.0717 0.4263
vn -0.5407 0.3275 -0.7748
vn -0.7170 0.1268 -0.6854
vn -0.8334 0.0056 -0.5526
vn -0.5420 0.1950 -0.8174
vn -0.3292 0.2604 -0.9076
vn -0.4657 -0.0103 -0.8849
vn -0.1596 0.6198 -0.7683
vn 0.5607 0.4959 -0.6631
vn 0.3216 0.8813 -0.3461
vn 0.8573 0.2351 -0.4580
vn 0.2275 0.9301 -0.2885
vn 0.1892 0.7075 -0.6810
vn -0.0393 0.7059 -0.7073
vn 0.1649 0.8767 -0.4518
vn 0.1975 0.9617 -0.1898
vn 0.2572 0.9441 -0.2060
vn 0.8805 0.3363 0.3340
vn 0.9446 0.2845 0.1637
vn 0.9196 0.3786 0.1049
vn 0.5543 0.8257 0.1048
vn 0.4518 0.8830 0.1272
vn 0.9796 0.1070 -0.1701
vn 0.9708 0.2399 0.0088
vn 0.9995 0.0295 -0.0139
vn 0.6860 0.1682 -0.7079
vn 0.9563 0.0765 -0.2822
vn 0.7771 -0.0451 -0.6278
vn 0.2092 0.6654 -0.7165
vn 0.5330 0.5359 -0.6547
vn 0.8016 0.5197 -0.2957
vn -0.1131 0.6329 -0.7659
vn -0.1438 0.7254 -0.6731
vn 0.0001 0.6762 -0.7367
vn -0.0095 0.9999 -0.0082
vn 0.7362 0.3049 -0.6042
vn 0.4270 0.6451 -0.6336
vn 0.6095 0.5421 -0.5785
vn -0.5991 0.7681 -0.2259
vn -0.0452 0.8035 -0.5936
vn 0.0421 0.8614 -0.5062
vn -0.8693 -0.1932 -0.4549
vn -0.9558 -0.2939 -0.0027
vn -0.0233 0.9004 -0.4345
vn -0.1934 0.9805 0.0357
vn 0.4344 0.8874 0.1543
vn -0.2367 -0.0408 -0.9707
vn 0.0097 0.2568 -0.9664
vn 0.2756 -0.3187 -0.9069
vn 0.9806 -0.1924 -0.0378
vn 0.8543 0.4698 -0.2224
vn 0.9546 0.2306 0.1884
vn -0.8245 0.4724 -0.3115
vn -0.7271 0.6605 0.1874
vn -0.6447 0.6985 -0.3104
vn 0.0144 0.7823 -0.6227
vn 0.5397 0.8394 0.0646
vn 0.4149 0.7391 -0.5307
vn 0.6716 -0.6521 0.3518
vn 0.8956 -0.1912 0.4017
vn 0.7861 -0.4945 0.3707
vn -0.7086 -0.4749 0.5219
vn -0.7614 -0.3844 0.5220
vn -0.7913 -0.4234 0.4411
vn -0.7014 -0.4331 -0.5661
vn -0.7813 -0.3967 -0.4818
vn -0.7668 -0.3409 -0.5439
vn 0.7451 -0.3626 -0.5598
vn 0.7249 -0.4508 -0.5208
vn 0.6656 -0.4327 -0.6081
vn -0.7306 0.4558 -0.5085
vn -0.7099 0.5405 -0.4517
vn -0.6476 0.5589 -0.5179
vn 0.8560 -0.3070 0.4160
vn 0.8049 -0.3415 0.4852
vn 0.8508 -0.3832 0.3595
vn 0.6106 0.5966 -0.5209
vn 0.6958 0.5401 -0.4736
vn 0.6922 0.4830 -0.5362
vn 0.4459 0.4614 0.7670
vn 0.4966 0.7732 0.3945
vn 0.4896 0.8031 0.3397
vn -0.3821 -0.4982 -0.7784
vn -0.0000 -0.2967 -0.9550
vn -0.0000 -0.4948 -0.8690
vn 0.0913 -0.3538 -0.9308
vn 0.9014 -0.0729 0.4268
vn 0.8925 -0.1370 0.4298
vn 0.8092 -0.1949 0.5543
vn -0.1665 -0.0569 -0.9844
vn -0.3064 -0.0231 -0.9516
vn 0.0973 -0.5423 -0.8346
vn -0.2372 -0.1121 -0.9650
vn -0.4076 0.0901 -0.9087
vn -0.6880 0.0178 -0.7255
vn 0.0850 -0.1500 -0.9850
vn -0.1071 -0.1238 -0.9865
vn -0.1585 0.5117 -0.8444
vn -0.0325 0.7356 -0.6767
vn -0.3419 0.6809 -0.6477
vn -0.0201 0.6248 -0.7805
vn -0.1820 0.5834 -0.7915
vn -0.4383 -0.2775 -0.8549
vn -0.3604 -0.5741 -0.7352
vn -0.0930 -0.4962 -0.8632
vn -0.3219 -0.8401 -0.4365
vn -0.1075 -0.7510 -0.6515
vn -0.5066 -0.2940 -0.8105
vn -0.6210 -0.2405 -0.7460
vn 0.1824 -0.0859 -0.9795
vn -0.0197 -0.1690 -0.9854
vn 0.1197 0.2795 -0.9527
vn -0.6686 -0.7428 0.0355
vn -0.5818 -0.8084 0.0892
vn -0.6684 -0.7352 0.1124
vn -0.1245 -0.8453 -0.5196
vn -0.2740 -0.9372 -0.2159
vn 0.2978 -0.8339 0.4646
vn 0.3411 -0.7378 0.5825
vn 0.4134 -0.7807 0.4686
vn 0.1097 -0.9889 0.0998
vn 0.0546 -0.9978 0.0366
vn 0.0598 -0.9972 0.0454
vn -0.6557 0.2569 -0.7100
vn -0.4900 0.3643 -0.7920
vn -0.4187 0.1174 -0.9005
vn -0.6791 0.4717 -0.5623
vn 0.5688 -0.5918 0.5711
vn 0.5019 -0.6082 0.6150
vn 0.2875 -0.4281 0.8568
vn 0.4303 -0.3735 0.8218
vn 0.6510 -0.1699 0.7398
vn 0.6725 -0.6725 0.3090
vn 0.4682 0.2725 0.8406
vn 0.5033 -0.1357 0.8534
vn -0.5436 -0.0526 -0.8377
vn -0.3652 0.1137 -0.9240
vn -0.4260 0.2942 -0.8556
vn 0.0070 -0.4360 -0.8999
vn -0.3128 -0.5193 -0.7953
vn -0.1068 0.5347 -0.8383
vn -0.4062 0.5352 -0.7406
vn -0.0876 0.8445 -0.5283
vn -0.4896 -0.3497 -0.7987
vn -0.1983 0.8515 -0.4854
vn -0.1444 -0.0050 -0.9895
vn 0.4301 0.3114 -0.8474
vn 0.1086 0.4912 -0.8642
vn -0.0742 0.7053 -0.7050
vn -0.0015 0.7925 -0.6098
vn 0.0102 0.9510 -0.3092
vn -0.1937 0.9808 -0.0225
vn 0.1639 0.9841 -0.0680
vn 0.1490 0.9267 -0.3449
vn -0.2068 0.9679 0.1430
vn 0.7213 0.3171 0.6157
vn 0.7429 0.3339 0.5802
vn 0.7384 0.2854 0.6110
vn 0.6455 0.4775 0.5961
vn 0.5186 0.3589 0.7761
vn 0.9713 0.0349 -0.2354
vn 0.9582 0.2777 -0.0693
vn 0.9655 -0.2598 0.0150
vn 0.4142 0.8890 -0.1952
vn 0.3182 0.9478 -0.0205
vn 0.4893 0.8627 0.1282
vn 0.7608 0.3998 0.5112
vn 0.8013 0.5512 0.2327
vn 0.5250 0.8453 -0.0991
vn 0.5832 0.7739 0.2467
vn 0.7449 0.6557 -0.1232
vn -0.6810 0.5170 0.5186
vn -0.5904 0.5014 0.6324
vn -0.4012 0.6497 0.6457
vn -0.5862 0.7384 0.3333
vn -0.3071 0.8520 0.4240
vn -0.5706 0.7900 0.2242
vn -0.2311 0.8604 0.4542
vn -0.4198 0.9073 0.0229
vn -0.6851 0.7109 -0.1587
vn -0.6954 0.7130 -0.0898
vn -0.4519 0.8880 -0.0855
vn -0.2925 0.8515 -0.4351
vn -0.4193 0.8943 -0.1559
vn -0.4385 0.8384 -0.3237
vn -0.5810 0.5808 -0.5702
vn -0.2491 0.6715 -0.6978
vn -0.5618 0.1237 -0.8180
vn -0.8690 -0.0812 -0.4881
vn -0.5266 0.0276 -0.8497
vn -0.5789 0.3230 -0.7487
vn -0.4457 0.2677 -0.8542
vn -0.6224 0.4623 -0.6316
vn -0.5790 0.2765 -0.7670
vn -0.4174 0.3846 -0.8233
vn -0.1888 0.5860 -0.7880
vn -0.2187 0.6207 -0.7529
vn -0.0871 0.7580 -0.6464
vn -0.1596 0.7670 -0.6215
vn -0.3070 0.7054 -0.6389
vn -0.0534 0.7809 -0.6224
vn -0.0459 0.8280 -0.5589
vn -0.5709 -0.1596 -0.8054
vn -0.4996 0.0033 -0.8663
vn -0.4968 -0.1578 -0.8534
vn 0.2631 -0.2360 -0.9354
vn 0.3081 -0.1103 -0.9449
vn 0.1519 0.2067 -0.9665
vn 0.0793 0.2834 -0.9557
vn 0.1350 0.1307 -0.9822
vn 0.1077 -0.3761 -0.9203
vn -0.0782 -0.2021 -0.9762
vn -0.0475 -0.1958 -0.9795
vn -0.4617 -0.2559 -0.8493
vn -0.0524 -0.1657 -0.9848
vn -0.4471 -0.1084 -0.8879
vn -0.4008 -0.1586 -0.9023
vn -0.3597 -0.3185 -0.8770
vn 0.0594 -0.1232 -0.9906
vn 0.0296 0.1557 -0.9874
vn -0.0397 -0.1363 -0.9899
vn -0.0441 0.0578 -0.9974
vn 0.5590 0.1750 -0.8105
vn 0.2949 0.0306 -0.9550
vn 0.5842 -0.1632 -0.7950
vn 0.1808 0.2365 -0.9547
vn -0.5194 0.0374 -0.8537
vn -0.6309 -0.0050 -0.7758
vn -0.6960 -0.0809 -0.7135
vn -0.5513 0.1082 -0.8273
vn -0.5223 0.2342 -0.8199
vn -0.3854 0.3113 -0.8687
vn -0.6815 0.1750 -0.7106
vn -0.1421 -0.7827 -0.6059
vn -0.0657 -0.7525 -0.6553
vn -0.1838 -0.7583 -0.6254
vn 0.1611 -0.5988 -0.7845
vn -0.0919 -0.3084 -0.9468
vn 0.1577 -0.9787 -0.1315
vn -0.0275 -0.9323 -0.3607
vn 0.2907 -0.9510 -0.1054
vn -0.3428 0.6126 -0.7122
vn -0.6291 0.5674 -0.5314
vn -0.8367 0.4753 -0.2720
vn -0.9049 0.4087 -0.1191
vn -0.9786 0.2043 -0.0257
vn -0.8542 0.4000 -0.3320
vn -0.9033 0.4141 0.1121
vn -0.9463 0.2879 -0.1474
vn -0.8587 -0.1042 0.5018
vn -0.5533 0.7275 0.4056
vn -0.6481 0.4211 0.6346
vn -0.6154 0.4285 0.6615
vn -0.6402 0.6385 0.4271
vn -0.7530 0.5141 0.4107
vn -0.5902 0.0576 0.8052
vn -0.5599 0.1658 0.8118
vn -0.5755 0.0589 0.8157
vn -0.3854 0.3960 0.8334
vn -0.5196 0.7003 0.4894
vn -0.7615 0.4502 0.4663
vn -0.5661 0.6835 0.4609
vn -0.6908 -0.0678 -0.7199
vn -0.7476 0.1754 -0.6406
vn -0.4932 -0.3203 -0.8088
vn -0.8015 0.0860 -0.5918
vn -0.8322 0.0676 -0.5503
vn 0.7183 -0.6947 0.0381
vn 0.4695 -0.8152 -0.3391
vn 0.3961 -0.9083 -0.1347
vn 0.1185 -0.5861 -0.8015
vn 0.1710 -0.3152 -0.9335
vn -0.1496 -0.9883 -0.0302
vn -0.5931 -0.7752 -0.2175
vn 0.3041 -0.9070 0.2912
vn 0.9435 -0.0623 -0.3255
vn 0.9507 -0.2086 -0.2294
vn 0.8769 -0.1127 -0.4673
vn 0.5818 0.0087 -0.8133
vn 0.7979 -0.2524 0.5475
vn 0.8537 -0.3138 0.4155
vn 0.9148 -0.2934 0.2775
vn 0.9040 -0.3452 -0.2522
vn -0.9340 0.0458 -0.3544
vn -0.9746 -0.2210 -0.0347
vn -0.9018 -0.4040 -0.1535
vn -0.9825 -0.1829 0.0360
vn -0.1913 -0.0870 -0.9777
vn -0.1870 -0.1501 -0.9708
vn -0.3706 -0.2706 -0.8885
vn -0.2394 -0.0626 -0.9689
vn -0.2652 -0.1251 -0.9560
vn -0.2888 -0.1466 -0.9461
vn -0.3332 0.1909 -0.9233
vn -0.0775 -0.1142 -0.9904
vn -0.0024 -0.0019 -1.0000
vn -0.2944 0.1667 -0.9410
vn 0.0722 -0.2118 -0.9746
vn -0.0294 -0.1385 -0.9899
vn -0.2737 -0.3292 -0.9037
vn -0.5752 -0.1268 -0.8081
vn 0.4192 0.0242 -0.9076
vn -0.0860 0.5304 -0.8433
vn -0.1974 0.5480 -0.8128
vn -0.0105 0.5260 -0.8504
vn 0.2240 -0.1184 -0.9674
vn -0.1710 -0.0694 -0.9828
vn -0.0908 -0.2057 -0.9744
vn -0.0990 0.5381 -0.8370
vn -0.1092 0.0361 -0.9934
vn -0.4421 -0.1499 -0.8844
vn -0.4512 -0.0131 -0.8923
vn -0.4286 -0.1456 -0.8917
vn 0.5168 -0.0995 -0.8503
vn 0.0035 0.2197 -0.9756
vn -0.3759 -0.0622 0.9246
vn -0.5133 -0.1509 0.8448
vn -0.6342 -0.1116 0.7650
vn -0.4562 0.4059 -0.7919
vn 0.2192 -0.4568 0.8621
vn 0.1593 -0.1966 0.9675
vn 0.0323 -0.3638 0.9309
vn 0.4181 -0.1539 -0.8953
vn 0.4532 -0.2359 -0.8596
vn -0.4852 -0.0229 0.8741
vn 0.1974 0.2976 0.9340
vn 0.0373 0.1694 0.9849
vn 0.1690 0.0167 0.9855
vn -0.4580 -0.1026 -0.8830
vn -0.2927 -0.0362 -0.9555
vn -0.3244 0.0630 -0.9438
vn -0.2665 0.0582 -0.9621
vn 0.0284 0.0136 -0.9995
vn -0.4985 0.1141 -0.8593
vn -0.4006 0.3950 -0.8268
vn -0.4156 -0.1554 -0.8961
vn -0.6628 -0.1473 -0.7342
vn -0.5728 -0.1800 -0.7997
vn -0.3550 -0.2061 -0.9119
vn -0.2686 -0.5991 -0.7543
vn -0.0116 -0.7097 -0.7044
vn -0.0693 -0.8201 -0.5679
vn 0.1594 -0.2762 -0.9478
vn 0.1826 -0.0864 -0.9794
vn -0.2573 -0.1012 -0.9610
vn -0.4224 -0.0725 -0.9035
vn -0.1708 -0.6977 -0.6957
vn -0.2864 -0.1370 -0.9483
vn -0.3154 0.0256 -0.9486
vn -0.2979 -0.0338 -0.9540
vn -0.1892 0.0599 -0.9801
vn -0.1370 -0.2505 -0.9584
vn 0.1161 -0.1988 -0.9731
vn 0.1972 -0.3196 -0.9268
vn 0.0003 -0.3980 -0.9174
vn 0.0059 -0.5004 -0.8657
vn 0.0824 -0.5671 -0.8195
vn -0.1338 -0.3967 -0.9081
vn -0.2215 -0.4538 -0.8632
vn -0.2692 -0.2385 -0.9331
vn -0.2406 -0.3444 -0.9075
vn -0.1584 -0.3536 -0.9219
vn -0.2168 -0.4099 -0.8860
vn -0.4584 -0.3204 -0.8290
vn -0.5671 -0.3104 -0.7629
vn -0.5712 -0.4298 -0.6993
vn -0.7293 -0.3382 -0.5948
vn -0.4302 -0.3441 -0.8346
vn 0.1126 0.5282 -0.8417
vn 0.2392 0.9253 -0.2944
vn -0.1698 0.5676 -0.8056
vn -0.4425 0.5813 -0.6828
vn -0.0199 0.8983 -0.4389
vn 0.0055 0.8861 -0.4635
vn -0.0657 0.9039 -0.4227
vn 0.3496 0.4223 -0.8363
vn 0.5019 0.3242 -0.8019
vn 0.2674 0.5205 -0.8109
vn 0.0987 0.6301 -0.7702
vn -0.2706 0.8179 -0.5078
vn -0.1537 0.8167 -0.5563
vn 0.0160 0.9939 -0.1091
vn -0.4460 0.8603 -0.2468
vn -0.3947 0.8285 -0.3973
vn 0.0932 0.5934 -0.7995
vn -0.1750 0.6840 -0.7082
vn -0.5875 0.7206 -0.3682
vn -0.7294 0.6817 0.0571
vn 0.4097 -0.6020 -0.6854
vn 0.5923 -0.6859 -0.4228
vn 0.9801 -0.0057 -0.1982
vn 0.7492 -0.1861 -0.6357
vn 0.9470 -0.0481 -0.3177
vn 0.7388 -0.6581 -0.1449
vn 0.9354 -0.2103 -0.2842
vn 0.9730 -0.0988 -0.2085
vn 0.9445 0.0374 -0.3263
vn 0.6489 -0.2461 -0.7200
vn 0.8496 0.4806 0.2172
vn 0.8036 0.5586 0.2055
vn 0.7171 0.6936 0.0687
vn -0.2750 0.9530 0.1272
vn -0.1168 0.9931 0.0112
vn 0.1279 0.9907 -0.0459
vn -0.0479 0.9863 0.1578
vn 0.7585 0.5931 0.2699
vn 0.8126 0.5802 0.0551
vn 0.5019 0.7048 -0.5014
vn 0.6655 0.6118 -0.4274
vn 0.6618 0.5242 -0.5360
vn -0.4116 0.5626 -0.7170
vn -0.3980 0.5966 -0.6969
vn -0.2016 0.5798 -0.7894
vn -0.5887 0.4937 -0.6401
vn -0.5952 0.4944 -0.6335
vn -0.7482 0.3872 -0.5387
vn -0.7496 0.3627 -0.5537
vn -0.8186 0.4070 -0.4052
vn -0.7637 0.4173 -0.4925
vn -0.6148 0.6305 -0.4738
vn -0.7016 0.6692 -0.2447
vn -0.8054 0.5759 -0.1402
vn -0.5517 0.8274 -0.1053
vn -0.6636 0.7129 -0.2268
vn -0.6588 0.7125 -0.2415
vn -0.5140 0.8526 0.0936
vn -0.6644 0.7466 0.0338
vn -0.6676 0.6949 -0.2672
vn -0.6526 0.6939 -0.3043
vn -0.6519 0.7300 -0.2053
vn 0.9636 0.1449 -0.2249
vn 0.9485 0.2994 -0.1034
vn 0.8489 0.2921 -0.4405
vn 0.6883 0.4343 -0.5811
vn 0.8460 0.0620 0.5295
vn 0.7830 0.3081 0.5404
vn 0.8186 -0.0661 0.5705
vn 0.9975 0.0689 0.0181
vn 0.9862 -0.1231 0.1109
vn -0.9734 -0.0683 0.2185
vn -0.9713 0.0286 0.2362
vn -0.9876 0.0910 0.1276
vn -0.9632 -0.0099 0.2685
vn -0.9405 -0.3161 0.1247
vn -0.6037 0.2848 0.7446
vn -0.5386 0.6191 0.5715
vn -0.5054 0.2595 0.8229
vn 0.7522 -0.2081 0.6252
vn 0.6882 -0.1380 0.7123
vn 0.8111 -0.1669 0.5606
vn 0.6998 -0.1239 0.7035
vn 0.8033 -0.0150 0.5954
vn 0.8973 0.0746 0.4350
vn -0.3488 -0.3008 -0.8876
vn -0.3162 -0.2964 -0.9012
vn -0.3264 -0.3232 -0.8882
vn -0.3571 -0.1896 -0.9146
vn 0.1705 0.1126 -0.9789
vn -0.0088 0.0171 -0.9998
vn 0.4286 0.0855 -0.8995
vn 0.4674 0.2317 -0.8531
vn -0.5828 0.2131 -0.7842
vn -0.5525 -0.0489 -0.8320
vn 0.4855 0.8357 -0.2566
vn 0.7059 0.6418 -0.2995
vn 0.4143 0.3570 -0.8372
vn 0.8941 -0.3926 -0.2153
vn 0.8519 0.3467 -0.3926
vn 0.9345 0.2515 0.2519
vn -0.6231 0.3462 -0.7013
vn -0.3695 0.8650 0.3395
vn -0.0818 0.9817 0.1720
vn -0.5019 0.8625 0.0646
vn 0.6066 -0.5441 -0.5797
vn 0.3223 -0.6347 -0.7023
vn 0.7217 0.0566 -0.6899
vn 0.0743 -0.6222 -0.7793
vn -0.3884 -0.5151 -0.7641
vn 0.1082 -0.6496 -0.7526
vn -0.8522 0.5150 0.0929
vn -0.3287 0.8036 -0.4961
vn -0.8418 -0.0333 -0.5387
vn -0.9974 -0.0692 0.0189
vn -0.8028 -0.2695 -0.5318
vn -0.9507 -0.2420 -0.1939
vn -0.5218 -0.0805 -0.8493
vn 0.2858 0.4088 -0.8667
vn 0.1993 0.4069 -0.8915
vn 0.3957 0.8904 -0.2248
vn 0.1735 0.9551 -0.2402
vn 0.2093 0.9392 -0.2723
vn -0.2565 0.5094 -0.8214
vn 0.2775 0.8977 -0.3421
vn -0.2544 0.9080 -0.3329
vn -0.2789 0.8643 -0.4186
vn -0.2131 0.9510 -0.2241
vn -0.2560 0.9316 -0.2578
vn 0.0592 0.5781 -0.8138
vn 0.9418 0.3304 0.0618
vn 0.9318 0.3620 -0.0251
vn 0.9955 0.0944 -0.0116
vn 0.7397 -0.0268 -0.6724
vn 0.8858 -0.2116 0.4130
vn 0.8695 -0.1302 0.4764
vn 0.8751 -0.3859 0.2920
vn 0.8737 0.3733 0.3120
vn 0.8447 0.3268 0.4238
vn 0.7956 0.5205 -0.3100
vn 0.8082 0.4730 -0.3509
vn 0.8760 0.3891 -0.2851
vn 0.7564 -0.3982 0.5190
vn 0.9016 0.3383 0.2697
vn 0.5948 0.6640 0.4531
vn 0.3478 0.7055 -0.6175
vn 0.2629 0.9198 -0.2913
vn 0.4282 0.7866 -0.4449
vn -0.0405 0.6352 -0.7713
vn 0.9797 0.2000 -0.0105
vn 0.8307 0.3707 0.4155
vn 0.5575 0.6383 0.5308
vn -0.1871 0.5439 -0.8180
vn 0.1506 0.5762 -0.8033
vn 0.0492 0.6617 -0.7482
vn -0.1252 0.7039 -0.6992
vn -0.2490 0.7627 -0.5968
vn -0.1179 0.4792 -0.8698
vn -0.7781 0.0159 -0.6279
vn -0.8783 0.0302 -0.4771
vn -0.8327 0.1209 -0.5404
vn -0.2434 0.7769 -0.5807
vn -0.4251 0.8884 -0.1736
vn -0.2649 -0.0028 -0.9643
vn 0.3788 0.3928 -0.8380
vn 0.2798 0.4467 -0.8498
vn 0.2490 0.5566 -0.7926
vn -0.4919 0.5358 -0.6862
vn -0.5187 0.4283 -0.7399
vn 0.0722 0.9426 -0.3260
vn 0.2119 0.9450 -0.2492
vn 0.1168 0.9071 -0.4045
vn -0.2762 0.5409 -0.7945
vn -0.1331 0.6505 -0.7478
vn -0.6022 0.3779 -0.7033
vn -0.6085 0.3751 -0.6992
vn -0.6203 0.3241 -0.7142
vn -0.5790 0.4820 -0.6577
vn -0.4480 0.4832 -0.7522
vn -0.4434 0.4891 -0.7511
vn -0.4673 0.3931 -0.7919
vn -0.5485 0.5949 -0.5876
vn -0.4010 0.5345 -0.7440
vn -0.5580 0.5382 -0.6317
vn -0.5603 0.4552 -0.6920
vn -0.5540 0.4743 -0.6842
vn -0.2421 0.1500 -0.9586
vn -0.5581 0.4081 -0.7225
vn 0.9092 0.3620 -0.2057
vn 0.5063 0.6624 -0.5521
vn 0.3977 0.6136 -0.6821
vn 0.4618 0.4380 -0.7713
vn 0.7092 0.6859 0.1627
vn 0.5936 0.7474 0.2985
vn 0.5944 0.6747 0.4375
vn 0.9592 0.2102 -0.1892
vn 0.9877 0.1058 -0.1147
vn 0.5343 0.7332 -0.4207
vn -0.5617 0.1679 0.8101
vn -0.4058 0.2430 0.8811
vn -0.4652 0.1508 0.8723
vn -0.1459 0.0793 0.9861
vn -0.1722 0.1084 0.9791
vn -0.4173 0.6145 0.6696
vn -0.5998 0.0156 0.8000
vn 0.1391 0.5474 0.8252
vn 0.1922 0.1752 0.9656
vn 0.1419 0.2530 0.9570
vn 0.1525 0.2325 0.9606
vn -0.0381 0.4040 0.9140
vn 0.0984 0.0411 0.9943
vn 0.3476 -0.0015 0.9377
vn 0.9004 0.3088 0.3064
vn 0.7085 -0.0318 0.7050
vn 0.5930 0.6072 0.5288
vn 0.5798 0.0063 0.8147
vn -0.2502 -0.7807 -0.5726
vn -0.3257 -0.8029 -0.4993
vn -0.3450 -0.6936 -0.6324
vn -0.4029 -0.3801 -0.8326
vn -0.4265 -0.3959 -0.8133
vn -0.4844 -0.3080 -0.8189
vn -0.4112 -0.0956 -0.9065
vn 0.3636 -0.7052 -0.6086
vn 0.3338 -0.7947 -0.5070
vn 0.1954 -0.8157 -0.5444
vn 0.6010 -0.6871 -0.4083
vn 0.4570 -0.7965 -0.3959
vn 0.5232 -0.8056 -0.2782
vn 0.6883 -0.6612 -0.2985
vn -0.3353 -0.3171 -0.8872
vn -0.3055 -0.3676 -0.8784
vn -0.4001 -0.0839 -0.9126
vn -0.3648 -0.0951 -0.9262
vn -0.3578 -0.1824 -0.9158
vn -0.4123 0.0424 -0.9100
vn -0.5049 0.1645 -0.8474
vn -0.5357 0.2129 -0.8171
vn -0.4972 0.1271 -0.8583
vn -0.4961 0.3807 -0.7803
vn 0.7279 -0.2856 -0.6234
vn 0.9261 -0.2739 -0.2594
vn 0.8450 -0.3602 -0.3952
vn 0.2144 -0.3231 -0.9218
vn 0.4738 -0.6847 -0.5538
vn -0.7161 -0.6594 -0.2289
vn -0.9908 0.1237 0.0548
vn -0.9994 -0.0327 -0.0097
vn -0.7827 -0.1013 -0.6140
vn -0.7762 -0.0447 -0.6288
vn -0.7731 -0.0287 -0.6336
vn -0.7985 -0.0991 -0.5938
vn -0.6667 0.0678 -0.7422
vn -0.5644 0.1877 -0.8039
vn 0.1668 -0.4918 -0.8546
vn 0.1209 -0.5367 -0.8351
vn 0.0684 -0.5192 -0.8519
vn 0.0533 -0.5000 -0.8644
vn 0.0771 -0.5731 -0.8158
vn -0.0100 -0.4878 -0.8729
vn -0.0229 -0.4028 -0.9150
vn -0.7960 0.0672 -0.6016
vn -0.5242 -0.2195 -0.8228
vn -0.2614 -0.3934 -0.8814
vn 0.6698 -0.0492 -0.7409
vn 0.2174 -0.7134 -0.6662
vn 0.5585 0.5721 -0.6006
vn 0.5609 -0.1269 -0.8181
vn 0.1830 0.5227 -0.8326
vn 0.1450 0.4413 -0.8856
vn -0.5570 0.5499 -0.6224
vn -0.6724 0.3411 -0.6569
vn -0.5400 0.7070 -0.4567
vn -0.6264 0.6851 -0.3718
vn -0.9801 0.1655 -0.1097
vn -0.9728 0.2235 0.0611
vn -0.9288 0.3700 0.0223
vn -0.7986 0.5978 -0.0698
vn -0.5759 0.8157 0.0546
vn -0.4779 0.8688 -0.1296
vn -0.9848 0.0466 0.1673
vn -0.9692 0.2168 0.1171
vn -0.9570 0.2368 -0.1676
vn 0.5675 0.3881 -0.7262
vn 0.5688 0.2896 -0.7698
vn -0.1246 0.5560 0.8218
vn 0.4324 -0.1868 -0.8821
vn 0.4425 0.5757 -0.6876
vn 0.8997 -0.2634 -0.3480
vn -0.1127 0.0990 -0.9887
vn -0.0617 0.6002 -0.7975
vn 0.1995 0.0082 -0.9799
vn -0.8345 0.3362 -0.4366
vn 0.2896 -0.2654 -0.9196
vn -0.8269 -0.0076 -0.5622
vn 0.0398 0.7200 -0.6928
vn 0.6637 0.5366 -0.5211
vn 0.2701 0.8562 -0.4404
vn 0.1140 0.7946 -0.5964
vn 0.1268 0.7407 -0.6598
vn -0.2383 0.9162 -0.3222
vn -0.0815 0.9961 -0.0330
vn 0.3025 0.9483 -0.0963
vn -0.0632 0.9903 0.1238
vn -0.2490 0.6585 -0.7102
vn 0.9062 0.3614 0.2197
vn 0.6777 0.5619 0.4744
vn 0.6083 0.4107 0.6792
vn 0.4794 0.8726 0.0939
vn 0.7312 0.6818 -0.0209
vn 0.8797 0.4160 0.2304
vn 0.8409 0.3593 0.4047
vn 0.7309 0.6215 0.2819
vn 0.8614 0.4725 0.1864
vn 0.4285 0.4581 0.7788
vn -0.1046 0.6638 -0.7405
vn -0.1285 0.7063 -0.6962
vn -0.2030 0.7474 -0.6326
vn -0.4710 0.5345 -0.7017
vn -0.4225 0.5154 -0.7455
vn -0.5618 0.2848 -0.7767
vn -0.5304 0.2386 -0.8135
vn -0.5972 0.2768 -0.7529
vn -0.5305 0.1913 -0.8258
vn -0.4431 0.2792 -0.8519
vn -0.4975 0.2087 -0.8420
vn -0.3885 0.2353 -0.8909
vn -0.4004 0.1633 -0.9017
vn -0.3519 0.2253 -0.9085
vn -0.2716 0.2688 -0.9241
vn -0.3050 0.2973 -0.9048
vn -0.3006 0.2451 -0.9217
vn -0.2521 0.1629 -0.9539
vn -0.3315 0.3274 -0.8848
vn -0.3154 0.2343 -0.9196
vn 0.2414 0.6329 -0.7356
vn 0.6142 0.5748 -0.5407
vn -0.0698 0.9975 0.0055
vn 0.1540 0.9835 -0.0946
vn 0.0312 0.9778 0.2073
vn 0.3404 0.7692 -0.5407
vn 0.7242 0.6077 -0.3260
vn 0.0875 0.5759 -0.8129
vn 0.3294 0.7721 0.5434
vn 0.2445 0.2027 -0.9482
vn 0.2061 0.4947 -0.8443
vn 0.5190 0.2124 -0.8280
vn 0.4596 -0.0793 -0.8846
vn 0.4650 0.1268 -0.8762
vn 0.4941 0.0733 -0.8663
vn 0.8217 0.2957 -0.4872
vn 0.2367 -0.9209 -0.3095
vn 0.0957 -0.9489 -0.3007
vn 0.0245 -0.9730 -0.2297
vn 0.5039 -0.2375 -0.8304
vn 0.6755 0.2930 -0.6767
vn -0.5068 0.6733 0.5384
vn -0.4997 0.6157 0.6093
vn -0.3705 0.6410 0.6723
vn -0.2844 0.3684 -0.8851
vn -0.1826 0.1304 -0.9745
vn -0.2628 0.4856 -0.8337
vn 0.0053 0.0398 -0.9992
vn 0.0229 -0.0061 -0.9997
vn -0.0941 0.0452 -0.9945
vn 0.1679 -0.3520 -0.9208
vn 0.2258 -0.0237 -0.9739
vn 0.4011 -0.0547 -0.9144
vn 0.4655 -0.0400 -0.8841
vn 0.1038 0.4378 -0.8931
vn -0.0319 0.5488 -0.8353
vn -0.2439 0.4157 -0.8762
vn 0.2781 0.1128 -0.9539
vn 0.3603 0.1907 -0.9132
vn -0.0462 0.4983 -0.8658
vn -0.2919 0.4189 -0.8598
vn -0.1051 0.1332 -0.9855
vn -0.3146 0.2448 -0.9171
vn 0.5384 0.0514 -0.8411
vn -0.3582 0.4654 -0.8094
vn -0.4154 0.0350 -0.9090
vn 0.6986 0.0914 -0.7096
vn 0.3317 0.2902 -0.8976
vn 0.4618 0.2885 -0.8387
vn 0.5379 0.5062 -0.6741
vn 0.0399 0.7680 -0.6392
vn 0.0419 0.8491 -0.5266
vn 0.1933 0.8385 -0.5095
vn 0.4112 -0.9110 0.0317
vn 0.5153 0.6061 0.6059
vn -0.0964 -0.0712 -0.9928
vn 0.3994 -0.2804 -0.8728
vn 0.4785 -0.2800 -0.8323
vn 0.7784 0.1824 -0.6007
vn 0.8217 -0.2377 -0.5180
vn 0.7092 -0.2342 -0.6649
vn 0.3750 0.8201 -0.4323
vn -0.0277 0.8131 -0.5815
vn -0.1882 0.2065 -0.9602
vn -0.0023 0.0483 -0.9988
vn 0.2527 -0.3203 -0.9130
vn 0.4188 0.8898 -0.1815
vn 0.1690 0.8571 -0.4866
vn -0.1272 0.7197 -0.6825
vn 0.8149 0.3708 0.4455
vn 0.8657 0.4537 0.2115
vn 0.9224 0.3316 0.1981
vn 0.8299 -0.0424 -0.5563
vn 0.8614 0.0629 -0.5040
vn 0.9277 -0.2049 -0.3119
vn 0.8307 0.0800 -0.5509
vn -0.1660 0.7082 -0.6862
vn -0.2994 0.4236 -0.8550
vn -0.3708 0.6866 -0.6254
vn -0.5188 0.3843 -0.7637
vn -0.5914 0.2720 -0.7591
vn -0.6545 0.1284 -0.7450
vn -0.5866 0.1056 -0.8030
vn -0.4892 0.0828 -0.8682
vn -0.7179 0.0650 -0.6931
vn -0.5239 0.0701 -0.8489
vn -0.5499 0.1566 -0.8204
vn -0.7358 0.0917 -0.6709
vn -0.4149 0.1051 -0.9038
vn -0.3274 0.3405 -0.8814
vn -0.1033 0.9061 -0.4103
vn 0.5729 0.6188 0.5374
vn -0.1732 0.9783 -0.1138
vn -0.0215 0.7262 -0.6872
vn -0.2677 0.9545 -0.1311
vn -0.2322 0.9704 -0.0658
vn -0.2173 0.9051 -0.3655
vn 0.0065 -0.0762 -0.9971
vn -0.0897 0.6535 -0.7516
vn -0.1056 0.7262 -0.6794
vn -0.8199 0.4034 -0.4062
vn -0.6819 0.5038 -0.5303
vn -0.6899 0.3318 -0.6434
vn 0.3816 0.3608 -0.8510
vn 0.1843 -0.9785 -0.0927
vn 0.7277 -0.3446 -0.5931
vn 0.8590 -0.1187 -0.4980
vn 0.9231 -0.3842 -0.0175
vn 0.9109 -0.1170 0.3957
vn 0.7445 -0.4139 0.5239
vn 0.1784 -0.9470 0.2672
vn 0.9354 -0.3532 -0.0170
vn 0.8501 -0.1960 0.4889
vn -0.6031 0.3164 -0.7322
vn -0.6114 0.2891 -0.7366
vn -0.6465 0.2382 -0.7248
vn 0.0525 -0.1008 -0.9935
vn -0.0253 -0.2007 -0.9793
vn 0.1022 -0.2602 -0.9601
vn -0.0863 0.0436 -0.9953
vn -0.0523 -0.3800 -0.9235
vn 0.1746 -0.4881 -0.8551
vn -0.2191 -0.0396 -0.9749
vn -0.1849 0.0737 -0.9800
vn -0.1734 -0.2707 -0.9469
vn -0.1521 -0.5464 -0.8236
vn -0.0440 -0.6685 -0.7424
vn -0.3491 -0.6257 -0.6976
vn -0.0860 -0.8354 -0.5428
vn -0.2016 -0.4052 -0.8917
vn -0.2499 -0.5091 -0.8236
vn -0.3860 -0.5501 -0.7405
vn -0.0730 -0.9287 -0.3636
vn 0.2030 -0.9466 -0.2504
vn -0.2120 -0.9702 -0.1177
vn -0.4424 -0.8960 0.0385
vn 0.4456 -0.8859 0.1293
vn 0.7437 -0.6369 0.2032
vn 0.4188 -0.9041 -0.0844
vn 0.6064 -0.7660 0.2135
vn 0.3621 -0.9321 -0.0108
vn 0.6013 -0.6014 -0.5260
vn 0.4216 -0.7829 -0.4575
vn 0.1720 -0.9840 0.0454
vn -0.2818 -0.2792 -0.9180
vn -0.3499 -0.1010 -0.9313
vn -0.4288 -0.0109 -0.9033
vn -0.4943 0.2769 -0.8240
vn -0.5246 0.3835 -0.7601
vn -0.5578 0.5024 -0.6606
vn -0.6175 0.1970 -0.7615
vn -0.7077 0.1440 -0.6917
vn -0.7203 0.1114 -0.6847
vn -0.6289 0.1530 -0.7623
vn -0.7151 -0.0451 -0.6976
vn -0.4844 -0.0716 -0.8719
vn -0.3102 -0.6288 -0.7130
vn -0.0000 -0.6406 -0.7679
vn -0.0000 -0.6746 -0.7382
vn 0.0750 -0.6368 -0.7674
vn -0.0525 -0.6536 -0.7550
vn -0.2363 -0.6795 -0.6945
vn 0.0978 -0.7711 -0.6292
vn -0.1218 -0.6669 -0.7351
vn 0.0178 -0.6454 -0.7636
vn -0.3310 -0.2889 -0.8983
vn -0.6540 -0.1956 -0.7307
vn -0.3226 -0.4119 -0.8522
vn 0.3363 0.8536 -0.3979
vn 0.6780 0.7310 0.0778
vn 0.6129 0.7886 -0.0504
vn 0.7112 0.6813 0.1733
vn 0.8093 0.5674 0.1521
vn 0.3830 0.7907 -0.4776
vn -0.1143 0.8206 -0.5600
vn -0.1998 0.6763 -0.7091
vn -0.0470 0.5083 -0.8599
vn -0.3584 0.4381 -0.8244
vn -0.2126 0.8343 -0.5087
vn 0.6570 0.5267 0.5394
vn 0.7013 0.1878 0.6877
vn 0.7331 -0.0464 0.6785
vn 0.7583 0.0815 0.6468
vn -0.4060 0.4149 -0.8143
vn -0.6044 0.1959 -0.7722
vn -0.4924 0.2178 -0.8427
vn -0.6670 0.0962 -0.7389
vn -0.4863 0.1190 -0.8657
vn -0.5152 0.1190 -0.8488
vn -0.7029 0.1117 -0.7025
vn 0.0056 0.9617 -0.2741
vn -0.0630 0.9546 -0.2912
vn -0.0813 0.8624 -0.4996
vn 0.0339 0.8611 -0.5072
vn 0.0801 0.8902 -0.4485
vn -0.0079 0.9876 -0.1566
vn 0.0019 0.9140 -0.4058
vn -0.0381 0.9975 -0.0588
vn -0.1276 0.9668 -0.2213
vn -0.0461 0.9989 -0.0104
vn -0.2739 0.9395 -0.2056
vn -0.3941 0.9010 -0.1813
vn 0.5562 -0.1269 0.8213
vn 0.7106 -0.0789 0.6991
vn 0.5078 -0.4449 0.7377
vn 0.4773 -0.4147 0.7747
vn 0.7096 -0.4055 0.5762
vn 0.6740 -0.3731 0.6375
vn 0.8849 -0.1058 0.4536
vn 0.8775 -0.1080 0.4672
vn 0.8840 0.2572 0.3904
vn 0.8991 0.0496 0.4350
vn -0.3837 0.8872 -0.2561
vn -0.3109 0.8683 -0.3864
vn -0.1323 0.7953 -0.5916
vn -0.2306 0.7492 -0.6209
vn -0.4392 0.7537 -0.4888
vn -0.3464 0.8035 -0.4841
vn -0.2010 0.7789 -0.5940
vn -0.2854 0.8987 -0.3330
vn -0.2278 0.7225 -0.6528
vn -0.0225 0.7437 -0.6681
vn 0.4170 0.8613 0.2903
vn 0.0298 0.9989 -0.0354
vn -0.3851 0.5645 -0.7301
vn 0.5403 0.7919 0.2845
vn 0.5876 0.7464 0.3124
vn -0.0000 1.0000 -0.0000
vn 0.8232 0.3552 0.4428
vn 0.4539 0.2658 0.8505
vn 0.6236 0.6488 0.4360
vn 0.9963 0.0839 -0.0184
vn 0.9441 0.0076 0.3296
vn 0.9888 -0.1434 -0.0417
vn 0.8005 0.3893 0.4557
vn 0.4506 0.8585 0.2447
vn 0.0652 0.9979 0.0062
vn -0.1106 0.9917 -0.0648
vn 0.0026 0.9824 0.1865
vn 0.7943 0.5890 -0.1489
vn 0.8975 0.2319 -0.3752
vn 0.8478 0.5296 -0.0267
vn -0.6224 0.2056 -0.7552
vn -0.2888 0.8811 -0.3744
vn -0.3892 0.8360 -0.3868
vn -0.3378 0.8130 -0.4742
vn -0.8939 0.4146 -0.1706
vn -0.9354 0.3532 0.0167
vn -0.8706 0.4793 -0.1112
vn -0.4701 0.7804 -0.4123
vn -0.2524 0.6341 -0.7309
vn -0.3657 0.8623 -0.3503
vn -0.2532 0.7417 -0.6211
vn -0.3436 0.6861 -0.6413
vn -0.4438 0.7289 -0.5213
vn -0.4168 0.7372 -0.5318
vn -0.4482 0.7760 -0.4438
vn 0.3504 0.8933 -0.2813
vn 0.2036 0.9113 -0.3579
vn -0.0494 0.8164 -0.5753
vn -0.1788 0.8789 -0.4422
vn -0.3771 0.5707 -0.7295
vn -0.3503 0.7841 -0.5123
vn -0.3696 0.3766 -0.8494
vn -0.4191 0.3143 -0.8518
vn 0.5045 0.8589 -0.0888
vn -0.5257 0.3119 -0.7915
vn -0.5171 0.1603 -0.8408
vn -0.5647 0.1118 -0.8177
vn -0.5070 0.2670 -0.8195
vn -0.5952 0.3450 -0.7258
vn -0.0626 0.8074 -0.5867
vn 0.0507 0.7932 -0.6069
vn 0.1068 0.8010 -0.5890
vn 0.0530 0.8441 -0.5335
vn -0.0874 0.8687 -0.4876
vn -0.2914 0.8707 -0.3962
vn -0.4952 0.7709 -0.4006
vn -0.3774 0.6263 -0.6821
vn -0.4937 0.5701 -0.6567
vn 0.9628 -0.1570 -0.2200
vn 0.8061 -0.0708 0.5876
vn 0.5585 -0.7921 0.2462
vn 0.7098 -0.5176 0.4777
vn 0.2041 -0.5712 0.7950
vn 0.2801 -0.7949 0.5382
vn 0.4993 -0.8504 0.1658
vn 0.2680 -0.7196 0.6405
vn 0.1448 -0.4016 0.9043
vn 0.1316 -0.6128 0.7792
vn -0.0613 -0.4612 0.8852
vn 0.2195 -0.5883 0.7783
vn 0.4605 -0.5098 0.7267
vn 0.2545 -0.4799 0.8396
vn 0.0843 -0.6809 0.7275
vn -0.3276 0.6538 -0.6821
vn 0.6443 -0.3100 0.6991
vn 0.7382 -0.0081 0.6746
vn 0.8257 0.0251 0.5636
vn 0.7600 -0.3878 0.5216
vn -0.5221 0.5500 -0.6519
vn -0.3005 0.7848 -0.5420
vn 0.1509 0.7290 -0.6677
vn 0.6435 0.3806 0.6641
vn 0.6227 0.5815 0.5235
vn 0.5532 0.5461 0.6291
vn 0.2586 0.9485 -0.1831
vn 0.1861 0.9543 -0.2340
vn 0.3218 0.9410 0.1043
vn 0.4894 0.8720 -0.0073
vn -0.4982 0.2520 -0.8296
vn -0.4282 0.3929 -0.8138
vn 0.0001 0.3301 -0.9439
vn -0.3866 0.5430 -0.7454
vn 0.3177 0.2878 -0.9035
vn 0.3780 0.4145 -0.8279
vn -0.2306 0.8408 -0.4897
vn -0.4393 0.7914 -0.4251
vn -0.3885 0.8153 -0.4293
vn -0.5095 0.7341 -0.4490
vn -0.4391 0.5440 -0.7150
vn -0.6768 0.2624 -0.6878
vn -0.3278 0.6447 -0.6906
vn -0.4327 0.6026 -0.6705
vn 0.2572 0.0408 -0.9655
vn 0.3146 -0.0179 -0.9491
vn 0.2565 0.0827 -0.9630
vn -0.5999 0.3191 -0.7337
vn -0.6202 0.2704 -0.7364
vn 0.1793 0.0475 -0.9827
vn 0.2838 -0.0978 -0.9539
vn 0.3770 -0.0779 -0.9229
vn 0.3443 -0.1806 -0.9213
vn 0.1080 -0.0749 -0.9913
vn 0.1966 -0.1977 -0.9603
vn 0.3090 -0.2964 -0.9037
vn 0.3966 -0.0941 -0.9132
vn 0.4203 -0.1780 -0.8897
vn 0.4501 -0.2768 -0.8490
vn 0.3509 -0.7205 -0.5982
vn 0.6784 -0.2836 -0.6778
vn 0.1741 -0.8464 -0.5032
vn 0.0905 -0.8732 -0.4789
vn 0.0386 -0.9170 -0.3969
vn -0.1239 -0.9254 -0.3582
vn 0.3025 -0.9278 -0.2183
vn 0.1217 -0.9458 -0.3010
vn -0.1007 -0.8418 -0.5303
vn 0.0791 -0.8255 -0.5588
vn -0.3171 -0.8011 -0.5076
vn 0.2907 -0.8969 -0.3332
vn 0.1104 -0.8899 -0.4426
vn 0.1858 -0.8749 -0.4473
vn -0.1305 -0.6063 -0.7844
vn -0.2338 -0.7105 -0.6637
vn -0.2268 -0.6462 -0.7287
vn 0.2080 -0.6429 -0.7371
vn 0.3052 -0.6201 -0.7227
vn 0.1043 -0.7484 -0.6550
vn 0.0041 -0.9406 -0.3394
vn -0.5941 0.3300 -0.7336
vn -0.5279 0.4784 -0.7018
vn -0.6212 0.0509 -0.7820
vn -0.6138 0.0893 -0.7844
vn -0.3308 -0.6070 -0.7226
vn -0.2552 -0.6203 -0.7417
vn -0.4299 -0.3266 -0.8417
vn -0.4995 -0.2138 -0.8395
vn -0.1690 -0.2658 -0.9491
vn 0.1875 -0.2164 -0.9581
vn 0.0177 0.5279 -0.8491
vn -0.1260 0.6321 -0.7646
vn -0.4348 0.4744 -0.7654
vn 0.2235 0.0074 -0.9747
vn 0.3130 -0.0681 -0.9473
vn 0.3452 -0.0662 -0.9362
vn 0.1426 -0.0608 -0.9879
vn 0.1956 0.0556 -0.9791
vn 0.1507 -0.0465 -0.9875
vn 0.3459 0.0175 -0.9381
vn 0.3938 -0.0906 -0.9147
vn 0.0603 0.2660 -0.9621
vn 0.4697 -0.1318 -0.8729
vn 0.8639 -0.0787 -0.4975
vn 0.4487 -0.1320 -0.8839
vn 0.3762 0.2846 -0.8818
vn 0.5314 -0.6997 -0.4775
vn 0.0547 -0.7254 -0.6861
vn 0.6460 -0.6733 -0.3598
vn 0.0973 -0.7643 -0.6375
vn 0.3373 -0.3296 -0.8818
vn 0.4069 0.0621 -0.9114
vn 0.4342 0.1268 -0.8918
vn 0.3188 0.4241 -0.8476
vn 0.0436 -0.7594 -0.6492
vn 0.1491 -0.5912 -0.7927
vn -0.0132 -0.7474 -0.6642
vn -0.0622 -0.6676 -0.7419
vn 0.0200 -0.6777 -0.7350
vn -0.0463 -0.4709 -0.8810
vn 0.1711 -0.6344 -0.7538
vn 0.2570 -0.4290 -0.8659
vn 0.4318 -0.5756 -0.6944
vn -0.3662 -0.4413 -0.8193
vn -0.1762 -0.4107 -0.8946
vn -0.1788 -0.8002 -0.5724
vn -0.4505 -0.5056 -0.7358
vn -0.6041 -0.4700 -0.6435
vn -0.4746 -0.3483 -0.8084
vn -0.1625 -0.3736 -0.9133
vn 0.1723 -0.7921 -0.5856
vn 0.1075 -0.7236 -0.6818
vn 0.1914 -0.7026 -0.6854
vn 0.0056 -0.8914 -0.4532
vn -0.2809 -0.7887 -0.5469
vn -0.0379 -0.6450 -0.7633
vn -0.6400 0.2755 -0.7173
vn -0.5259 0.2805 -0.8030
vn -0.4768 0.3073 -0.8236
vn -0.5320 0.2413 -0.8117
vn -0.4865 0.1931 -0.8521
vn -0.6039 -0.1937 -0.7731
vn -0.5110 -0.1248 -0.8505
vn -0.1216 -0.5139 -0.8492
vn -0.3098 -0.6762 -0.6684
vn -0.4247 -0.3493 -0.8352
vn -0.1444 -0.4025 -0.9040
vn 0.5970 0.7251 -0.3432
vn 0.4880 0.8711 0.0555
vn 0.1242 0.9821 -0.1416
vn 0.4910 0.7668 -0.4135
vn 0.4061 0.8015 -0.4389
vn 0.5451 0.7265 -0.4184
vn 0.8554 0.5106 0.0873
vn 0.1816 0.9543 -0.2374
vn 0.5876 0.6572 -0.4720
vn 0.2533 0.7637 -0.5938
vn -0.1459 0.5779 -0.8030
vn -0.0876 0.8487 -0.5216
vn -0.1068 0.7581 -0.6434
vn -0.2917 0.4724 -0.8317
vn -0.5028 0.2809 -0.8175
vn -0.5144 0.2511 -0.8199
vn -0.5762 0.1449 -0.8044
vn -0.5998 0.3999 -0.6930
vn -0.4871 0.5497 -0.6787
vn -0.0094 0.5397 -0.8418
vn -0.1205 0.6307 -0.7666
vn 0.1344 0.4759 -0.8692
vn -0.1266 0.5012 -0.8560
vn -0.0736 0.4700 -0.8796
vn 0.0979 0.4448 -0.8903
vn -0.0321 0.1435 -0.9891
vn -0.1907 0.3382 -0.9216
vn 0.2392 0.6077 -0.7572
vn -0.0379 0.0348 -0.9987
vn 0.0470 -0.0424 -0.9980
vn -0.2343 -0.1508 -0.9604
vn -0.2506 0.2287 -0.9407
vn 0.1724 0.5809 -0.7955
vn -0.0552 0.6716 -0.7389
vn 0.4396 0.5588 -0.7032
vn 0.2024 0.5749 -0.7928
vn -0.0074 0.5842 -0.8116
vn -0.2595 0.6228 -0.7381
vn -0.1818 0.5922 -0.7850
vn -0.4064 0.4302 -0.8061
vn -0.4413 0.4350 -0.7849
vn -0.5140 0.3674 -0.7751
vn -0.4365 0.2895 -0.8519
vn -0.4644 0.4231 -0.7780
vn 0.3471 -0.0536 -0.9363
vn 0.0419 -0.1582 -0.9865
vn -0.0133 -0.0530 -0.9985
vn 0.0467 0.3253 -0.9445
vn -0.2118 0.6319 -0.7455
vn 0.1471 0.5973 -0.7884
vn -0.0552 0.6436 -0.7634
vn 0.2305 -0.3362 -0.9132
vn -0.0134 -0.4084 -0.9127
vn -0.0212 -0.5158 -0.8565
vn 0.1867 -0.5220 -0.8322
vn 0.0366 0.7467 -0.6641
vn -0.2046 0.8382 -0.5055
vn -0.3556 0.6961 -0.6237
vn 0.3496 -0.1518 -0.9245
vn 0.6345 -0.3223 -0.7025
vn 0.7459 -0.1185 -0.6554
vn -0.2071 0.8391 -0.5030
vn -0.4826 0.2700 -0.8331
vn -0.4842 0.2290 -0.8445
vn -0.3972 0.3318 -0.8556
vn -0.7217 -0.0382 -0.6911
vn -0.8799 0.2310 -0.4151
vn -0.7975 0.1178 -0.5917
vn 0.1142 -0.0227 -0.9932
vn -0.0925 0.3533 -0.9309
vn -0.3077 0.3480 -0.8856
vn 0.6589 0.4112 -0.6299
vn 0.8116 0.3988 -0.4270
vn 0.5260 -0.6642 -0.5311
vn 0.7480 -0.5260 -0.4049
vn 0.5755 -0.6886 -0.4413
vn 0.3090 0.0358 -0.9504
vn 0.4550 0.0053 -0.8905
vn 0.1459 -0.0481 -0.9881
vn 0.0629 0.0200 -0.9978
vn 0.2864 -0.1650 -0.9438
vn 0.2194 0.1021 -0.9703
vn 0.0081 -0.4203 -0.9073
vn 0.3930 -0.3674 -0.8429
vn 0.0699 -0.6876 -0.7228
vn 0.2055 -0.1644 -0.9648
vn 0.0146 0.2688 -0.9631
vn -0.0591 -0.0553 -0.9967
vn 0.7484 0.1591 -0.6438
vn 0.4008 0.8927 -0.2059
vn 0.5857 0.8072 -0.0729
vn 0.2322 0.6890 -0.6866
vn 0.2906 0.8216 -0.4905
vn -0.0518 0.8354 -0.5472
vn -0.1408 0.4794 -0.8663
vn -0.4459 0.3112 -0.8392
vn -0.4670 0.3997 -0.7887
vn -0.7248 0.2210 -0.6525
vn -0.1299 -0.9132 -0.3863
vn 0.0271 -0.9903 -0.1365
vn -0.1156 -0.9841 -0.1351
vn 0.1719 -0.7819 -0.5993
vn 0.5012 -0.3191 -0.8044
vn -0.3980 -0.8572 -0.3267
vn -0.4559 -0.8818 -0.1206
vn -0.4564 -0.7823 -0.4239
vn 0.0191 -0.5804 -0.8141
vn -0.3682 -0.8734 -0.3188
vn -0.5256 0.2705 -0.8066
vn 0.2442 -0.4540 -0.8569
vn 0.3115 -0.4630 -0.8298
vn -0.5093 -0.2982 -0.8073
vn -0.8037 -0.0122 -0.5949
vn -0.2753 -0.1240 -0.9533
vn -0.1944 -0.3121 -0.9299
vn 0.0886 0.1555 -0.9839
vn 0.0728 -0.0074 -0.9973
vn -0.0089 0.1287 -0.9916
vn 0.0240 -0.2614 -0.9649
vn 0.1195 0.1861 -0.9752
vn 0.1234 0.3884 -0.9132
vn -0.0739 -0.0888 -0.9933
vn -0.1847 0.3924 -0.9010
vn -0.3164 0.6878 -0.6533
vn -0.1187 0.9094 -0.3986
vn -0.0195 0.9349 -0.3544
vn 0.6261 -0.3020 -0.7189
vn 0.7834 0.0426 -0.6200
vn 0.8080 0.2275 -0.5435
vn 0.2820 0.0013 -0.9594
vn -0.1413 0.0244 -0.9897
vn 0.5481 -0.2691 -0.7919
vn 0.5883 -0.3354 -0.7358
vn 0.0811 -0.2001 -0.9764
vn -0.0931 0.2925 -0.9517
vn -0.0268 0.2386 -0.9707
vn -0.6337 -0.2465 -0.7333
vn -0.5402 -0.0880 -0.8369
vn -0.7693 0.0759 -0.6344
vn 0.0001 -0.5848 -0.8112
vn 0.2492 -0.5223 -0.8155
vn -0.2524 -0.4303 -0.8667
vn -0.0258 -0.5161 -0.8562
vn -0.1716 -0.7570 -0.6305
vn -0.1166 -0.8543 -0.5065
vn -0.3807 -0.8172 -0.4326
vn 0.2995 -0.2334 -0.9251
vn 0.2142 -0.5312 -0.8197
vn 0.7564 -0.3471 -0.5543
vn -0.2296 -0.8591 -0.4574
vn -0.1978 -0.2974 -0.9340
vn -0.4784 0.7204 -0.5022
vn -0.7772 0.4415 -0.4485
vn -0.8573 0.4920 -0.1515
vn -0.7631 0.3848 -0.5192
vn -0.7155 0.5094 -0.4780
vn -0.5176 0.6302 -0.5787
vn -0.8411 0.3202 -0.4358
vn -0.8367 0.2526 -0.4860
vn -0.3438 0.0403 -0.9382
vn -0.2742 -0.0856 -0.9579
vn -0.5009 -0.0554 -0.8637
vn -0.2320 -0.8802 -0.4140
vn -0.1190 -0.8428 -0.5249
vn -0.7354 -0.4693 -0.4888
vn 0.3515 0.7613 -0.5449
vn 0.4317 0.5563 -0.7100
vn -0.0778 0.3934 -0.9161
vn 0.1860 0.4462 -0.8754
vn -0.2698 0.4716 -0.8395
vn -0.1414 0.7726 -0.6189
vn -0.1682 0.3193 -0.9326
vn -0.3324 0.4456 -0.8312
vn -0.4144 0.5371 -0.7347
vn -0.1012 0.2020 -0.9741
vn -0.3361 0.3516 -0.8738
vn 0.6297 0.4964 -0.5976
vn 0.5438 0.2362 -0.8053
vn 0.5221 0.2502 -0.8153
vn 0.0946 0.8820 -0.4616
vn 0.2110 0.8239 -0.5260
vn -0.8929 0.1909 -0.4077
vn -0.9233 0.0648 -0.3786
vn -0.8692 0.2510 -0.4260
vn -0.1379 -0.1246 -0.9826
vn -0.1046 -0.1491 -0.9833
vn 0.5905 -0.7548 -0.2856
vn 0.7945 -0.5991 -0.0997
vn 0.2974 -0.9364 0.1863
vn 0.8634 -0.0489 -0.5022
vn 0.8963 -0.0055 -0.4433
vn 0.9574 -0.1737 -0.2307
vn 0.6809 0.4515 -0.5766
vn 0.5522 0.3960 -0.7336
vn 0.4223 0.5825 -0.6945
vn -0.1058 0.5919 -0.7991
vn -0.3292 0.4885 -0.8081
vn 0.3598 0.8812 -0.3065
vn 0.3265 0.7002 -0.6350
vn -0.0620 0.6755 -0.7347
vn 0.0867 0.7619 -0.6419
vn 0.6289 0.5441 -0.5553
vn -0.3305 0.5575 -0.7615
vn -0.4071 0.5086 -0.7587
vn -0.5609 0.3823 -0.7344
vn -0.4402 0.4413 -0.7819
vn -0.5974 0.4839 -0.6395
vn -0.8340 0.0861 -0.5450
vn -0.9615 0.0075 -0.2747
vn -0.0211 0.9915 0.1281
vn -0.1114 0.9837 0.1414
vn -0.0501 0.9139 0.4029
vn -0.2350 0.9347 0.2665
vn 0.9913 0.1254 -0.0411
vn 0.7634 0.4796 0.4327
vn 0.9644 -0.0031 0.2645
vn 0.8298 -0.3173 0.4591
vn 0.8373 0.4287 -0.3393
vn 0.7700 0.5893 0.2448
vn 0.0541 0.8822 0.4678
vn 0.1706 0.9122 0.3726
vn 0.2447 -0.4562 -0.8556
vn 0.9995 -0.0307 0.0072
vn 0.8336 -0.1265 -0.5377
vn 1.0000 0.0082 -0.0012
vn -0.1237 -0.8175 -0.5625
vn 0.1974 -0.9780 0.0678
vn -0.0217 -0.9997 -0.0069
vn -0.0494 -0.6056 -0.7942
vn 0.0238 -0.7319 -0.6810
vn 0.1802 -0.0055 -0.9836
vn 0.0244 0.0017 -0.9997
vn -0.1523 -0.3980 -0.9047
vn 0.0826 -0.0062 -0.9966
vn -0.0542 0.3172 -0.9468
vn 0.8814 0.0644 -0.4680
vn -0.0117 -0.3863 -0.9223
vn 0.8707 -0.0626 -0.4878
vn -0.0311 -0.6271 -0.7783
vn -0.3220 -0.4008 -0.8577
vn -0.2542 -0.2827 -0.9249
vn 0.0447 0.9935 -0.1044
vn -0.1060 0.8934 0.4366
vn 0.5978 0.6407 -0.4818
vn -0.7917 0.5881 -0.1656
vn 0.8415 -0.1805 -0.5092
vn 0.8513 0.5245 0.0164
vn 0.9916 0.1291 -0.0064
vn 0.3472 0.7838 -0.5149
vn 0.2058 0.9087 -0.3631
vn 0.4561 0.8118 -0.3647
vn -0.6506 0.6454 -0.4003
vn -0.1691 -0.4062 -0.8980
vn 0.8033 -0.5942 0.0418
vn 0.9999 0.0148 0.0047
vn -0.0000 -0.8290 0.5593
vn 0.0779 0.0550 -0.9954
vn -0.0000 0.8428 -0.5382
vn -0.0078 -0.9970 -0.0768
vn 0.8991 -0.4265 0.0983
vn 0.1831 -0.8039 0.5659
vn -0.8444 -0.5326 -0.0576
vn 0.1618 -0.9858 -0.0457
vn 0.1448 -0.8731 0.4655
vn 0.0822 0.0847 -0.9930
vn 0.0245 -0.3106 -0.9502
vn -0.2749 -0.6012 -0.7503
vn -0.5304 -0.4763 -0.7013
vn -0.3996 0.3121 -0.8619
vn -0.7763 -0.2762 -0.5665
vn -0.5945 0.0599 -0.8019
vn -0.4333 -0.7771 -0.4565
vn 0.3185 -0.1779 -0.9311
vn 0.4703 0.5129 -0.7182
vn 0.1874 0.5521 -0.8124
vn 0.3026 0.3421 -0.8896
vn -0.0897 0.6068 -0.7898
vn 0.1050 0.5921 -0.7990
vn -0.2366 0.5789 -0.7803
vn -0.4872 0.5197 -0.7018
vn -0.0638 0.8247 -0.5620
vn -0.2707 0.7266 -0.6315
vn -0.0413 0.7391 -0.6723
vn 0.4230 0.6997 -0.5757
vn 0.4597 0.6622 -0.5917
vn 0.4081 0.5456 -0.7319
vn 0.1741 0.8637 -0.4730
vn 0.1998 0.8697 -0.4514
vn 0.1801 0.5106 -0.8408
vn -0.2611 0.4994 -0.8261
vn -0.4400 0.5023 -0.7444
vn -0.6273 0.5044 -0.5934
vn -0.5139 0.5368 -0.6691
vn -0.4689 0.5082 -0.7224
vn -0.4702 0.5823 -0.6632
vn 0.3397 0.8433 -0.4164
vn 0.3370 0.6667 -0.6648
vn 0.5131 0.6309 -0.5820
vn -0.0971 0.6492 -0.7544
vn -0.1180 0.8401 -0.5294
vn 0.8141 0.5265 -0.2451
vn 0.5744 0.7766 -0.2588
vn 0.7176 0.5633 -0.4095
vn 0.6803 0.5135 -0.5229
vn -0.0483 0.9965 -0.0676
vn 0.1048 0.9103 -0.4005
vn 0.8771 0.3873 -0.2842
vn 0.9662 -0.0089 -0.2577
vn 0.9264 -0.3415 0.1588
vn 0.8767 -0.3282 0.3518
vn 0.9672 -0.2489 -0.0501
vn 0.9798 -0.0915 -0.1778
vn 0.2899 0.8236 -0.4874
vn 0.0117 0.9629 -0.2695
vn 0.8196 0.4947 -0.2889
vn -0.8200 0.5193 -0.2409
vn -0.2209 -0.5764 -0.7868
vn 0.8522 -0.4005 -0.3366
vn 0.0169 -0.8813 -0.4722
vn -0.8402 -0.3428 -0.4202
vn 0.3059 0.6207 -0.7219
vn 0.1233 0.9907 -0.0582
vn 0.1839 0.8739 -0.4500
vn 0.0928 0.9431 -0.3193
vn 0.0885 0.5689 -0.8176
vn -0.1874 0.4858 -0.8537
vn -0.0187 0.5233 -0.8519
vn -0.3253 0.4368 -0.8387
vn -0.3206 0.4590 -0.8286
vn -0.4654 0.6058 -0.6453
vn -0.3431 0.5324 -0.7739
vn -0.2762 0.7057 -0.6525
vn -0.3553 0.7660 -0.5358
vn -0.2986 0.7179 -0.6288
vn -0.7839 0.2315 0.5762
vn 0.5886 0.0531 0.8067
vn 0.3753 0.6337 0.6764
vn 0.0859 0.9906 -0.1061
vn -0.0160 0.9860 0.1662
vn 0.1955 0.9805 -0.0223
vn -0.7364 0.0802 0.6718
vn 0.3365 -0.6409 0.6900
vn 0.1123 0.5030 0.8570
vn 0.7630 0.6464 -0.0000
vn -0.0019 0.0018 1.0000
vn 0.8925 -0.4510 -0.0000
vn -0.2588 -0.9659 -0.0000
vn 0.7128 0.7011 -0.0156
vn 0.7137 0.6435 -0.2768
vn 0.5425 0.8400 -0.0108
vn 0.1547 0.9731 0.1705
vn 0.9192 -0.0536 -0.3900
vn 0.9324 -0.0000 -0.3613
vn 0.9611 0.1431 -0.2362
vn 0.9079 -0.0799 -0.4116
vn -0.1643 0.9802 -0.1105
vn -0.1397 0.9887 0.0540
vn -0.1567 0.9636 -0.2166
vn -0.3555 0.8591 -0.3681
vn -0.3509 0.8394 -0.4151
vn -0.0535 0.9352 -0.3501
vn -0.8924 0.4382 -0.1080
vn -0.1614 0.9484 0.2731
vn 0.0524 0.4634 -0.8846
vn 0.2401 0.9112 -0.3347
vn 0.8703 0.4802 -0.1098
vn 0.7682 0.6391 0.0363
vn -0.8748 -0.4743 0.0994
vn -0.0739 -0.2997 -0.9512
vn -0.2271 -0.9585 0.1723
vn 0.7772 0.6286 0.0290
vn 0.2344 0.9607 -0.1487
vn -0.3142 0.4661 -0.8271
vn -0.5949 0.2058 -0.7771
vn -0.5550 0.3763 -0.7419
vn -0.6848 -0.2877 -0.6696
vn -0.6696 -0.0427 -0.7415
vn -0.8783 0.2824 -0.3859
vn 0.7818 -0.2014 -0.5901
vn 0.3822 -0.2227 -0.8968
vn 0.9639 0.1826 -0.1938
vn -0.5104 0.0051 -0.8599
vn -0.5729 -0.1864 -0.7981
vn 0.5698 -0.1705 -0.8039
vn 0.8258 -0.0271 -0.5633
vn -0.5630 -0.1343 -0.8154
vn -0.5326 -0.1420 -0.8344
vn -0.1702 -0.3040 -0.9374
vn 0.3840 -0.0971 -0.9182
vn 0.0021 -0.1611 -0.9869
vn -0.4730 0.7765 -0.4162
vn -0.3699 0.9058 -0.2065
vn -0.6329 0.6694 -0.3890
vn -0.0466 0.3708 -0.9275
vn -0.4134 0.3318 -0.8480
vn -0.3367 0.0192 -0.9414
vn -0.3732 0.2602 -0.8905
vn -0.6100 0.0676 -0.7895
vn -0.7363 0.2813 -0.6154
vn -0.5548 -0.2665 -0.7882
vn -0.3217 -0.3378 -0.8845
vn -0.3774 -0.4144 -0.8282
vn -0.6447 -0.2300 -0.7290
vn -0.6061 -0.1077 -0.7881
vn 0.9390 -0.1233 -0.3209
vn 0.8232 -0.0696 -0.5635
vn -0.5016 0.1027 -0.8590
vn -0.4875 0.2136 -0.8466
vn 0.8268 0.4369 -0.3543
vn 0.9008 0.0883 -0.4253
vn 0.9818 -0.0603 -0.1799
vn -0.3852 0.2959 -0.8741
vn -0.3912 0.3216 -0.8623
vn -0.7337 0.2524 -0.6308
vn -0.8809 0.0600 -0.4694
vn -0.8563 0.0746 -0.5110
vn 0.9420 -0.2029 0.2671
vn 0.9076 -0.3242 0.2666
vn 0.9621 -0.2703 -0.0354
vn 0.9462 -0.1017 -0.3073
vn -0.8709 0.0082 -0.4914
vn -0.9518 0.2315 -0.2013
vn 0.9933 -0.0529 -0.1025
vn 0.9993 -0.0341 -0.0156
vn 0.9943 -0.1062 -0.0050
vn 0.7465 0.1767 -0.6415
vn 0.7646 0.1674 -0.6224
vn 0.7046 0.2133 -0.6768
vn 0.7931 -0.5788 0.1896
vn -0.8960 0.0128 -0.4438
vn -0.0116 0.1540 -0.9880
vn 0.0562 -0.0158 -0.9983
vn -0.0500 -0.1555 -0.9866
vn 0.3932 -0.7267 -0.5633
vn 0.3966 -0.7818 -0.4812
vn 0.2199 -0.8187 -0.5304
vn -0.5689 0.1158 -0.8142
vn -0.4244 0.2263 -0.8768
vn -0.3458 0.2417 -0.9066
vn -0.1875 0.1698 -0.9675
vn -0.3908 0.3854 -0.8359
vn -0.3370 0.3072 -0.8900
vn -0.4190 0.3402 -0.8418
vn -0.3837 0.2234 -0.8960
vn -0.3380 0.3189 -0.8855
vn -0.4112 0.2624 -0.8730
vn -0.4034 0.1763 -0.8979
vn -0.3809 0.2082 -0.9009
vn 0.7326 0.2889 -0.6163
vn 0.7747 0.5553 -0.3024
vn 0.8459 0.3538 -0.3991
vn 0.7820 0.2493 -0.5712
vn 0.7735 0.2671 -0.5747
vn 0.7217 0.1054 -0.6842
vn 0.5680 0.2590 -0.7812
vn 0.4771 0.1721 -0.8618
vn 0.4819 0.4508 -0.7513
vn 0.4348 0.0815 -0.8968
vn 0.6838 0.3192 -0.6561
vn 0.6560 0.4428 -0.6112
vn -0.2041 0.7029 -0.6813
vn -0.2189 0.7771 -0.5901
vn 0.7394 0.1875 -0.6466
vn 0.5938 -0.0673 -0.8018
vn -0.3537 0.7373 -0.5755
vn -0.2057 0.9150 -0.3470
vn -0.9230 0.3719 0.0993
vn -0.8017 0.1364 0.5819
vn -0.8533 0.4516 0.2606
vn -0.2642 -0.0174 0.9643
vn -0.1321 0.9242 0.3584
vn -0.1452 0.9892 0.0184
vn -0.4023 0.9017 0.1582
vn 0.7954 0.0732 -0.6017
vn 0.4083 -0.0209 -0.9126
vn -0.7290 0.6802 -0.0766
vn 0.7804 0.3045 -0.5462
vn 0.7327 0.1679 -0.6595
vn -0.2715 0.1691 -0.9475
vn -0.3805 0.2109 -0.9004
vn -0.3358 0.3500 -0.8745
vn -0.3731 0.3152 -0.8726
vn -0.3689 0.4018 -0.8381
vn -0.3906 0.2832 -0.8759
vn -0.3844 0.2795 -0.8798
vn -0.3561 0.2730 -0.8937
vn -0.3794 0.2522 -0.8902
vn -0.3070 0.3226 -0.8954
vn -0.3751 0.2256 -0.8991
vn -0.3859 0.1568 -0.9091
vn -0.3769 0.1230 -0.9181
vn -0.3537 0.1023 -0.9297
vn -0.4016 0.3414 -0.8498
vn -0.4025 0.1503 -0.9030
vn -0.4360 0.1470 -0.8878
vn -0.3554 0.3033 -0.8841
vn -0.3970 0.5794 -0.7118
vn -0.5310 0.2328 -0.8148
vn -0.3609 0.6365 0.6817
vn 0.2829 0.8871 0.3647
vn -0.9621 0.2591 0.0851
vn -0.8917 0.4527 0.0004
vn -0.6230 0.6472 -0.4393
vn 0.4330 0.8878 0.1558
vn 0.5432 0.8281 -0.1386
vn 0.6684 0.7211 -0.1822
vn -0.2419 0.7170 -0.6538
vn -0.2081 0.7694 -0.6039
vn -0.1718 0.8443 -0.5076
vn -0.4976 0.0779 -0.8639
vn -0.3162 0.8111 -0.4922
vn -0.2719 0.8398 -0.4698
vn -0.1852 0.9044 -0.3845
vn -0.1572 0.8747 -0.4584
vn -0.0885 0.9532 -0.2890
vn -0.3360 0.9398 0.0628
vn -0.4603 0.8368 -0.2963
vn -0.4918 0.8575 -0.1511
vn 0.5176 0.2288 -0.8244
vn 0.4839 0.4533 -0.7486
vn 0.6893 0.1977 -0.6970
vn -0.2841 0.3328 -0.8992
vn 0.4620 -0.2510 -0.8506
vn -0.2167 -0.2671 -0.9390
vn -0.5948 -0.1299 -0.7933
vn -0.3626 -0.2071 -0.9086
vn -0.1799 -0.6121 -0.7700
vn -0.1304 0.2448 -0.9608
vn 0.3739 0.1177 -0.9200
vn 0.0584 0.1933 -0.9794
vn 0.6101 -0.0202 -0.7920
vn -0.2425 0.0912 -0.9658
vn 0.4650 0.1176 -0.8775
vn 0.8142 -0.1029 -0.5715
vn -0.4137 0.1275 -0.9015
vn -0.2900 0.0317 -0.9565
vn 0.9159 0.3870 0.1063
vn -0.4238 0.2614 -0.8672
vn -0.8715 -0.4648 0.1565
vn -0.9308 0.0266 -0.3646
vn -0.1161 0.9436 -0.3100
vn -0.7925 -0.4278 -0.4346
vn 0.4790 0.1203 0.8695
vn 0.5708 -0.2139 -0.7927
vn 0.8353 -0.2184 -0.5046
vn 0.5867 -0.4501 -0.6733
vn 0.9308 -0.1544 -0.3314
vn -0.4790 -0.5815 0.6576
vn 0.1161 0.8996 0.4209
vn -0.2632 -0.5207 -0.8122
vn -0.4427 -0.3851 -0.8098
vn -0.1059 -0.4313 -0.8960
vn 0.7925 -0.4703 0.3882
vn 0.8072 0.3957 -0.4380
vn -0.9056 0.4222 -0.0404
vn 0.3334 -0.7089 0.6216
vn 0.6253 0.6358 0.4525
vn -0.3437 0.9142 -0.2148
vn -0.1540 -0.8494 0.5048
vn -0.3380 -0.8671 0.3658
vn 0.8833 0.3077 0.3538
vn -0.7641 0.5533 0.3315
vn 0.3086 0.0244 -0.9509
vn 0.0165 0.4348 -0.9004
vn 0.8946 0.4447 0.0445
vn 0.9367 0.2855 0.2026
vn 0.9202 0.3522 0.1705
vn 0.9608 0.1974 0.1946
vn 0.8450 0.4994 0.1910
vn 0.0830 0.9780 -0.1913
vn -0.2462 0.9692 -0.0044
vn 0.0522 0.9819 0.1821
vn -0.4299 0.4635 -0.7748
vn -0.5388 0.2437 -0.8064
vn -0.4763 0.2937 -0.8288
vn -0.1149 0.8037 -0.5838
vn -0.0840 0.7792 -0.6211
vn -0.0105 0.9558 -0.2940
vn -0.0730 0.8694 0.4887
vn 0.1060 0.9944 -0.0042
vn -0.4010 0.8835 0.2419
vn 0.8739 0.4747 0.1052
vn 0.3896 0.9210 -0.0025
vn 0.9846 -0.0097 -0.1746
vn 0.9532 0.2875 0.0939
vn 0.9230 0.3787 -0.0679
vn -0.4716 0.0835 -0.8779
vn -0.4699 0.0399 -0.8818
vn 0.9736 0.0054 0.2280
vn -0.4151 0.1200 -0.9018
vn -0.5406 0.1465 -0.8284
vn -0.4052 0.1675 -0.8988
vn -0.3810 0.1046 -0.9187
vn -0.3895 0.3761 -0.8407
vn 0.0711 0.8229 -0.5637
vn -0.1838 0.8461 -0.5004
vn 0.1764 0.9378 -0.2989
vn -0.8181 0.3946 -0.4183
vn 0.4816 0.7956 -0.3676
vn -0.3767 0.5921 -0.7124
vn -0.1870 0.7024 -0.6868
vn -0.1799 0.7107 -0.6801
vn -0.1428 0.8521 -0.5035
vn -0.1067 0.8529 -0.5110
vn -0.1009 0.8777 -0.4685
vn -0.0814 0.9170 -0.3904
vn -0.0622 0.9256 -0.3734
vn -0.0990 0.9163 -0.3882
vn -0.1645 0.9193 -0.3575
vn -0.1131 0.8835 -0.4546
vn -0.1736 0.8459 -0.5043
vn -0.0000 0.0001 -1.0000
vn -0.6485 0.5364 0.5401
vn 0.8951 -0.0816 -0.4383
vn -0.8458 0.0311 -0.5325
vn -0.2376 -0.7964 -0.5561
vn 0.2924 0.0296 -0.9558
vn 0.3655 0.3368 -0.8677
vn 0.4973 0.1041 -0.8613
vn -0.2200 0.2691 -0.9377
vn 0.3115 0.6964 -0.6465
vn 0.7499 0.6544 -0.0973
vn 0.4367 0.0589 -0.8977
vn 0.5986 0.0961 -0.7953
vn -0.4708 0.1660 -0.8665
vn -0.2547 0.5524 -0.7937
vn 0.3902 0.0892 -0.9164
vn 0.6227 -0.3336 -0.7078
vn -0.1910 0.8438 -0.5016
vn -0.0143 0.8937 -0.4485
vn 0.1575 0.7283 -0.6669
vn -0.0495 0.5086 -0.8596
vn -0.2861 0.7642 -0.5781
vn -0.2295 0.7981 -0.5571
vn -0.1501 0.9005 -0.4082
vn -0.1394 0.8822 -0.4497
vn -0.0912 0.9169 -0.3886
vn -0.0963 0.9207 -0.3782
vn -0.0940 0.9195 -0.3817
vn -0.0776 0.9112 -0.4047
vn -0.1421 0.8750 -0.4629
vn -0.0485 0.9294 -0.3658
vn -0.0806 0.9469 -0.3112
vn -0.0453 0.8923 -0.4492
vn -0.1299 0.9414 -0.3114
vn -0.0716 0.9601 -0.2705
vn -0.0848 0.9258 -0.3684
vn -0.0637 0.8494 -0.5239
vn -0.1168 0.9012 -0.4173
vn -0.1065 0.8991 -0.4247
vn -0.0919 0.8890 -0.4486
vn -0.1734 0.8259 -0.5364
vn 0.1871 0.5049 -0.8427
vn -0.1300 0.8268 -0.5472
vn -0.2040 0.8190 -0.5363
vn 0.4420 -0.0676 -0.8945
vn 0.6081 -0.3421 -0.7164
vn 0.2586 -0.1735 -0.9503
vn 0.2506 0.5088 -0.8236
vn 0.5594 0.5650 -0.6066
vn 0.4149 0.1953 -0.8887
vn 0.3609 0.3518 -0.8637
vn 0.0687 0.5665 -0.8212
vn 0.2336 0.2429 -0.9415
vn 0.2556 0.5498 -0.7953
vn 0.0946 0.7027 -0.7052
vn 0.0997 0.6070 -0.7885
vn 0.1736 0.3604 -0.9165
vn 0.4808 0.3187 -0.8169
vn 0.8593 -0.2735 0.4321
vn 0.7842 -0.1805 0.5937
vn 0.6816 -0.4170 0.6013
vn 0.6297 0.7076 0.3206
vn 0.4897 0.6331 0.5995
vn 0.7487 0.4475 0.4891
vn -0.4249 0.4880 -0.7625
vn -0.2169 0.6147 -0.7584
vn -0.2351 0.6909 -0.6837
vn -0.4063 0.3733 -0.8340
vn -0.1948 0.4724 -0.8596
vn -0.3034 0.5257 -0.7947
vn -0.1909 0.6550 -0.7311
vn -0.0568 0.5746 -0.8164
vn -0.0691 0.6222 -0.7798
vn -0.4488 0.6754 -0.5851
vn -0.4378 0.6434 -0.6280
vn -0.4758 0.5626 -0.6761
vn -0.4181 0.4508 -0.7887
vn -0.3335 0.7610 -0.5565
vn -0.5246 0.3824 -0.7606
vn -0.3827 0.1709 -0.9079
vn -0.4316 0.0217 -0.9018
vn -0.0252 0.3506 -0.9362
vn -0.0327 0.6548 -0.7551
vn -0.0447 0.8922 -0.4494
vn -0.0509 0.8273 -0.5595
vn -0.3199 0.2571 -0.9119
vn -0.4042 -0.1442 -0.9032
vn 0.1675 0.2528 -0.9529
vn -0.1319 0.5012 -0.8552
vn -0.2112 0.6044 -0.7682
vn 0.1906 0.4911 -0.8500
vn 0.3577 0.4307 -0.8286
vn -0.9848 -0.1424 -0.0997
vn -0.9497 -0.0564 0.3079
vn -0.9971 0.0746 0.0129
vn -0.9773 -0.1566 0.1425
vn -0.2093 0.6517 -0.7290
vn -0.2863 0.6268 -0.7246
vn -0.4076 0.5643 -0.7179
vn -0.3938 0.6966 -0.5997
vn -0.0259 0.7847 -0.6193
vn -0.2071 0.8575 -0.4709
vn -0.0266 0.9316 -0.3626
vn -0.1105 0.9351 -0.3367
vn -0.1328 0.8238 -0.5511
vn -0.1723 0.8902 -0.4217
vn -0.1575 0.8401 -0.5191
vn -0.2391 0.7962 -0.5558
vn -0.1545 0.8728 -0.4629
vn -0.1304 0.8100 -0.5717
vn -0.3601 0.5226 -0.7728
vn -0.0562 -0.0643 -0.9963
vn 0.0120 -0.0607 -0.9981
vn -0.0264 0.9477 -0.3181
vn -0.0975 0.8752 -0.4738
vn -0.2535 0.8357 -0.4872
vn -0.1803 0.7749 -0.6058
vn 0.1090 0.9894 0.0959
vn 0.1893 0.9797 0.0666
vn 0.1024 0.9805 0.1678
vn 0.1402 0.9788 0.1493
vn 0.0386 0.9560 0.2907
vn 0.1704 0.3479 -0.9219
vn 0.0351 0.3729 -0.9272
vn 0.2769 0.5034 -0.8185
vn 0.1909 0.3641 -0.9116
vn -0.0768 0.3524 -0.9327
vn 0.2339 0.4835 -0.8435
vn 0.0901 0.3768 -0.9219
vn -0.0646 0.3622 -0.9299
vn 0.2496 0.6641 -0.7048
vn 0.0133 0.6897 -0.7239
vn 0.0557 0.6768 -0.7341
vn -0.4303 0.2540 -0.8662
vn -0.0422 0.4742 -0.8794
vn -0.0103 0.6539 -0.7565
vn 0.0243 0.4786 -0.8777
vn 0.2221 0.6166 -0.7553
vn 0.0891 0.6531 -0.7520
vn 0.0741 0.7217 -0.6882
vn 0.0066 0.7370 -0.6759
vn -0.0358 0.7233 -0.6896
vn 0.0431 0.6847 -0.7276
vn 0.1638 0.6965 -0.6986
vn 0.1212 0.9147 -0.3855
vn 0.2098 0.7756 -0.5953
vn 0.1422 0.8080 -0.5718
vn -0.7047 0.6595 -0.2615
vn -0.5406 0.3396 -0.7697
vn -0.6368 0.6216 -0.4562
vn -0.9452 0.2026 -0.2560
vn -0.9895 0.1159 -0.0860
vn -0.9574 0.2716 -0.0984
vn -0.5676 0.8226 -0.0335
vn -0.4683 0.8816 0.0586
vn -0.4246 0.9049 -0.0291
vn -0.3642 0.9306 0.0355
vn -0.1817 0.9712 -0.1542
vn -0.0487 0.9599 -0.2762
vn 0.6117 0.3787 -0.6946
vn -0.0155 0.9372 -0.3485
vn 0.0306 0.7536 -0.6567
vn 0.0551 0.8018 -0.5950
vn -0.0251 0.7426 -0.6693
vn -0.1044 0.7305 -0.6748
vn -0.0599 0.7976 -0.6002
vn -0.0627 0.8513 -0.5210
vn -0.0512 0.9014 -0.4299
vn 0.0399 0.9691 -0.2434
vn 0.1339 0.9730 -0.1882
vn 0.1603 0.9693 -0.1863
vn 0.2060 0.9768 0.0589
vn 0.3364 0.9406 0.0461
vn -0.5818 0.7791 -0.2334
vn -0.5020 0.8591 -0.0994
vn -0.4632 0.8503 -0.2499
vn -0.2942 0.9414 -0.1651
vn -0.2308 0.9398 -0.2518
vn 0.0880 0.9381 -0.3349
vn 0.0734 0.9167 -0.3927
vn -0.0040 0.9349 -0.3549
vn -0.0038 0.9709 -0.2393
vn 0.0331 0.9716 -0.2343
vn 0.0428 0.9652 -0.2578
vn 0.0149 0.8338 -0.5518
vn 0.0677 0.9172 -0.3927
vn -0.0205 0.8807 -0.4732
vn -0.0202 0.6911 -0.7225
vn 0.0885 0.8389 -0.5370
vn -0.0062 0.7174 -0.6966
vn -0.1905 0.7100 -0.6780
vn -0.0779 0.5991 -0.7969
vn -0.0512 0.5839 -0.8102
vn -0.0068 0.6354 -0.7722
vn -0.0796 0.5174 -0.8520
vn -0.0318 0.8654 -0.5000
vn -0.0265 0.5233 -0.8517
vn -0.0201 0.5214 -0.8531
vn 0.0967 0.6628 -0.7426
vn -0.0633 0.5658 -0.8221
vn -0.1195 0.9510 -0.2852
vn -0.0705 0.9888 -0.1317
vn -0.0351 0.9547 -0.2955
vn 0.0119 0.9821 -0.1878
vn 0.0020 0.8875 -0.4607
vn 0.0189 0.8213 -0.5702
vn 0.0384 0.7976 -0.6020
vn 0.0264 0.8189 -0.5733
vn -0.0130 0.8030 -0.5958
vn 0.0316 0.7486 -0.6623
vn -0.0997 0.4734 -0.8752
vn -0.1063 0.4552 -0.8840
vn -0.0908 0.4517 -0.8875
vn -0.0672 0.5130 -0.8558
vn 0.0238 0.5848 -0.8108
vn 0.0247 0.7019 -0.7119
vn -0.5300 0.7764 -0.3412
vn -0.4269 0.6220 -0.6564
vn -0.4852 0.6776 -0.5526
vn -0.4977 0.7416 -0.4499
vn -0.2880 0.8852 -0.3652
vn -0.0633 0.6105 -0.7894
vn -0.0219 0.5417 -0.8403
vn -0.3349 0.6949 -0.6364
vn -0.1743 0.7456 -0.6432
vn -0.1201 0.8318 -0.5419
vn -0.0970 0.8596 -0.5017
vn -0.0721 0.8516 -0.5193
vn -0.0402 0.8167 -0.5757
vn 0.0051 0.7681 -0.6404
vn 0.0411 0.7436 -0.6673
vn -0.0039 0.7663 -0.6425
vn -0.0312 0.7457 -0.6656
vn -0.1587 0.8202 -0.5496
vn -0.1078 0.6605 -0.7430
vn -0.1130 0.5879 -0.8010
vn -0.1280 0.5741 -0.8087
vn -0.1207 0.6339 -0.7639
vn -0.1040 0.5811 -0.8072
vn -0.0900 0.6031 -0.7926
vn -0.0738 0.6954 -0.7148
vn -0.0413 0.7114 -0.7016
vn -0.0266 0.7386 -0.6736
vn -0.0035 0.8050 -0.5933
vn 0.0155 0.7378 -0.6749
vn -0.0252 0.8231 -0.5673
vn 0.0495 0.8082 -0.5868
vn 0.0634 0.8079 -0.5859
vn 0.0711 0.8268 -0.5580
vn 0.1794 0.9549 -0.2365
vn -0.0358 0.7530 -0.6571
vn -0.0270 0.7437 -0.6680
vn -0.0127 0.7511 -0.6601
vn -0.0369 0.7615 -0.6471
vn -0.0938 0.7658 -0.6362
vn -0.0454 0.7701 -0.6363
vn -0.1317 0.7586 -0.6381
vn -0.1894 0.7662 -0.6140
vn -0.1958 0.7696 -0.6077
vn -0.3004 0.7424 -0.5988
vn -0.2877 0.7578 -0.5857
vn -0.4041 0.7025 -0.5859
vn -0.1955 0.7313 -0.6534
vn -0.3287 0.7232 -0.6074
vn -0.5283 0.6354 -0.5632
vn -0.5357 0.6936 -0.4816
vn -0.4883 0.6759 -0.5520
vn -0.3414 0.6127 -0.7128
vn -0.3029 0.6415 -0.7048
vn -0.3150 0.7394 -0.5951
vn -0.2346 0.7511 -0.6171
vn -0.1404 0.8051 -0.5762
vn -0.1733 0.9021 -0.3952
vn -0.1440 0.9089 -0.3913
vn -0.0799 0.7814 -0.6189
vn -0.0791 0.7638 -0.6406
vn -0.0960 0.9161 -0.3894
vn -0.0715 0.9078 -0.4133
vn -0.0669 0.7933 -0.6051
vn -0.0460 0.8195 -0.5712
vn -0.0361 0.9292 -0.3678
vn -0.0088 0.9545 -0.2982
vn -0.0028 0.8516 -0.5241
vn 0.0345 0.8584 -0.5117
vn 0.0135 0.9664 -0.2567
vn 0.0382 0.9557 -0.2919
vn 0.0132 0.8554 -0.5177
vn -0.0461 0.8965 -0.4407
vn 0.0523 0.9609 -0.2718
vn 0.0255 0.9722 -0.2326
vn -0.0360 0.9947 -0.0961
vn -0.2235 0.9599 -0.1695
vn -0.1127 0.9932 -0.0305
vn -0.0046 0.9961 0.0882
vn -0.0559 0.9943 0.0913
vn 0.0069 0.9859 0.1669
vn -0.0096 0.9767 0.2143
vn 0.0117 0.9782 0.2071
vn 0.0260 0.9779 0.2074
vn 0.0351 0.9656 0.2578
vn -0.0066 0.9883 0.1521
vn 0.1086 0.9744 0.1967
vn -0.2572 0.7638 -0.5920
vn -0.1473 0.8246 -0.5462
vn -0.1119 0.9071 -0.4057
vn -0.0997 0.9376 -0.3332
vn -0.0390 0.9603 -0.2763
vn -0.0231 0.9746 -0.2229
vn 0.0163 0.9801 -0.1980
vn 0.0275 0.9837 -0.1776
vn 0.0151 0.9808 -0.1945
vn 0.0466 0.9846 -0.1687
vn 0.0407 0.9712 -0.2346
vn 0.0784 0.9761 -0.2026
vn 0.1364 0.9790 -0.1517
vn 0.0532 0.9889 0.1386
vn -0.0950 0.9844 0.1484
vn 0.0557 0.9837 0.1708
vn 0.1791 0.9591 0.2192
vn 0.1400 0.9785 0.1512
vn -0.0306 0.7641 -0.6444
vn 0.0024 0.7656 -0.6433
vn -0.0449 0.7600 -0.6484
vn -0.0188 0.7661 -0.6425
vn 0.0044 0.7674 -0.6411
vn -0.0810 0.7572 -0.6482
vn -0.1739 0.7084 -0.6841
vn -0.2599 0.6665 -0.6987
vn -0.3211 0.6091 -0.7252
vn -0.3336 0.5982 -0.7286
vn -0.3697 0.5260 -0.7659
vn -0.3730 0.5571 -0.7419
vn -0.3667 0.5418 -0.7563
vn -0.3172 0.5988 -0.7354
vn -0.0582 0.8184 -0.5717
vn -0.0018 0.8126 -0.5828
vn 0.0115 0.8139 -0.5809
vn -0.0596 0.8173 -0.5732
vn -0.0817 0.8147 -0.5741
vn -0.0772 0.8162 -0.5726
vn 0.0383 0.8034 -0.5943
vn -0.0495 0.8109 -0.5830
vn -0.0846 0.8129 -0.5762
vn -0.0842 0.8141 -0.5745
vn -0.4703 0.5999 -0.6473
vn -0.3461 0.6030 -0.7188
vn -0.2956 0.6884 -0.6624
vn -0.4088 0.5209 -0.7494
vn -0.4666 0.6134 -0.6372
vn -0.2408 0.5801 -0.7781
vn -0.1588 0.7570 -0.6338
vn -0.1471 0.7167 -0.6817
vn -0.2889 0.7089 -0.6434
vn -0.0337 0.8635 -0.5032
vn -0.0911 0.7813 -0.6175
vn 0.0104 0.7076 -0.7066
vn -0.0118 0.9220 -0.3871
vn 0.0138 0.9585 -0.2849
vn 0.0351 0.7408 -0.6708
vn 0.0371 0.7233 -0.6895
vn 0.0121 0.9519 -0.3061
vn -0.0070 0.9283 -0.3717
vn 0.0288 0.7183 -0.6952
vn -0.0238 0.7900 -0.6127
vn -0.0025 0.8670 -0.4984
vn -0.0133 0.7850 -0.6193
vn 0.0749 0.8662 -0.4940
vn -0.0570 0.8093 -0.5846
vn -0.0548 0.8330 -0.5505
vn 0.1701 0.8526 -0.4941
vn -0.0462 0.7380 -0.6732
vn -0.0112 0.8535 -0.5210
vn -0.2032 0.7626 -0.6141
vn -0.0974 0.6678 -0.7379
vn -0.2384 0.7157 -0.6564
vn -0.1090 0.8075 -0.5796
vn -0.0963 0.6171 -0.7810
vn -0.0700 0.7723 -0.6314
vn -0.1528 0.7375 -0.6578
vn -0.0411 0.7894 -0.6125
vn -0.0960 0.7811 -0.6170
vn -0.3336 0.7169 -0.6122
vn -0.2705 0.6664 -0.6948
vn -0.1797 0.6207 -0.7632
vn -0.3469 0.7625 -0.5462
vn -0.3274 0.7741 -0.5418
vn -0.1458 0.5959 -0.7897
vn -0.1499 0.4783 -0.8653
vn -0.3029 0.6648 -0.6828
vn -0.0277 0.5686 -0.8222
vn -0.2921 0.8104 -0.5079
vn 0.0102 0.6020 -0.7984
vn -0.1657 0.8675 -0.4690
vn 0.0110 0.6475 -0.7620
vn -0.3160 0.5787 -0.7518
vn -0.2916 0.6183 -0.7298
vn -0.0520 0.6254 -0.7786
vn 0.1024 0.9491 -0.2980
vn 0.0343 0.6214 -0.7827
vn 0.0326 0.6319 -0.7743
vn -0.0197 0.8473 -0.5308
vn 0.2145 0.8576 -0.4674
vn -0.0800 0.8726 -0.4819
vn -0.0097 0.6677 -0.7443
vn -0.1582 0.9057 -0.3933
vn -0.0166 0.6674 -0.7445
vn 0.0147 0.7376 -0.6751
vn 0.0087 0.6527 -0.7575
vn -0.0140 0.6754 -0.7373
vn 0.0019 0.9305 -0.3664
vn -0.0191 0.9106 -0.4128
vn -0.0482 0.6928 -0.7196
vn -0.0048 0.7296 -0.6838
vn -0.0963 0.7102 -0.6974
vn -0.0695 0.7345 -0.6751
vn -0.0366 0.8945 -0.4456
vn -0.0251 0.8839 -0.4671
vn -0.1177 0.8426 -0.5256
vn -0.0515 0.8240 -0.5643
vn -0.0916 0.8324 -0.5466
vn -0.0239 0.9126 -0.4082
vn 0.0018 0.8692 -0.4944
vn 0.0085 0.8475 -0.5307
vn -0.0665 0.8386 -0.5407
vn 0.0501 0.9575 -0.2840
vn 0.0210 0.9283 -0.3713
vn -0.0318 0.9865 -0.1609
vn 0.0183 0.9919 -0.1255
vn 0.0484 0.8260 -0.5615
vn -0.0359 0.7789 -0.6262
vn 0.0274 0.7298 -0.6831
vn -0.1403 0.6419 -0.7538
vn -0.1478 0.8740 -0.4630
vn -0.2454 0.9619 -0.1203
vn -0.2289 0.9735 0.0016
vn 0.1528 0.9795 -0.1310
vn -0.0868 0.9960 -0.0204
vn -0.5004 0.8626 -0.0747
vn -0.2054 0.9733 -0.1028
vn -0.0439 0.9899 -0.1347
vn -0.0140 0.9702 -0.2418
vn -0.0313 0.9539 -0.2983
vn -0.0137 0.9056 -0.4240
vn 0.0136 0.8172 -0.5762
vn -0.0473 0.8479 -0.5280
vn -0.0284 0.8186 -0.5737
vn -0.0252 0.8058 -0.5916
vn -0.0124 0.7261 -0.6875
vn -0.0191 0.7658 -0.6428
vn -0.0958 0.7019 -0.7058
vn 0.0128 0.8777 -0.4790
vn 0.0184 0.9309 -0.3649
vn -0.0676 0.9675 -0.2438
vn 0.0137 0.8991 -0.4375
vn 0.0997 0.8476 -0.5211
vn 0.0318 0.8946 -0.4457
vn 0.0071 0.4519 -0.8920
vn 0.0183 0.7069 -0.7071
vn 0.0869 0.3027 -0.9491
vn -0.0662 0.7517 -0.6562
vn -0.1033 0.7133 -0.6932
vn -0.0429 0.5085 -0.8600
vn 0.0866 0.2859 -0.9543
vn 0.1769 0.2775 -0.9443
vn -0.0012 0.3477 -0.9376
vn 0.3184 0.0766 -0.9449
vn 0.4518 -0.0637 -0.8898
vn 0.1880 0.5347 -0.8238
vn 0.0855 0.6450 -0.7594
vn 0.4860 -0.1799 -0.8552
vn 0.4419 -0.1657 -0.8816
vn -0.0591 0.7393 -0.6708
vn -0.0136 0.4295 -0.9030
vn 0.0071 0.5279 -0.8493
vn -0.1284 0.7929 -0.5957
vn 0.0042 0.4216 -0.9068
vn 0.0189 0.4076 -0.9129
vn -0.0114 0.7432 -0.6690
vn -0.0322 0.5197 -0.8537
vn -0.0293 0.5299 -0.8475
vn -0.1167 0.7494 -0.6517
vn 0.0031 0.4336 -0.9011
vn 0.0012 0.5117 -0.8591
vn 0.0552 0.7808 -0.6223
vn -0.0203 0.6541 -0.7562
vn 0.1032 0.4593 -0.8823
vn 0.1059 0.5607 -0.8212
vn -0.0060 0.5473 -0.8369
vn -0.1995 0.7653 -0.6120
vn -0.1098 0.7030 -0.7027
vn -0.0490 0.5791 -0.8138
vn 0.0204 0.5471 -0.8368
vn -0.0029 0.5616 -0.8274
vn -0.1649 0.7605 -0.6280
vn -0.0222 0.6022 -0.7981
vn -0.0007 0.6182 -0.7860
vn -0.1519 0.7960 -0.5859
vn 0.0079 0.6261 -0.7797
vn -0.0251 0.6452 -0.7636
vn 0.0626 0.9382 -0.3405
vn 0.0421 0.9597 -0.2780
vn 0.0056 0.9642 -0.2651
vn -0.0195 0.9582 -0.2856
vn -0.1334 0.7572 -0.6394
vn 0.0238 0.5727 -0.8194
vn 0.0383 0.6451 -0.7632
vn 0.0011 0.5843 -0.8115
vn -0.0000 0.6098 -0.7926
vn 0.0231 0.5830 -0.8121
vn -0.0306 0.8105 -0.5849
vn 0.0458 0.9952 0.0866
vn 0.0026 0.9150 -0.4035
vn 0.1500 0.8819 -0.4469
vn 0.0021 0.8704 -0.4924
vn 0.2036 0.9359 -0.2875
vn 0.0038 0.8943 -0.4475
vn -0.2432 0.9184 -0.3121
vn -0.1170 0.9179 -0.3791
vn 0.0052 0.8655 -0.5010
vn -0.0630 0.7734 -0.6308
vn -0.1170 0.9155 -0.3850
vn 0.0166 0.5467 -0.8372
vn -0.2141 0.6402 -0.7378
vn 0.1301 0.5670 -0.8134
vn 0.2613 0.5763 -0.7743
vn 0.0380 0.5638 -0.8251
vn 0.1385 0.6831 -0.7171
vn 0.0151 0.8738 -0.4860
vn -0.2062 0.9348 -0.2891
vn -0.1065 0.9281 -0.3568
vn 0.0253 0.8312 -0.5554
vn 0.0081 0.8139 -0.5809
vn 0.1738 0.9402 -0.2930
vn -0.0067 0.7729 -0.6345
vn 0.1644 0.9465 -0.2776
vn 0.0256 0.5957 -0.8028
vn 0.2175 0.6358 -0.7406
vn 0.0006 0.5713 -0.8207
vn 0.0978 0.7016 -0.7058
vn -0.1483 0.2990 -0.9427
vn -0.2202 0.6405 -0.7358
vn 0.1253 0.5711 -0.8113
vn -0.2050 0.6428 -0.7381
vn -0.0145 0.7856 -0.6185
vn 0.2472 0.9337 -0.2590
vn 0.0321 0.8058 -0.5913
vn 0.2813 0.9200 -0.2729
vn 0.0464 0.7678 -0.6391
vn 0.1779 0.9283 -0.3265
vn 0.0287 0.7459 -0.6654
vn 0.2107 0.9056 -0.3680
vn -0.2396 0.6106 -0.7549
vn -0.0749 0.3363 -0.9388
vn -0.0301 0.3297 -0.9436
vn -0.2613 0.5515 -0.7922
vn -0.0006 0.5689 -0.8224
vn -0.0568 0.0139 -0.9983
vn -0.0135 0.3283 -0.9445
vn -0.0683 -0.0128 -0.9976
vn -0.0514 -0.0070 -0.9987
vn -0.0438 -0.0216 -0.9988
vn 0.0122 0.5215 -0.8531
vn -0.1439 0.5324 -0.8342
vn -0.1601 0.5224 -0.8376
vn 0.0065 0.4937 -0.8696
vn -0.0315 -0.0032 -0.9995
vn -0.0321 -0.0199 -0.9993
vn -0.0571 -0.0480 -0.9972
vn -0.0472 -0.0663 -0.9967
vn -0.0334 0.7695 -0.6377
vn 0.1698 0.8529 -0.4936
vn -0.1361 0.7367 -0.6623
vn -0.0614 0.6503 -0.7572
vn -0.0800 0.2451 -0.9662
vn -0.0002 0.3769 -0.9262
vn -0.0634 0.2668 -0.9617
vn -0.1427 0.4053 -0.9030
vn -0.0666 0.2463 -0.9669
vn -0.2094 0.4171 -0.8844
vn -0.0713 0.2059 -0.9760
vn -0.0715 0.2288 -0.9708
vn -0.0447 0.2596 -0.9647
vn -0.0228 0.2606 -0.9652
vn 0.0103 0.2488 -0.9685
vn -0.0094 0.2604 -0.9655
vn -0.0011 0.2314 -0.9729
vn 0.0028 0.2139 -0.9769
vn -0.0209 0.1835 -0.9828
vn -0.0119 0.2070 -0.9783
vn -0.0215 0.1981 -0.9799
vn -0.0353 0.1366 -0.9900
vn -0.0182 0.0945 -0.9954
vn -0.0544 0.1623 -0.9852
vn -0.0534 0.0727 -0.9959
vn -0.0814 -0.0000 -0.9967
vn -0.4902 -0.8714 0.0171
vn -0.4034 -0.7640 -0.5036
vn -0.4582 -0.8706 -0.1793
vn -0.8924 -0.4490 0.0450
vn -0.8319 -0.5163 0.2033
vn -0.9541 -0.1731 0.2442
vn -0.0659 -0.9820 -0.1768
vn -0.0235 -0.9855 -0.1683
vn -0.2001 -0.9776 -0.0646
vn 0.2402 -0.7900 -0.5642
vn 0.2830 -0.7716 -0.5697
vn 0.2670 -0.8026 -0.5334
vn -0.1129 -0.9799 -0.1642
vn -0.2982 -0.9540 0.0325
vn -0.2339 -0.9718 -0.0306
vn 0.3020 -0.8776 0.3722
vn -0.2468 -0.6855 -0.6850
vn 0.0483 -0.8540 -0.5180
vn -0.0714 -0.9303 -0.3597
vn 0.2972 -0.9264 -0.2314
vn 0.5310 -0.8441 0.0743
vn -0.1516 0.5182 -0.8417
vn -0.3424 0.6412 -0.6867
vn -0.2523 0.5552 -0.7925
vn -0.4728 0.6770 -0.5641
vn -0.2719 0.7312 -0.6257
vn -0.4071 0.5314 -0.7429
vn -0.5754 0.6383 -0.5113
vn -0.1999 0.7626 -0.6152
vn -0.4887 0.5947 -0.6384
vn 0.0686 0.9594 -0.2736
vn 0.0089 0.9294 -0.3690
vn -0.0617 0.9740 -0.2179
vn -0.3195 0.9341 -0.1596
vn -0.1124 -0.0977 -0.9888
vn -0.0449 -0.2701 -0.9618
vn 0.3212 -0.1804 -0.9297
vn -0.2358 0.6138 -0.7534
vn -0.2837 0.7966 -0.5337
vn -0.5744 0.4637 -0.6746
vn -0.6441 0.4038 -0.6497
vn -0.5653 0.6049 -0.5608
vn -0.5879 0.5356 -0.6062
vn -0.9742 0.1975 -0.1090
vn -0.9506 0.2405 0.1963
vn -0.9169 0.3954 -0.0551
vn -0.4310 0.8960 -0.1065
vn 0.0163 0.9741 -0.2256
vn -0.5249 0.3964 -0.7533
vn -0.4200 0.3640 -0.8313
vn -0.5053 0.4167 -0.7557
vn -0.4369 0.4163 -0.7974
vn -0.1642 0.3217 -0.9325
vn -0.0642 0.3511 -0.9341
vn -0.4839 0.4095 -0.7734
vn -0.3828 0.7001 -0.6028
vn 0.2359 0.4671 -0.8522
vn 0.5060 -0.5821 -0.6365
vn 0.6326 0.0672 -0.7716
vn 0.2602 -0.7310 -0.6308
vn 0.4193 -0.6648 -0.6182
vn 0.4294 -0.7655 -0.4792
vn 0.0753 0.0318 -0.9967
vn 0.5583 -0.0427 -0.8285
vn -0.1954 -0.0561 -0.9791
vn -0.5227 -0.7424 0.4190
vn -0.3416 -0.7409 0.5783
vn -0.5291 -0.5562 0.6409
vn 0.1154 0.9017 -0.4168
vn 0.5030 -0.7451 0.4379
vn 0.5078 -0.5766 0.6400
vn 0.2736 -0.7410 0.6132
vn -0.6817 -0.5235 -0.5112
vn -0.0608 -0.9955 -0.0730
vn 0.8926 0.2236 0.3916
vn 0.8170 0.4090 0.4066
vn 0.9628 0.2695 0.0170
vn 0.7426 -0.0958 0.6629
vn 0.6322 0.0943 0.7690
vn 0.4067 0.0346 0.9129
vn -0.0066 -0.9782 -0.2077
vn 0.0847 -0.9910 0.1032
vn -0.1674 -0.9856 -0.0221
vn 0.1306 -0.8341 -0.5359
vn 0.2738 0.9609 -0.0409
vn 0.5228 0.8421 0.1324
vn 0.3610 0.9124 -0.1928
vn 0.7592 0.5939 0.2661
vn 0.6830 0.6764 0.2756
vn 0.4916 0.8102 0.3192
vn 0.8328 0.3031 0.4632
vn -0.4553 -0.2060 -0.8662
vn -0.6572 -0.2116 -0.7234
vn -0.6753 0.0984 -0.7309
vn 0.4474 0.3461 -0.8247
vn 0.2678 0.4772 -0.8370
vn 0.3118 0.5993 -0.7373
vn -0.0038 0.6239 -0.7815
vn -0.0104 0.6678 -0.7443
vn -0.2185 0.6636 -0.7154
vn -0.2072 0.6152 -0.7607
vn -0.3976 0.5224 -0.7543
vn -0.4257 0.4654 -0.7760
vn -0.5014 0.4105 -0.7616
vn -0.4588 0.4546 -0.7634
vn -0.4030 0.3993 -0.8235
vn -0.4874 0.3358 -0.8060
vn -0.3516 0.3179 -0.8805
vn -0.4850 0.3727 -0.7911
vn -0.1487 0.3277 -0.9330
vn 0.4309 0.3473 -0.8329
vn 0.4252 0.3485 -0.8353
vn 0.2714 0.3540 -0.8950
vn 0.2120 0.4958 -0.8422
vn 0.1809 0.3533 -0.9179
vn 0.3093 0.4242 -0.8511
vn -0.1482 0.9889 -0.0081
vn 0.0001 1.0000 -0.0000
vn -0.1801 0.9100 -0.3735
vn 0.2026 0.5891 -0.7823
vn 0.1337 0.4878 -0.8626
vn 0.0291 0.8927 -0.4497
vn -0.0311 0.7328 -0.6797
vn 0.0291 0.4397 -0.8977
vn 0.5973 0.5285 0.6033
vn 0.3909 0.4889 0.7798
vn 0.5291 0.3948 0.7511
vn 0.9989 -0.0382 0.0279
vn 0.5198 0.8004 0.2985
vn 0.3813 0.3900 -0.8381
vn 0.4389 0.3656 -0.8208
vn 0.4321 0.3462 -0.8327
vn 0.4995 0.3789 -0.7791
vn -0.7586 0.4339 -0.4860
vn -0.6827 0.6354 -0.3609
vn -0.7634 0.6384 -0.0984
vn -0.2319 0.5601 -0.7953
vn -0.1028 0.4252 -0.8992
vn -0.0349 0.4693 -0.8824
vn -0.3640 0.5857 -0.7242
vn -0.2283 0.7636 -0.6040
vn 0.0005 0.6879 -0.7258
vn -0.2145 0.8236 -0.5251
vn -0.3343 0.7422 -0.5808
vn -0.3330 0.8048 -0.4914
vn 0.7875 0.5675 -0.2405
vn 0.5212 0.7512 -0.4050
vn 0.6940 0.6688 -0.2667
vn 0.5097 0.8523 -0.1178
vn 0.8548 0.4691 -0.2220
vn 0.2876 0.7346 -0.6145
vn -0.1728 0.6948 -0.6981
vn -0.4885 0.4801 -0.7286
vn 0.2371 0.8764 -0.4191
vn -0.3438 0.7531 -0.5609
vn -0.5817 0.4725 -0.6622
vn -0.6347 0.3641 -0.6816
vn -0.6595 0.2797 -0.6977
vn -0.5438 0.4154 -0.7292
vn -0.5284 0.3512 -0.7729
vn -0.2065 0.8167 -0.5389
vn 0.0866 0.9149 -0.3943
vn -0.0000 0.9275 -0.3738
vn 0.5487 0.7893 -0.2756
vn 0.2216 -0.9751 -0.0093
vn 0.3265 -0.9272 -0.1835
vn 0.0310 -0.9068 -0.4204
vn 0.5679 -0.8119 0.1353
vn 0.2660 -0.9618 -0.0650
vn -0.1324 -0.9824 -0.1321
vn 0.0183 -0.9912 -0.1311
vn 0.0075 -0.9627 -0.2706
vn 0.0975 -0.9939 -0.0522
vn 0.5539 -0.8258 0.1060
vn -0.9265 -0.3680 -0.0787
vn -0.9295 -0.3684 0.0155
vn -0.9660 -0.1027 -0.2374
vn -0.0859 -0.9867 -0.1382
vn -0.3561 -0.9007 -0.2488
vn -0.4738 0.4135 -0.7775
vn -0.0879 -0.9438 -0.3188
vn 0.0044 -0.9468 -0.3217
vn 0.0306 -0.8654 -0.5001
vn 0.2693 -0.9630 -0.0024
vn -0.2967 -0.9443 -0.1422
vn -0.1237 -0.9816 -0.1452
vn -0.2168 -0.9736 -0.0718
vn 0.0257 -0.9053 -0.4240
vn 0.5550 -0.6357 0.5365
vn 0.4011 -0.7945 0.4559
vn 0.1112 -0.9200 0.3759
vn 0.4386 -0.7111 0.5495
vn -0.1039 -0.9893 -0.1025
vn 0.4075 -0.7583 0.5088
vn 0.5210 -0.0050 -0.8536
vn 0.4671 0.4822 -0.7412
vn 0.5757 0.0273 -0.8172
vn 0.0613 0.9048 -0.4214
vn 0.1826 0.8997 -0.3965
vn 0.1832 0.9415 -0.2829
vn 0.2202 0.9657 -0.1375
vn 0.2076 0.8781 -0.4311
vn 0.2225 0.8555 -0.4675
vn 0.4310 0.1633 -0.8874
vn 0.4124 0.1765 -0.8937
vn 0.4104 0.2335 -0.8815
vn 0.4709 0.1218 -0.8737
vn 0.4885 0.1445 -0.8605
vn -0.4745 0.0139 -0.8801
vn -0.6901 0.0515 -0.7219
vn -0.4211 0.2047 -0.8836
vn -0.4904 0.2478 -0.8355
vn 0.1524 0.8457 -0.5114
vn -0.0875 0.9645 -0.2493
vn -0.0726 0.9955 -0.0614
vn 0.0839 0.6565 -0.7497
vn -0.0856 0.6652 -0.7418
vn 0.2510 0.9074 -0.3371
vn -0.2846 0.9584 -0.0233
vn 0.0994 0.9930 0.0642
vn 0.1231 0.5958 -0.7937
vn 0.2329 0.7969 -0.5575
vn 0.5186 0.6615 -0.5417
vn 0.6745 0.5028 -0.5406
vn -0.8838 0.3325 -0.3292
vn -0.7779 0.5929 -0.2082
vn -0.8101 0.1609 -0.5638
vn 0.0411 0.9570 -0.2872
vn -0.2181 0.9381 -0.2691
vn -0.5310 0.8340 -0.1502
vn 0.8137 0.5765 0.0748
vn 0.9817 0.1877 0.0310
vn 0.9566 -0.0083 0.2913
vn -0.5804 0.7909 -0.1939
vn -0.6496 0.7601 0.0192
vn -0.8268 0.5624 0.0026
vn -0.8504 0.5094 0.1315
vn 0.6861 -0.1616 0.7094
vn 0.5129 -0.3617 0.7786
vn 0.4942 -0.4631 0.7357
vn 0.5372 -0.4576 0.7085
vn 0.4613 -0.6377 0.6169
vn -0.0351 0.9325 0.3594
vn 0.0844 0.9540 0.2878
vn -0.0241 0.9061 0.4223
vn -0.0023 0.8598 0.5106
vn 0.1296 0.8983 0.4197
vn 0.2600 0.4296 0.8648
vn 0.3334 0.4379 0.8349
vn 0.4773 0.3663 0.7987
vn 0.4936 0.4831 0.7231
vn -0.4978 0.4802 -0.7222
vn -0.5344 0.4362 -0.7240
vn -0.5295 0.4908 -0.6919
vn -0.5852 0.4100 -0.6995
vn -0.5682 0.4311 -0.7009
vn -0.5818 0.3408 -0.7385
vn -0.6072 0.5744 -0.5490
vn -0.5977 0.2889 -0.7478
vn -0.2811 0.6247 -0.7286
vn -0.3854 0.7217 -0.5750
vn -0.1309 0.8259 -0.5484
vn -0.0346 0.9935 -0.1088
vn -0.0586 0.9893 -0.1337
vn 0.6252 -0.1689 0.7620
vn -0.1998 0.4572 -0.8666
vn -0.0273 0.4239 -0.9053
vn -0.3305 0.4660 -0.8207
vn -0.5862 0.3795 -0.7158
vn -0.7024 0.5885 -0.4004
vn -0.4287 0.6630 -0.6138
vn -0.7175 0.4660 -0.5177
vn -0.5753 0.5836 -0.5731
vn -0.7206 0.5078 -0.4722
vn -0.5818 0.5144 -0.6300
vn -0.5879 0.5936 -0.5495
vn -0.2766 0.6772 -0.6818
vn -0.5634 0.6472 -0.5135
vn -0.3553 0.7977 -0.4873
vn -0.3041 0.7678 -0.5640
vn -0.1728 0.7581 -0.6288
vn -0.0623 0.7043 -0.7071
vn -0.0142 0.8426 -0.5383
vn 0.0042 0.7067 -0.7075
vn -0.0194 0.8390 -0.5438
vn -0.0691 0.9560 -0.2851
vn -0.0047 0.9640 -0.2658
vn -0.0187 0.9653 -0.2604
vn 0.5447 0.5363 -0.6447
vn 0.5282 0.3989 -0.7496
vn 0.3889 0.5131 -0.7652
vn 0.1859 0.6756 -0.7134
vn 0.0967 0.8387 -0.5360
vn 0.3387 0.7014 -0.6271
vn 0.0638 0.9474 -0.3136
vn 0.0366 0.9232 -0.3825
vn -0.5896 -0.0835 -0.8033
vn -0.5377 -0.0645 -0.8406
vn -0.6299 -0.0666 -0.7738
vn 0.3120 0.6415 -0.7008
vn 0.2560 0.6077 -0.7518
vn 0.3368 0.5432 -0.7691
vn 0.2370 0.6805 -0.6933
vn 0.1932 0.6636 -0.7227
vn 0.5050 0.5028 -0.7016
vn 0.3854 0.4517 -0.8046
vn 0.4526 0.4108 -0.7915
vn 0.5358 0.3648 -0.7615
vn 0.4784 0.3733 -0.7949
vn 0.6667 0.5258 -0.5282
vn 0.5737 0.5832 -0.5752
vn 0.6234 0.4755 -0.6206
vn 0.5696 0.4385 -0.6952
vn 0.4819 0.5988 -0.6397
vn 0.3510 0.6790 -0.6448
vn 0.2803 0.7219 -0.6327
vn 0.1764 0.7075 -0.6844
vn 0.1279 0.7151 -0.6872
vn 0.1164 0.7581 -0.6417
vn 0.0955 0.7354 -0.6709
vn 0.0775 0.7478 -0.6594
vn 0.0270 0.7534 -0.6570
vn 0.0280 0.7152 -0.6984
vn 0.0405 0.7261 -0.6864
vn 0.0080 0.7543 -0.6565
vn 0.0003 0.7229 -0.6910
vn 0.0428 0.7528 -0.6568
vn 0.0101 0.7594 -0.6505
vn 0.2023 0.7648 -0.6117
vn -0.0069 0.7305 -0.6829
vn -0.0048 0.7559 -0.6547
vn -0.0098 0.7321 -0.6811
vn -0.0084 0.7553 -0.6553
vn -0.0055 0.7608 -0.6489
vn -0.0092 0.7579 -0.6524
vn -0.4442 0.7718 -0.4551
vn -0.3161 0.7743 -0.5482
vn -0.4120 0.7900 -0.4541
vn -0.3677 0.7064 -0.6048
vn -0.5007 0.6768 -0.5396
vn -0.4774 0.6997 -0.5315
vn -0.3160 0.7413 -0.5922
vn -0.4987 0.6750 -0.5438
vn -0.6668 0.4767 -0.5728
vn -0.5779 0.4583 -0.6753
vn -0.5007 0.5550 -0.6643
vn -0.6003 0.4439 -0.6653
vn -0.6830 0.3255 -0.6539
vn -0.5540 0.3986 -0.7309
vn -0.5275 0.4706 -0.7073
vn -0.5294 0.4400 -0.7254
vn -0.3807 0.6193 -0.6867
vn -0.4616 0.4961 -0.7354
vn -0.2752 0.6027 -0.7490
vn -0.3333 0.7110 -0.6192
vn -0.5106 0.6757 -0.5317
vn -0.4700 0.7662 -0.4383
vn -0.1815 0.6417 -0.7452
vn -0.1501 0.7100 -0.6881
vn -0.2503 0.8258 -0.5054
vn -0.2817 0.8673 -0.4103
vn -0.1390 0.9266 -0.3495
vn -0.0552 0.8932 -0.4463
vn 0.0005 0.9436 -0.3312
vn -0.0130 0.8854 -0.4647
vn -0.0405 0.8818 -0.4699
vn -0.0308 0.9408 -0.3375
vn -0.0490 0.9241 -0.3789
vn -0.0735 0.8917 -0.4467
vn -0.0862 0.8386 -0.5379
vn 0.0088 0.9307 -0.3657
vn 0.2373 0.8703 -0.4317
vn 0.4144 0.8463 -0.3348
vn 0.1099 0.8835 -0.4553
vn -0.0331 0.8148 -0.5788
vn 0.4154 0.8485 -0.3280
vn 0.0082 0.7902 -0.6127
vn 0.0737 0.8325 -0.5492
vn 0.1967 0.8236 -0.5320
vn 0.0856 0.0712 0.9938
vn 0.3888 0.0789 0.9179
vn 0.1207 0.0635 0.9907
vn 0.0879 0.0960 0.9915
vn 0.1739 0.0882 0.9808
vn 0.5791 0.0704 0.8122
vn 0.8407 0.1599 0.5173
vn 0.6927 0.1701 0.7008
vn 0.8002 0.3778 0.4657
vn 0.8421 0.1038 0.5293
vn -0.4606 0.8118 0.3589
vn -0.1940 0.9005 0.3892
vn -0.1823 0.7939 0.5801
vn 0.0913 0.7488 0.6565
vn 0.1237 0.7248 0.6778
vn 0.2439 0.7948 0.5557
vn 0.4753 0.7360 0.4820
vn 0.4770 0.7338 0.4838
vn 0.2519 0.3582 -0.8990
vn 0.2246 0.3275 -0.9177
vn 0.0669 0.2904 -0.9546
vn 0.5278 0.3116 -0.7902
vn 0.7783 0.2035 -0.5940
vn 0.8620 0.3206 -0.3926
vn -0.4866 0.6059 -0.6294
vn -0.5199 0.6271 -0.5800
vn -0.3627 0.6755 -0.6420
vn -0.5407 0.0791 -0.8375
vn 0.2291 -0.1220 -0.9657
vn 0.7901 0.2217 -0.5715
vn 0.5139 0.5978 -0.6153
vn -0.6936 -0.7059 0.1438
vn -0.9821 -0.1820 -0.0484
vn -0.9582 -0.2860 -0.0000
vn -0.5554 -0.8267 -0.0902
vn -0.5704 -0.8202 0.0428
vn -0.2556 -0.9634 -0.0804
vn -0.6250 -0.7807 0.0033
vn -0.0579 -0.9746 0.2165
vn -0.1214 -0.9918 0.0402
vn -0.9788 -0.1910 -0.0738
vn -0.7605 -0.3803 -0.5263
vn -0.9717 -0.0721 -0.2248
vn -0.8864 0.3241 0.3306
vn -0.9291 0.3495 -0.1213
vn -0.9827 -0.0161 -0.1848
vn -0.5241 0.4778 0.7050
vn -0.6565 0.4839 0.5787
vn -0.6260 0.7388 0.2497
vn -0.3797 0.7103 0.5926
vn -0.3468 0.4645 0.8148
vn -0.4434 0.6083 0.6583
vn -0.2776 0.7967 0.5368
vn -0.2804 0.9384 0.2022
vn -0.0592 0.9684 0.2423
vn 0.4123 -0.5630 0.7162
vn 0.3128 -0.8162 0.4858
vn 0.2353 -0.7767 0.5843
vn 0.2243 -0.5189 0.8249
vn 0.0446 -0.9948 0.0920
vn 0.3413 -0.8866 0.3121
vn 0.3776 -0.6032 0.7026
vn 0.3482 -0.4154 0.8404
vn 0.4050 -0.3795 0.8318
vn 0.4597 -0.6978 0.5493
vn 0.4926 -0.0000 0.8702
vn 0.4933 -0.1488 0.8571
vn 0.4941 -0.4931 0.7160
vn 0.3596 -0.6183 0.6989
vn -0.4211 0.1683 -0.8913
vn -0.4554 0.4986 -0.7376
vn -0.5056 -0.0068 -0.8627
vn -0.1931 0.6719 -0.7150
vn -0.2215 0.6780 -0.7009
vn 0.4158 0.1791 0.8917
vn 0.3634 0.5155 0.7761
vn 0.3480 0.3226 0.8802
vn 0.2762 0.4378 0.8556
vn 0.3792 0.5612 0.7357
vn 0.3936 0.4660 0.7924
vn 0.2852 0.6983 0.6566
vn 0.3461 0.7802 0.5210
vn 0.2639 0.5909 0.7624
vn 0.4029 0.3594 0.8418
vn 0.4715 0.2270 0.8522
vn 0.5202 0.2661 0.8116
vn 0.3406 0.5408 0.7691
vn 0.1962 0.9623 0.1882
vn -0.6763 0.5616 -0.4768
vn -0.6001 0.6367 -0.4843
vn -0.2269 0.7304 -0.6443
vn -0.5427 0.7439 -0.3900
vn -0.3249 0.7150 -0.6190
vn -0.5018 0.7849 -0.3636
vn -0.3850 0.6100 -0.6926
vn -0.3792 0.6867 -0.6202
vn 0.6485 0.5821 -0.4906
vn 0.3763 0.7287 -0.5722
vn 0.3384 0.7346 -0.5881
vn 0.5611 0.6916 -0.4549
vn 0.4625 0.7211 -0.5159
vn 0.3498 0.7751 -0.5262
vn 0.6450 0.6556 -0.3925
vn 0.5865 0.7060 -0.3970
vn 0.0805 0.7863 -0.6126
vn 0.0468 0.7855 -0.6171
vn 0.0082 0.7847 -0.6198
vn 0.2255 0.7880 -0.5728
vn 0.1549 0.7813 -0.6046
vn 0.0931 0.7913 -0.6043
vn 0.0379 0.7959 -0.6042
vn 0.0024 0.7947 -0.6070
vn -0.0086 0.7786 -0.6274
vn -0.0111 0.7748 -0.6321
vn -0.0122 0.7871 -0.6167
vn -0.0154 0.7820 -0.6231
vn -0.6302 0.3388 -0.6987
vn -0.4679 0.1511 -0.8708
vn -0.4360 0.3234 -0.8398
vn -0.7106 -0.2254 -0.6666
vn -0.5149 -0.1490 -0.8442
vn 0.0713 0.5513 -0.8313
vn -0.2222 0.4875 -0.8444
vn -0.0282 0.3617 -0.9319
vn -0.3841 0.7874 -0.4822
vn -0.6682 0.6123 -0.4227
vn -0.1404 0.7058 -0.6943
vn -0.4764 0.4582 -0.7504
vn -0.4567 0.1673 -0.8738
vn -0.6675 0.2085 -0.7148
vn -0.3448 0.7358 -0.5829
vn -0.2702 0.6890 -0.6725
vn -0.1890 0.7256 -0.6616
vn -0.2772 0.7895 -0.5476
vn -0.1761 0.8414 -0.5109
vn -0.3322 0.8138 -0.4769
vn -0.1448 0.8942 -0.4237
vn 0.0202 0.9200 -0.3913
vn 0.0629 0.9715 -0.2284
vn -0.0029 0.9863 -0.1648
vn 0.1332 0.9879 -0.0788
vn 0.0656 0.9953 -0.0717
vn 0.1574 0.9818 -0.1063
vn 0.2261 0.9580 -0.1765
vn 0.2064 0.9783 -0.0180
vn 0.2164 0.9759 0.0269
vn 0.1320 0.9866 0.0958
vn 0.0699 0.9943 -0.0801
vn 0.1004 0.9836 0.1497
vn 0.0440 0.9990 -0.0084
vn 0.0393 0.9778 0.2056
vn 0.0028 0.9999 0.0159
vn -0.0964 0.9949 0.0300
vn -0.0148 0.9437 0.3305
vn -0.0664 0.9632 0.2605
vn 0.1819 0.8293 0.5283
vn -0.2944 0.3434 -0.8918
vn -0.2966 0.2481 -0.9222
vn -0.3206 0.1580 -0.9339
vn -0.3103 0.1427 -0.9399
vn -0.1982 0.2627 -0.9443
vn -0.3191 0.2835 -0.9043
vn -0.1216 0.4523 -0.8835
vn -0.0682 0.0482 -0.9965
vn -0.2612 0.1109 -0.9589
vn -0.0688 0.0746 -0.9948
vn -0.1043 0.3292 -0.9385
vn -0.2335 0.3905 -0.8905
vn -0.2788 0.5161 -0.8099
vn -0.3609 0.5438 -0.7577
vn -0.3676 0.5016 -0.7831
vn -0.3050 0.5323 -0.7897
vn -0.2255 0.4257 -0.8763
vn -0.5374 0.5666 -0.6247
vn -0.3615 0.4605 -0.8107
vn -0.0000 0.1878 -0.9822
vn -0.4187 0.5333 -0.7350
vn -0.1942 0.4487 -0.8723
vn -0.1358 0.5034 -0.8533
vn -0.1658 0.4380 -0.8836
vn -0.0479 0.6231 -0.7807
vn 0.1506 0.6266 -0.7646
vn 0.1185 0.7026 -0.7017
vn -0.2359 0.8055 -0.5436
vn -0.3673 0.7022 -0.6099
vn -0.4724 0.6420 -0.6039
vn -0.3973 0.6505 -0.6473
vn 0.0174 0.6602 -0.7509
vn 0.0104 -0.1540 -0.9880
vn 0.1229 0.6990 -0.7044
vn -0.4263 0.6346 -0.6446
vn -0.1226 0.6240 -0.7718
vn 0.1050 0.6700 -0.7349
vn -0.5047 0.5348 -0.6777
vn -0.4538 0.6736 -0.5833
vn -0.2860 0.6649 -0.6900
vn -0.2711 0.6459 -0.7136
vn -0.1787 0.8468 -0.5010
vn -0.1370 0.6687 -0.7308
vn -0.0477 0.7759 -0.6291
vn -0.0433 0.6870 -0.7253
vn -0.0028 0.8303 -0.5573
vn -0.0061 0.8717 -0.4899
vn 0.0793 0.8799 -0.4686
vn -0.1627 0.8589 -0.4856
vn 0.0704 0.8988 -0.4328
vn 0.1179 0.9405 -0.3185
vn 0.1037 0.9641 -0.2446
vn 0.1199 0.9118 -0.3928
vn 0.2039 0.9389 -0.2774
vn 0.6781 0.7084 -0.1959
vn 0.3835 0.8964 0.2221
vn 0.7384 0.6689 0.0856
vn -0.3843 0.7266 -0.5696
vn -0.4423 0.6840 -0.5800
vn -0.4128 0.6391 -0.6489
vn -0.3647 0.6776 -0.6386
vn -0.3312 0.7474 -0.5760
vn -0.3760 0.6122 -0.6956
vn -0.3639 0.6587 -0.6585
vn -0.2939 0.5974 -0.7462
vn -0.1878 0.7381 -0.6480
vn -0.2361 0.5978 -0.7661
vn -0.3287 0.4507 -0.8300
vn -0.4300 0.3311 -0.8399
vn -0.2555 0.4032 -0.8787
vn 0.8915 0.0481 -0.4505
vn 0.7160 0.5771 -0.3930
vn 0.9399 0.1720 0.2950
vn 0.8705 0.3662 -0.3288
vn 0.8111 0.5622 -0.1612
vn 0.9590 0.2411 -0.1491
vn 0.9291 -0.1867 0.3194
vn 0.5782 -0.6816 -0.4484
vn 0.9292 -0.3617 -0.0757
vn 0.4240 -0.9053 -0.0264
vn 0.7724 -0.3115 -0.5536
vn 0.9519 0.2637 -0.1564
vn 0.8786 -0.4043 0.2541
vn 0.6696 -0.5679 0.4786
vn 0.7446 -0.5340 0.4006
vn 0.3028 -0.6385 0.7076
vn 0.3031 -0.4387 0.8459
vn 0.6334 -0.4373 0.6384
vn 0.7193 0.3545 0.5975
vn -0.4125 0.2758 -0.8682
vn -0.5212 0.3759 -0.7662
vn -0.5796 0.5818 -0.5707
vn -0.3710 0.2224 -0.9016
vn -0.1225 0.3343 -0.9345
vn -0.2481 0.3734 -0.8939
vn -0.2781 0.2474 -0.9281
vn -0.3362 0.2806 -0.8990
vn -0.3631 0.3701 -0.8551
vn -0.4185 0.3093 -0.8539
vn -0.4231 0.4194 -0.8032
vn -0.4717 0.3911 -0.7903
vn -0.4403 0.3548 -0.8248
vn -0.4297 0.5094 -0.7456
vn -0.5708 0.5114 -0.6424
vn -0.4009 0.3466 -0.8481
vn -0.3687 0.3428 -0.8640
vn -0.4047 0.4894 -0.7724
vn 0.1233 0.8635 -0.4890
vn -0.2606 0.6873 -0.6780
vn -0.0994 0.8899 -0.4451
vn 0.0310 0.8912 -0.4525
vn 0.2309 0.7943 -0.5619
vn 0.2511 0.8532 -0.4572
vn 0.1490 0.2461 -0.9577
vn -0.0482 0.4787 -0.8767
vn 0.4609 0.1440 -0.8757
vn -0.5780 0.5284 -0.6219
vn -0.2572 0.6039 -0.7544
vn -0.2982 0.3580 -0.8848
vn 0.3047 0.6727 -0.6743
vn 0.3588 0.0009 -0.9334
vn 0.2720 0.4665 -0.8416
vn -0.1709 0.7603 -0.6266
vn -0.2543 0.6551 -0.7115
vn -0.1057 0.8153 -0.5693
vn -0.1161 0.8678 -0.4832
vn -0.3259 0.7038 -0.6312
vn -0.2403 0.6743 -0.6983
vn -0.0456 0.9107 -0.4106
vn -0.0192 0.9108 -0.4123
vn 0.0140 0.8769 -0.4805
vn -0.0275 0.7936 -0.6079
vn -0.0829 0.7890 -0.6088
vn 0.0186 0.8202 -0.5717
vn 0.0299 0.8254 -0.5637
vn 0.0612 0.7926 -0.6067
vn -0.0126 0.7704 -0.6374
vn -0.1446 0.7696 -0.6220
vn -0.0997 0.7885 -0.6069
vn -0.2125 0.8277 -0.5193
vn -0.0876 0.8713 -0.4829
vn -0.0486 0.8855 -0.4621
vn -0.0833 0.8213 -0.5643
vn 0.0900 0.8820 -0.4626
vn 0.0721 0.7089 -0.7017
vn -0.0252 0.7781 -0.6276
vn -0.0330 0.7432 -0.6682
vn -0.0393 0.7496 -0.6607
vn -0.0720 0.7454 -0.6627
vn -0.1696 0.7802 -0.6021
vn -0.0208 0.7120 -0.7018
vn 0.7275 0.0313 -0.6854
vn 0.5082 0.4353 -0.7432
vn 0.4243 0.0154 -0.9054
vn 0.4844 0.6351 -0.6017
vn 0.3561 0.7659 -0.5354
vn 0.4990 0.6454 -0.5783
vn 0.3167 0.7549 -0.5743
vn 0.2863 0.7871 -0.5464
vn 0.5318 0.7288 -0.4313
vn 0.5035 0.6302 -0.5911
vn 0.6669 0.5832 -0.4638
vn 0.7205 0.4204 -0.5515
vn 0.3662 0.6875 -0.6270
vn 0.2538 0.7440 -0.6180
vn 0.1659 0.8046 -0.5701
vn 0.1597 0.8141 -0.5583
vn 0.0718 0.8179 -0.5709
vn 0.0722 0.8232 -0.5632
vn 0.0086 0.8229 -0.5681
vn 0.0060 0.8211 -0.5708
vn -0.0298 0.8193 -0.5726
vn -0.0331 0.8177 -0.5748
vn -0.0494 0.8149 -0.5775
vn -0.0455 0.8118 -0.5821
vn -0.0505 0.8105 -0.5836
vn -0.0437 0.8080 -0.5876
vn 0.1165 0.9920 -0.0479
vn 0.1671 0.9790 0.1170
vn 0.1896 0.9656 0.1778
vn 0.1091 0.9925 0.0552
vn 0.0307 0.9684 -0.2475
vn -0.0707 0.9967 0.0406
vn -0.3215 0.8419 -0.4335
vn -0.0107 0.9680 -0.2508
vn -0.1186 0.9637 -0.2391
vn -0.1345 0.7059 -0.6954
vn -0.2525 0.8166 -0.5191
vn 0.0365 0.9993 -0.0065
vn -0.1826 0.9388 -0.2921
vn 0.0120 0.9997 0.0209
vn 0.0049 0.9726 -0.2326
vn -0.0735 0.9926 0.0963
vn 0.0043 0.9835 -0.1810
vn 0.1180 0.9660 -0.2301
vn 0.0937 0.9890 0.1145
vn 0.0820 0.9930 0.0848
vn 0.0090 0.9816 -0.1909
vn -0.0134 0.9995 0.0281
vn 0.0092 0.9850 -0.1724
vn 0.1251 0.9708 -0.2049
vn 0.0383 0.9990 0.0248
vn 0.1523 0.9684 -0.1974
vn 0.1452 0.9861 0.0812
vn 0.3870 0.8457 -0.3676
vn 0.3479 0.5371 -0.7684
vn 0.5403 0.7800 -0.3157
vn 0.3055 0.7489 -0.5880
vn 0.2845 0.7096 -0.6447
vn 0.1126 0.7804 -0.6151
vn 0.1173 0.9930 0.0102
vn 0.1145 0.9705 -0.2122
vn 0.1787 0.9837 0.0179
vn 0.2862 0.8474 -0.4472
vn 0.2026 0.7566 -0.6217
vn 0.0572 0.7882 -0.6128
vn 0.0128 0.7841 -0.6206
vn -0.0397 0.7909 -0.6106
vn -0.0359 0.7813 -0.6231
vn -0.0698 0.6470 -0.7593
vn -0.0895 0.5624 -0.8220
vn -0.1096 0.7293 -0.6753
vn -0.0701 0.5106 -0.8570
vn -0.2311 0.7214 -0.6528
vn -0.1642 0.7624 -0.6259
vn -0.1891 0.5937 -0.7821
vn -0.0829 0.5507 -0.8306
vn -0.4507 0.5013 -0.7386
vn -0.0640 0.5557 -0.8289
vn 0.2317 0.5744 -0.7851
vn 0.0019 0.6250 -0.7807
vn -0.0402 0.6118 -0.7900
vn -0.0568 0.6184 -0.7838
vn -0.0300 0.6323 -0.7741
vn -0.0446 0.6440 -0.7637
vn -0.0190 0.6511 -0.7587
vn -0.2557 0.9128 -0.3184
vn -0.1325 0.7880 -0.6012
vn -0.0035 0.6031 -0.7977
vn -0.0241 0.5922 -0.8054
vn -0.0139 0.5973 -0.8019
vn -0.0038 0.6590 -0.7522
vn -0.0352 0.6289 -0.7767
vn -0.0249 0.6769 -0.7357
vn -0.0445 0.6850 -0.7272
vn -0.0718 0.6656 -0.7428
vn -0.0452 0.6649 -0.7456
vn -0.0134 0.7056 -0.7085
vn -0.0062 0.7563 -0.6542
vn -0.0050 0.7931 -0.6090
vn -0.0069 0.8572 -0.5149
vn -0.0525 0.9146 -0.4010
vn -0.0042 0.7217 -0.6922
vn -0.0335 0.6425 -0.7656
vn -0.0457 0.8785 -0.4755
vn -0.0267 0.9007 -0.4336
vn 0.0109 0.9004 -0.4350
vn 0.6851 0.1313 0.7165
vn 0.6543 0.1996 0.7294
vn -0.7989 0.5840 0.1439
vn -0.3558 0.8849 0.3006
vn 0.0329 0.8692 0.4934
vn 0.2380 0.7140 0.6584
vn -0.0431 0.9584 0.2820
vn 0.1846 0.9519 0.2448
vn 0.5619 0.6216 0.5459
vn 0.6530 0.5400 0.5309
vn 0.1840 -0.7896 -0.5854
vn -0.9990 -0.0444 0.0067
vn -0.9873 0.1576 -0.0195
vn -0.0127 0.7087 -0.7054
vn -0.0065 0.7003 -0.7139
vn -0.0076 0.7225 -0.6913
vn -0.0085 0.7265 -0.6872
vn -0.0114 0.7299 -0.6835
vn -0.4802 -0.0983 -0.8717
vn -0.4263 -0.1153 -0.8972
vn -0.5464 -0.1973 -0.8139
vn -0.3444 -0.0785 -0.9355
vn -0.3035 -0.0623 -0.9508
vn -0.4413 -0.1716 -0.8808
vn -0.2592 -0.0031 -0.9658
vn -0.1443 0.2422 -0.9594
vn -0.2655 -0.0285 -0.9637
vn -0.1522 0.1302 -0.9797
vn -0.1263 0.3265 -0.9367
vn -0.0790 0.1934 -0.9779
vn 0.1857 0.1790 -0.9662
vn 0.1238 0.1156 -0.9855
vn 0.1001 0.1310 -0.9863
vn 0.2255 0.1961 -0.9543
vn 0.0965 0.1802 -0.9789
vn 0.1926 0.2516 -0.9485
vn 0.2443 0.3841 -0.8904
vn 0.1404 0.3614 -0.9218
vn 0.1077 0.2833 -0.9530
vn 0.2046 0.4739 -0.8565
vn 0.1248 0.4393 -0.8896
vn 0.3085 0.3290 -0.8925
vn 0.2888 0.4209 -0.8599
vn 0.1899 0.5465 -0.8157
vn 0.1174 0.5469 -0.8289
vn 0.1371 0.6107 -0.7799
vn 0.0923 0.6227 -0.7770
vn 0.3379 0.2434 -0.9092
vn 0.4007 0.3193 -0.8587
vn 0.2984 0.2532 -0.9203
vn 0.0877 0.6591 -0.7469
vn 0.0546 0.6594 -0.7498
vn 0.0600 0.6794 -0.7313
vn 0.0663 0.6848 -0.7257
vn 0.0201 0.6975 -0.7163
vn 0.0155 0.7114 -0.7026
vn -0.0144 0.7313 -0.6819
vn 0.8407 -0.0184 -0.5412
vn 0.3286 0.3340 -0.8835
vn 0.4492 0.4806 -0.7532
vn 0.4303 0.4994 -0.7519
vn 0.1808 0.6036 -0.7765
vn 0.6989 0.3995 -0.5933
vn 0.6642 0.6195 -0.4184
vn 0.7170 0.5941 -0.3647
vn 0.7472 0.5171 -0.4175
vn -0.8501 -0.4719 -0.2337
vn -0.2692 0.6679 -0.6939
vn -0.2613 0.7333 -0.6276
vn -0.1442 0.9068 -0.3962
vn 0.1024 0.6335 -0.7669
vn 0.3589 0.6792 -0.6402
vn 0.2864 0.5948 -0.7511
vn -0.6717 0.7311 -0.1201
vn -0.3597 0.5145 -0.7784
vn 0.3734 -0.0222 0.9274
vn -0.3078 0.4628 -0.8313
vn -0.3518 0.5990 -0.7194
vn -0.3973 0.4456 -0.8023
vn -0.4100 0.6157 -0.6729
vn -0.4173 0.3604 -0.8343
vn -0.4367 0.5583 -0.7053
vn -0.3323 0.5525 -0.7644
vn -0.3304 0.4427 -0.8336
vn -0.4538 0.1305 -0.8815
vn -0.5046 0.1287 -0.8537
vn -0.3843 0.1899 -0.9035
vn -0.3817 0.3332 -0.8622
vn -0.5958 0.2535 -0.7621
vn -0.4887 0.5956 -0.6375
vn -0.0370 0.1212 -0.9919
vn -0.6837 0.0578 -0.7275
vn -0.0926 -0.7785 -0.6208
vn -0.4735 -0.3163 -0.8220
vn -0.1407 -0.6913 -0.7088
vn -0.5827 -0.0000 -0.8127
vn -0.4054 -0.6616 -0.6309
vn -0.5773 0.1892 -0.7943
vn -0.4250 0.5644 -0.7077
vn -0.4522 0.6618 -0.5979
vn -0.3608 0.6815 -0.6366
vn -0.4875 0.6887 -0.5367
vn -0.4529 0.6644 -0.5945
vn -0.3726 0.7562 -0.5379
vn -0.3181 0.7206 -0.6161
vn -0.3621 0.7774 -0.5144
vn -0.3012 0.7832 -0.5439
vn -0.2860 0.8570 -0.4287
vn -0.2900 0.8312 -0.4744
vn -0.3499 0.6242 -0.6986
vn -0.3335 0.7640 -0.5524
vn -0.4685 0.4045 -0.7854
vn -0.3391 0.5442 -0.7674
vn -0.2421 0.8216 -0.5162
vn -0.2206 0.4980 -0.8387
vn -0.1440 0.8414 -0.5208
vn -0.2618 0.5958 -0.7592
vn -0.4887 0.3798 -0.7854
vn -0.3224 0.4253 -0.8457
vn -0.2896 0.4315 -0.8544
vn -0.3367 0.4927 -0.8024
vn -0.2461 0.5360 -0.8076
vn -0.2532 0.3776 -0.8907
vn -0.2227 0.2934 -0.9297
vn -0.2499 0.2084 -0.9456
vn -0.2507 0.2865 -0.9247
vn -0.4907 0.3461 -0.7996
vn -0.0858 -0.0612 -0.9944
vn -0.7457 0.1278 -0.6539
vn -0.3828 0.6577 -0.6488
vn -0.4348 0.0828 -0.8967
vn 0.5051 0.7388 -0.4462
vn 0.3673 0.7821 -0.5034
vn 0.2539 0.8042 -0.5373
vn 0.5256 0.7631 -0.3760
vn 0.4457 0.7595 -0.4739
vn 0.6057 0.7088 -0.3614
vn 0.6165 0.6781 -0.4003
vn 0.1493 0.8129 -0.5629
vn 0.0932 0.8150 -0.5720
vn 0.1712 0.8169 -0.5508
vn 0.0851 0.8238 -0.5604
vn 0.0332 0.8113 -0.5837
vn -0.0049 0.8056 -0.5924
vn 0.0192 0.8203 -0.5716
vn -0.0167 0.8121 -0.5832
vn -0.0195 0.7975 -0.6030
vn -0.0219 0.7920 -0.6101
vn -0.0286 0.8049 -0.5927
vn -0.0282 0.7990 -0.6007
vn 0.1371 0.5751 -0.8065
vn 0.1918 0.7539 -0.6283
vn 0.5871 -0.0749 -0.8060
vn 0.3672 -0.2181 -0.9042
vn 0.2907 -0.1249 -0.9486
vn 0.2575 -0.2720 -0.9272
vn -0.0217 0.8062 -0.5913
vn 0.0541 0.8440 -0.5335
vn 0.0686 0.8520 -0.5189
vn 0.0349 -0.3341 -0.9419
vn 0.3099 -0.2062 -0.9281
vn 0.1200 -0.2220 -0.9676
vn 0.1747 -0.0957 -0.9800
vn 0.2038 -0.5323 -0.8217
vn 0.1366 0.8436 -0.5194
vn 0.0394 0.9494 -0.3115
vn 0.0591 0.7589 -0.6485
vn 0.0047 0.9821 -0.1883
vn 0.1743 -0.1291 -0.9762
vn 0.0900 0.9416 -0.3244
vn 0.0828 0.9650 -0.2490
vn 0.0309 0.9583 -0.2841
vn 0.0328 0.9376 -0.3461
vn -0.0813 -0.0626 -0.9947
vn -0.1379 -0.5177 0.8444
vn -0.8276 -0.4822 -0.2874
vn -0.9209 -0.3859 -0.0553
vn -0.9288 -0.0905 -0.3593
vn -0.0715 -0.3785 0.9228
vn 0.4166 -0.7995 0.4328
vn 0.2331 -0.8428 -0.4851
vn -0.3173 -0.8861 -0.3378
vn 0.1800 -0.6207 -0.7631
vn -0.5367 0.2256 0.8131
vn -0.4551 0.3500 0.8188
vn -0.4723 0.4950 0.7293
vn -0.7324 0.4775 0.4854
vn -0.1774 -0.9120 -0.3698
vn -0.4007 -0.9006 -0.1686
vn -0.4692 -0.7853 -0.4039
vn -0.1720 0.4579 0.8722
vn -0.8654 0.3974 -0.3051
vn -0.8219 0.5694 -0.0147
vn -0.7165 0.5844 -0.3808
vn 0.3140 -0.8568 -0.4090
vn 0.5858 -0.7082 -0.3940
vn 0.5345 -0.8329 -0.1434
vn -0.0689 0.3227 0.9440
vn -0.7224 0.3572 -0.5921
vn -0.7330 0.5018 -0.4592
vn -0.5292 0.5224 -0.6687
vn -0.5554 -0.5488 0.6248
vn 0.6671 0.4956 -0.5563
vn 0.8456 0.4159 -0.3347
vn 0.8222 0.2663 -0.5031
vn 0.2704 -0.6034 0.7502
vn -0.2382 0.9061 -0.3497
vn 0.2166 0.9691 -0.1180
vn 0.3033 0.8255 -0.4759
vn -0.4275 0.9035 -0.0298
vn 0.4723 0.8392 -0.2696
vn 0.5999 0.7247 0.3389
vn 0.6771 0.5627 -0.4742
vn -0.6003 0.4267 0.6764
vn -0.1980 -0.0149 0.9801
vn 0.2689 0.5005 0.8229
vn 0.0132 0.1634 0.9865
vn 0.1061 -0.2914 0.9507
vn 0.0848 0.2678 0.9597
vn -0.4305 0.9015 -0.0453
vn 0.4630 -0.4441 -0.7671
vn 0.4165 0.1523 -0.8963
vn -0.6533 0.1053 0.7497
vn -0.7624 0.2040 0.6141
vn -0.1397 -0.8954 0.4227
vn -0.6103 -0.4791 0.6309
vn -0.1286 -0.8798 -0.4576
vn -0.4182 -0.8866 -0.1973
vn -0.2519 -0.8660 -0.4320
vn 0.2606 -0.9631 0.0674
vn -0.0363 -0.9974 0.0621
vn 0.3075 -0.9499 -0.0562
vn 0.2799 -0.7657 -0.5791
vn -0.3201 -0.5028 0.8029
vn -0.3350 -0.3717 0.8658
vn 0.4033 -0.2500 0.8802
vn 0.7192 -0.2021 0.6647
vn 0.2088 -0.5363 0.8178
vn -0.5070 -0.1515 0.8485
vn -0.5706 -0.0700 0.8183
vn -0.6711 -0.2345 0.7033
vn 0.1205 -0.2835 0.9514
vn -0.0218 0.0675 0.9975
vn 0.0142 -0.0583 0.9982
vn -0.1718 -0.4078 0.8968
vn -0.0327 -0.3502 0.9361
vn -0.1751 0.6547 0.7353
vn -0.0465 0.6872 0.7250
vn 0.6647 -0.2023 0.7192
vn 0.3170 -0.3662 0.8749
vn -0.6797 -0.7334 -0.0081
vn -0.8861 0.0380 -0.4619
vn 0.0997 -0.9534 -0.2846
vn 0.0644 -0.9948 -0.0787
vn 0.3573 -0.8810 -0.3102
vn 0.2106 -0.4238 -0.8809
vn 0.6448 -0.7622 -0.0571
vn -0.0524 -0.8633 -0.5020
vn -0.2283 -0.9475 -0.2241
vn -0.3741 -0.6736 -0.6375
vn -0.6806 0.0537 -0.7306
vn -0.6694 0.2899 -0.6840
vn 0.9698 0.0665 0.2347
vn -0.7026 0.3791 -0.6022
vn -0.4322 0.6966 -0.5727
vn -0.3333 0.8595 -0.3875
vn -0.0637 0.8036 -0.5917
vn -0.9216 -0.3577 0.1510
vn -0.1188 -0.6065 0.7862
vn -0.1084 -0.7034 0.7025
vn 0.5036 -0.2220 0.8349
vn 0.2046 0.0339 0.9783
vn -0.0603 -0.0682 0.9958
vn 0.3923 -0.7018 0.5946
vn 0.2815 -0.6741 0.6829
vn 0.1241 -0.7677 0.6286
vn -0.1293 -0.7208 0.6809
vn -0.2245 -0.9211 0.3179
vn 0.5117 -0.3131 0.8001
vn 0.2022 -0.1596 0.9663
vn 0.2844 -0.3037 0.9093
vn -0.3670 -0.6407 0.6744
vn -0.4427 -0.7286 0.5227
vn -0.9133 -0.3625 0.1854
vn -0.8297 -0.5092 0.2288
vn -0.8432 -0.4921 0.2165
vn -0.9026 -0.3916 0.1789
vn -0.5160 0.1743 0.8387
vn -0.3972 0.3671 0.8411
vn -0.5585 0.1903 0.8074
vn -0.1432 -0.2612 0.9546
vn -0.3598 0.4006 0.8426
vn 0.1600 0.9249 0.3450
vn 0.2611 0.8026 0.5364
vn 0.6236 0.7649 0.1613
vn 0.7132 0.1630 -0.6818
vn 0.8193 0.3780 -0.4311
vn -0.5275 0.6977 -0.4847
vn 0.6154 0.7374 -0.2784
vn 0.3232 0.9351 -0.1452
vn 0.7263 0.6140 -0.3090
vn 0.8598 0.4875 -0.1519
vn -0.9185 0.1788 -0.3526
vn -0.9553 -0.2581 0.1445
vn -0.8558 -0.4183 0.3044
vn -0.9858 -0.0770 -0.1494
vn -0.4050 0.7556 0.5148
vn -0.7067 0.5965 0.3805
vn -0.4143 0.9031 0.1128
vn -0.6110 0.7582 0.2275
vn -0.6354 0.7685 0.0755
vn -0.3776 0.8735 -0.3072
vn -0.6222 0.7827 0.0126
vn -0.1855 0.9304 -0.3162
vn -0.0793 0.9965 0.0281
vn 0.3810 0.3458 0.8575
vn 0.3473 0.5385 0.7677
vn 0.4701 0.4546 0.7565
vn 0.3745 0.9266 0.0333
vn 0.5567 0.8287 0.0574
vn 0.5648 0.8252 0.0079
vn -0.0472 0.9654 0.2564
vn 0.0465 0.9203 0.3885
vn -0.1035 0.9002 0.4230
vn 0.5173 0.6909 0.5050
vn 0.2056 0.6688 0.7144
vn 0.3431 0.6343 0.6928
vn -0.1245 0.7220 -0.6806
vn 0.4570 0.7483 -0.4808
vn 0.7084 0.7004 -0.0872
vn -0.5646 0.6748 -0.4753
vn -0.4389 0.7620 -0.4762
vn -0.1999 0.4090 -0.8904
vn -0.3323 0.3515 -0.8752
vn -0.1334 0.4406 -0.8878
vn -0.1585 0.1676 -0.9730
vn -0.6661 0.0016 -0.7459
vn -0.7238 0.2515 -0.6426
vn 0.1681 0.2291 -0.9588
vn 0.3559 0.6169 -0.7020
vn 0.2492 -0.0000 -0.9684
vn 0.7840 0.0408 -0.6194
vn 0.8112 0.3029 -0.5003
vn 0.8783 -0.1181 -0.4632
vn 0.2658 0.8513 -0.4524
vn 0.2182 0.8491 -0.4810
vn 0.7866 0.3649 0.4981
vn 0.9579 0.1904 0.2147
vn 0.8683 0.4884 -0.0867
vn 0.6982 0.7117 -0.0775
vn 0.7653 0.6388 0.0794
vn 0.8501 0.5207 -0.0789
vn 0.8243 0.5603 0.0815
vn 0.5974 0.7972 -0.0870
vn 0.3158 0.8932 -0.3202
vn -0.0068 0.4954 -0.8686
vn -0.0118 0.2253 -0.9742
vn -0.1958 0.7381 -0.6457
vn 0.7187 0.6938 -0.0459
vn 0.7381 0.6725 -0.0532
vn 0.1807 -0.1429 -0.9731
vn 0.4896 -0.8566 0.1630
vn 0.1221 -0.8748 0.4688
vn 0.0463 -0.9619 0.2695
vn -0.1026 -0.7499 0.6536
vn 0.7529 0.2984 -0.5866
vn 0.8000 0.5516 -0.2362
vn 0.8839 0.4430 -0.1501
vn 0.8333 -0.1490 -0.5323
vn 0.2982 0.3399 0.8919
vn 0.4641 0.4369 0.7706
vn 0.2783 0.3045 0.9110
vn 0.4282 0.5805 0.6926
vn 0.7052 0.3928 0.5903
vn 0.5809 0.6565 0.4813
vn 0.6249 -0.0707 0.7775
vn 0.9905 0.0501 -0.1283
vn 0.9638 0.2541 0.0803
vn 1.0000 -0.0004 -0.0000
vn 0.9646 -0.2386 0.1127
vn -0.5535 -0.5535 0.6223
vn -0.8088 0.1902 0.5565
vn -0.9632 -0.0135 0.2686
vn -0.5587 0.3629 -0.7458
vn -0.1756 0.5605 -0.8093
vn -0.6592 0.3858 -0.6455
vn -0.8014 0.3605 -0.4772
vn -0.7745 0.0066 -0.6325
vn -0.6612 0.5379 -0.5230
vn -0.5725 0.5546 -0.6039
vn -0.5971 0.5996 -0.5328
vn -0.5872 0.6284 -0.5102
vn -0.5655 0.5792 -0.5872
vn -0.4084 0.6824 -0.6063
vn -0.4664 0.6075 -0.6430
vn 0.4914 -0.0158 0.8708
vn 0.2159 0.1571 0.9637
vn -0.1627 0.2770 0.9470
vn -0.3299 0.7371 -0.5898
vn -0.2947 0.6788 -0.6726
vn -0.4006 0.6783 -0.6159
vn -0.2863 0.7871 -0.5464
vn -0.2243 0.7114 -0.6660
vn -0.2570 0.7515 -0.6076
vn -0.2546 0.7143 -0.6519
vn 0.5604 0.3835 0.7341
vn 0.4407 0.6244 0.6449
vn -0.7270 -0.1600 0.6677
vn 0.1891 -0.1985 0.9617
vn -0.3323 0.7704 -0.5441
vn -0.3182 0.7193 -0.6175
vn -0.3428 0.6984 -0.6283
vn -0.3566 0.6948 -0.6246
vn -0.4209 0.5999 -0.6804
vn -0.2174 0.5921 -0.7760
vn -0.4294 0.4326 -0.7928
vn -0.4669 0.6192 -0.6314
vn -0.4304 0.5661 -0.7031
vn -0.4420 0.6622 -0.6051
vn -0.4641 0.5887 -0.6618
vn -0.5245 0.5117 -0.6804
vn -0.5241 0.5937 -0.6106
vn -0.4521 0.6965 -0.5572
vn -0.3937 0.0794 -0.9158
vn -0.2407 0.3105 -0.9196
vn -0.3180 0.1696 -0.9328
vn 0.6887 0.2936 -0.6629
vn 0.6166 0.3673 -0.6964
vn 0.5481 0.3258 -0.7703
vn 0.6223 0.3333 -0.7083
vn 0.5217 0.3516 -0.7773
vn 0.7076 0.3077 -0.6362
vn 0.6981 0.4238 -0.5771
vn 0.7960 0.3348 -0.5042
vn 0.3224 0.4205 -0.8481
vn 0.2929 0.4354 -0.8513
vn 0.2335 0.3671 -0.9004
vn 0.4801 0.3722 -0.7943
vn 0.5366 0.3651 -0.7608
vn 0.5513 0.6118 -0.5673
vn 0.6427 0.5283 -0.5549
vn 0.7771 0.3291 -0.5365
vn 0.4261 0.2597 0.8666
vn -0.1832 0.8604 -0.4755
vn -0.1664 0.8167 -0.5525
vn -0.2518 0.7918 -0.5564
vn -0.2736 0.7826 -0.5592
vn 0.8192 0.3686 -0.4393
vn 0.7837 0.4839 -0.3895
vn 0.8465 0.3084 -0.4340
vn 0.8246 0.3783 -0.4207
vn 0.6347 0.5758 -0.5153
vn 0.8533 0.3650 -0.3723
vn 0.7747 0.4609 -0.4328
vn 0.5792 0.7123 -0.3965
vn -0.9910 0.1288 0.0363
vn -0.8979 0.4161 0.1435
vn -0.9138 0.4045 0.0374
vn 0.4906 0.5307 0.6912
vn 0.2396 0.8366 0.4927
vn 0.2196 0.7979 0.5614
vn 0.1834 0.8598 0.4765
vn 0.0032 0.8586 0.5126
vn 0.0956 0.8226 0.5605
vn 0.6714 0.2578 0.6948
vn 0.7161 0.1888 0.6720
vn 0.6385 0.1880 -0.7463
vn 0.8357 -0.1379 -0.5316
vn 0.9700 -0.0561 -0.2367
vn 0.8315 -0.1307 -0.5400
vn 0.8936 0.3988 -0.2059
vn 0.9097 0.4119 0.0530
vn 0.9916 0.1284 0.0134
vn 0.3885 0.3455 -0.8542
vn 0.6605 0.1230 -0.7407
vn -0.1496 0.6958 -0.7025
vn -0.1772 0.7477 -0.6400
vn -0.2425 0.9050 -0.3495
vn -0.1387 0.6707 -0.7287
vn -0.2120 0.5723 -0.7922
vn 0.1950 0.4619 -0.8652
vn 0.3679 0.3806 -0.8484
vn 0.5578 0.6609 -0.5021
vn 0.2127 0.5167 -0.8294
vn 0.3308 0.3450 -0.8784
vn -0.4083 0.5760 -0.7082
vn -0.3575 0.6255 -0.6935
vn -0.3135 0.6928 -0.6495
vn -0.3720 0.6366 -0.6755
vn -0.5655 0.3903 -0.7266
vn -0.5166 0.1181 -0.8481
vn -0.5112 0.0913 -0.8546
vn -0.5250 0.1143 -0.8434
vn -0.4786 0.2252 -0.8487
vn -0.5353 0.2265 -0.8137
vn -0.4490 0.2018 -0.8705
vn -0.3987 0.4246 -0.8129
vn -0.4302 0.5573 -0.7102
vn -0.3947 0.5717 -0.7193
vn -0.3607 0.6182 -0.6984
vn -0.2960 0.5829 -0.7567
vn -0.3294 0.6263 -0.7066
vn -0.2977 0.6171 -0.7284
vn -0.3716 0.6618 -0.6511
vn -0.7447 0.3238 -0.5836
vn -0.0271 0.5982 -0.8009
vn -0.2894 0.6131 -0.7351
vn -0.3541 0.5624 -0.7472
vn -0.1299 0.8298 -0.5428
vn -0.2315 0.5168 -0.8242
vn -0.4110 0.4977 -0.7638
vn -0.4337 0.4116 -0.8015
vn -0.4542 0.3222 -0.8306
vn -0.4003 0.3713 -0.8378
vn -0.3934 0.4758 -0.7867
vn -0.3622 0.5201 -0.7735
vn -0.4518 0.3578 -0.8172
vn 0.7777 0.5254 -0.3450
vn 0.7702 0.6127 -0.1772
vn 0.8306 0.4859 -0.2720
vn 0.7780 0.6256 -0.0575
vn 0.9470 0.3168 -0.0538
vn 0.8101 0.5456 0.2144
vn 0.8883 0.4340 -0.1503
vn 0.8893 0.4571 -0.0166
vn 0.7569 0.5158 0.4014
vn 0.3302 0.8147 0.4766
vn 0.4781 0.6935 0.5390
vn 0.3141 0.8149 0.4871
vn 0.1725 0.8055 0.5669
vn 0.7773 0.4759 0.4115
vn -0.5716 0.0948 -0.8150
vn -0.7439 -0.0214 -0.6680
vn -0.6037 0.0850 -0.7927
vn -0.5598 -0.0059 -0.8286
vn -0.5676 -0.0275 -0.8228
vn -0.5968 0.1833 -0.7812
vn -0.4714 0.3003 -0.8292
vn -0.5799 0.6824 -0.4452
vn -0.5752 -0.0007 -0.8180
vn -0.5630 0.0625 -0.8241
vn -0.4900 0.0286 -0.8712
vn -0.3690 0.4640 -0.8053
vn -0.4070 0.5668 -0.7163
vn -0.4015 0.4572 -0.7936
vn -0.4004 0.6379 -0.6578
vn -0.3993 0.5238 -0.7525
vn -0.3964 0.3365 -0.8542
vn -0.3665 0.4132 -0.8336
vn -0.3474 0.2394 -0.9066
vn -0.4088 0.3542 -0.8411
vn -0.2789 0.3927 -0.8764
vn -0.4264 0.3310 -0.8418
vn -0.1436 0.4485 -0.8822
vn -0.3402 0.5960 -0.7273
vn -0.2273 0.4258 -0.8758
vn -0.5366 0.3305 -0.7764
vn -0.2584 0.4272 -0.8664
vn -0.5379 0.3067 -0.7852
vn -0.2401 0.3663 -0.8990
vn -0.3485 0.5251 -0.7764
vn -0.4135 0.5563 -0.7208
vn -0.3658 0.5715 -0.7346
vn -0.2412 0.7250 -0.6452
vn -0.2449 0.6815 -0.6896
vn -0.2498 0.7301 -0.6361
vn -0.2160 0.6959 -0.6849
vn -0.1403 0.7394 -0.6584
vn -0.0835 0.7016 -0.7076
vn -0.3160 0.8514 -0.4186
vn -0.1762 0.7478 -0.6401
vn -0.4007 0.8153 -0.4180
vn -0.3763 0.8444 -0.3813
vn -0.0767 0.9831 -0.1661
vn 0.5856 0.6025 -0.5422
vn 0.5846 0.5724 -0.5750
vn -0.4719 0.5595 -0.6814
vn -0.3284 0.6416 -0.6932
vn -0.2234 0.8450 -0.4859
vn -0.3604 0.7519 -0.5520
vn 0.5430 -0.5821 0.6052
vn 0.7959 0.1954 0.5730
vn 0.4531 -0.1804 0.8730
vn 0.4138 0.8996 -0.1395
vn 0.9272 0.3666 -0.0764
vn 0.8617 0.4581 0.2182
vn -0.4827 0.4389 -0.7578
vn -0.4483 0.5147 -0.7308
vn -0.4605 0.3912 -0.7968
vn -0.3327 0.0819 -0.9395
vn -0.3686 -0.3336 -0.8677
vn -0.5980 -0.0226 -0.8012
vn 0.8709 0.4913 -0.0126
vn 0.8727 0.4613 -0.1599
vn 0.9033 0.3489 -0.2496
vn 0.8353 0.3964 -0.3809
vn 0.9548 0.1728 -0.2418
vn 0.9673 0.2139 -0.1362
vn -0.0050 0.9432 -0.3321
vn -0.2388 0.8243 -0.5134
vn 0.2753 0.8150 -0.5099
vn -0.7015 0.5102 -0.4977
vn -0.6712 0.4812 -0.5638
vn -0.7581 0.5751 -0.3075
vn -0.5589 0.2661 -0.7854
vn 0.1901 -0.4189 -0.8879
vn -0.0646 -0.8911 -0.4492
vn -0.4062 -0.2508 -0.8787
vn -0.6168 -0.0157 -0.7869
vn -0.5388 0.0112 -0.8424
vn -0.3384 0.3178 -0.8857
vn -0.2209 0.2745 -0.9359
vn -0.4367 0.2712 -0.8577
vn -0.4571 0.1869 -0.8695
vn -0.3798 0.2053 -0.9020
vn -0.4857 0.2011 -0.8507
vn -0.3358 0.2269 -0.9142
vn -0.2622 0.7573 -0.5982
vn -0.3952 0.8380 -0.3762
vn 0.0929 0.9701 -0.2242
vn 0.6516 0.7326 -0.1967
vn 0.7805 0.6248 -0.0197
vn 0.2795 0.4647 -0.8402
vn 0.1460 0.8415 -0.5201
vn 0.2906 0.4792 -0.8282
vn 0.3914 0.7344 -0.5545
vn 0.3141 0.4179 -0.8525
vn 0.2626 0.6260 -0.7342
vn 0.1974 0.6675 -0.7180
vn 0.1048 0.7887 -0.6058
vn 0.0816 0.7957 -0.6002
vn 0.2123 0.7405 -0.6376
vn 0.3826 0.6839 -0.6212
vn 0.1939 0.7566 -0.6245
vn 0.1480 0.5411 -0.8279
vn 0.2467 0.6885 -0.6820
vn 0.0381 -0.7814 -0.6229
vn 0.2609 -0.8873 -0.3803
vn -0.0690 -0.5206 -0.8510
vn -0.1521 0.6199 -0.7698
vn 0.1799 0.5737 -0.7991
vn 0.4091 -0.1069 -0.9062
vn -0.1739 -0.5918 -0.7871
vn 0.1487 -0.1800 -0.9724
vn 0.1457 -0.1425 -0.9790
vn 0.0248 -0.0922 -0.9954
vn 0.0144 0.5948 -0.8037
vn -0.0537 0.2655 -0.9626
vn -0.0491 0.2769 -0.9596
vn -0.0465 0.5082 -0.8600
vn 0.0869 -0.0527 -0.9948
vn 0.0117 0.0497 -0.9987
vn 0.0089 0.2836 -0.9589
vn 0.0147 0.4931 -0.8699
vn 0.0279 0.2592 -0.9654
vn -0.0596 0.6125 -0.7883
vn 0.0523 0.1272 -0.9905
vn 0.0270 0.0839 -0.9961
vn -0.1468 -0.0432 -0.9882
vn -0.0869 0.0449 -0.9952
vn -0.1320 0.0191 -0.9911
vn -0.0273 0.0835 -0.9961
vn -0.0100 0.0997 -0.9950
vn 0.0509 0.1077 -0.9929
vn -0.0281 0.1067 -0.9939
vn 0.0224 0.1085 -0.9938
vn 0.0757 0.1440 -0.9867
vn -0.0019 0.1543 -0.9880
vn 0.0938 0.2102 -0.9732
vn -0.0818 0.2467 -0.9656
vn 0.0582 0.1788 -0.9822
vn -0.8698 -0.3705 0.3259
vn -0.8067 -0.5906 0.0179
vn -0.8581 -0.0351 0.5122
vn -0.7470 0.4738 0.4664
vn -0.8458 0.5297 -0.0634
vn 0.5620 0.2281 0.7950
vn 0.0186 0.0327 0.9993
vn -0.3158 -0.3739 0.8721
vn 0.9123 0.2953 0.2839
vn 0.9834 0.1373 -0.1188
vn 0.9724 0.2333 -0.0094
vn 0.1456 0.7518 0.6431
vn 0.1313 0.6633 0.7368
vn 0.2615 0.7926 0.5509
vn 0.1834 0.9334 0.3083
vn 0.3541 0.4694 0.8089
vn 0.7142 0.6999 -0.0044
vn 0.2980 0.6371 0.7108
vn 0.3496 0.5751 0.7396
vn 0.0705 0.7707 0.6333
vn -0.4494 0.6957 -0.5605
vn -0.3069 0.7722 -0.5564
vn -0.4966 0.7283 -0.4722
vn -0.7475 0.5840 -0.3165
vn -0.8897 0.4463 -0.0967
vn -0.5985 0.7564 -0.2640
vn -0.5817 0.7697 -0.2630
vn -0.2492 0.7768 -0.5783
vn -0.2802 0.8036 -0.5250
vn -0.0902 0.8842 -0.4583
vn 0.6138 0.6617 -0.4305
vn 0.7420 0.6618 -0.1068
vn 0.7546 0.6412 -0.1397
vn 0.5455 0.8048 -0.2338
vn 0.3353 0.8284 -0.4487
vn -0.3252 0.7396 -0.5892
vn -0.5142 0.5665 -0.6439
vn -0.4022 0.7098 -0.5782
vn 0.7052 0.6770 -0.2107
vn -0.6314 0.2522 -0.7333
vn -0.6592 0.1413 -0.7386
vn -0.6611 0.2453 -0.7091
vn -0.1130 0.9014 -0.4180
vn -0.1624 0.9069 -0.3889
vn 0.6656 0.7460 0.0219
vn 0.4717 0.8033 -0.3635
vn 0.3555 -0.8614 -0.3627
vn 0.3558 -0.6155 -0.7033
vn 0.7912 -0.6110 -0.0242
vn 0.5795 -0.8111 0.0791
vn 0.4315 -0.9007 -0.0498
vn -0.0911 -0.9714 -0.2191
vn -0.2586 -0.9469 -0.1910
vn 0.0759 -0.9970 -0.0181
vn -0.4555 0.3621 -0.8133
vn -0.5770 0.1137 -0.8088
vn -0.3676 0.5348 -0.7608
vn -0.3875 0.5761 -0.7197
vn -0.3207 0.7225 -0.6125
vn -0.4447 0.5191 -0.7299
vn -0.1986 -0.8877 0.4154
vn -0.2849 -0.8456 0.4514
vn -0.4343 -0.8878 0.1524
vn -0.1328 -0.9911 0.0115
vn 0.6335 -0.7219 0.2786
vn 0.3395 -0.7231 0.6016
vn 0.4043 -0.4617 0.7895
vn 0.6617 -0.7494 -0.0237
vn -0.3902 0.7756 -0.4963
vn 0.4751 0.7936 -0.3802
vn 0.4609 0.7712 -0.4391
vn 0.0811 0.9919 -0.0982
vn -0.2019 0.9779 0.0543
vn 0.1287 0.8858 0.4459
vn -0.2860 0.9042 0.3174
vn 0.0136 0.9981 -0.0604
vn 0.6970 0.5695 0.4358
vn 0.7565 0.5316 0.3810
vn 0.6497 0.6962 0.3054
vn 0.2216 0.6456 0.7308
vn 0.3859 0.5643 0.7298
vn -0.3346 0.7965 0.5036
vn -0.3303 0.5677 0.7541
vn -0.4344 0.6934 0.5749
vn 0.2472 0.3301 0.9110
vn -0.0844 0.3252 0.9419
vn 0.0853 0.1949 0.9771
vn 0.6361 0.0286 0.7711
vn 0.4142 -0.1740 0.8934
vn 0.9525 0.1736 -0.2501
vn 0.6808 0.7324 0.0113
vn -0.4461 0.6266 0.6390
vn 0.3714 -0.2591 0.8916
vn 0.2419 0.6008 0.7619
vn 0.3238 0.6975 0.6392
vn 0.2343 0.4960 0.8361
vn -0.4237 0.6904 -0.5863
vn -0.3446 0.8497 -0.3990
vn 0.0217 0.9981 -0.0574
vn -0.0309 0.9765 0.2133
vn -0.3051 0.9316 -0.1976
vn -0.4333 0.8921 -0.1285
vn -0.1073 0.9916 0.0725
vn -0.9518 0.1650 -0.2585
vn -0.9340 0.3461 -0.0884
vn -0.7875 0.4059 -0.4637
vn -0.4588 0.3751 -0.8055
vn -0.4899 0.4429 -0.7509
vn -0.5094 0.3366 -0.7920
vn -0.5772 0.5543 -0.5996
vn -0.2191 0.7061 -0.6733
vn 0.0037 0.9469 -0.3215
vn -0.2412 0.9095 -0.3385
vn -0.4088 0.7593 -0.5063
vn 0.7417 0.6689 -0.0493
vn 0.7510 0.5440 0.3742
vn -0.0109 0.9069 -0.4212
vn -0.5309 0.3022 -0.7917
vn -0.3495 0.7021 -0.6204
vn -0.7087 0.6815 -0.1826
vn -0.5209 0.8492 -0.0864
vn -0.6407 0.6658 -0.3824
vn -0.1001 0.4501 -0.8873
vn 0.2089 0.4479 -0.8694
vn -0.5231 0.4014 -0.7519
vn -0.5413 0.4814 -0.6894
vn -0.4189 0.4838 -0.7684
vn -0.4827 0.3515 -0.8022
vn -0.7854 -0.1631 -0.5971
vn -0.8499 -0.1174 -0.5137
vn -0.8479 -0.0134 -0.5300
vn -0.4410 0.8628 -0.2469
vn -0.3068 -0.2094 -0.9284
vn 0.4821 0.2625 -0.8359
vn 0.4269 0.2787 -0.8603
vn 0.4579 0.3777 -0.8048
vn -0.0174 0.5670 -0.8236
vn -0.0019 0.5522 -0.8337
vn -0.1650 0.5011 -0.8495
vn 0.0384 0.5152 -0.8562
vn 0.0639 0.5282 -0.8467
vn 0.1345 0.9435 -0.3027
vn 0.1914 0.9402 -0.2818
vn 0.1818 0.9224 -0.3406
vn 0.2072 0.4620 -0.8623
vn 0.6388 0.3572 0.6815
vn 0.7408 0.5441 -0.3940
vn 0.7775 0.5713 -0.2627
vn 0.7997 0.5023 -0.3287
vn -0.0043 0.9479 0.3186
vn -0.2353 0.9491 0.2093
vn 0.0579 0.9961 0.0662
vn 0.0562 0.9584 0.2799
vn -0.2483 -0.0158 -0.9686
vn -0.0001 -0.0000 -1.0000
vn 0.0506 -0.1050 -0.9932
vn 0.0103 0.0058 -0.9999
vn 0.0357 -0.0486 -0.9982
vn -0.2251 -0.4334 -0.8727
vn -0.2706 -0.4536 -0.8492
vn -0.3191 -0.2770 -0.9063
vn -0.2994 -0.2691 -0.9154
vn -0.0718 -0.2645 -0.9617
vn 0.2804 -0.9581 -0.0589
vn 0.7515 -0.3990 -0.5254
vn -0.0985 -0.2136 -0.9719
vn -0.3357 0.0217 -0.9417
vn -0.2482 -0.7325 -0.6340
vn -0.3289 0.3731 -0.8676
vn -0.5796 0.5436 -0.6072
vn -0.4743 -0.6753 -0.5648
vn -0.1522 0.9872 0.0468
vn -0.3457 0.9362 0.0640
vn -0.2157 0.9658 0.1437
vn 0.0618 0.4960 0.8661
vn -0.3799 0.6663 0.6417
vn -0.0036 0.4684 0.8835
vn -0.2657 0.4663 0.8437
vn -0.0352 0.9993 -0.0155
vn 0.0642 0.9949 0.0781
vn 0.0271 0.9913 -0.1287
vn -0.0479 0.9989 0.0008
vn 0.2936 0.6835 -0.6683
vn -0.9237 0.1774 0.3396
vn -0.9840 0.1321 0.1192
vn -0.9467 0.0575 0.3169
vn -0.8240 0.1195 0.5538
vn -0.5615 0.4494 -0.6948
vn -0.5399 0.5430 -0.6432
vn -0.4852 0.5229 -0.7008
vn 0.3650 -0.4479 0.8162
vn 0.9778 -0.1237 0.1694
vn 0.9811 0.1815 0.0667
vn 0.9688 0.0994 0.2272
vn -0.1240 -0.8892 0.4405
vn -0.0473 -0.9589 0.2798
vn 0.1182 -0.9647 0.2354
vn 0.9238 -0.0618 0.3778
vn 0.8761 -0.0629 0.4780
vn 0.7674 0.0340 0.6403
vn 0.9549 -0.1595 0.2506
vn 0.0707 0.6602 -0.7478
vn 0.1077 0.8906 -0.4418
vn 0.1430 -0.2066 -0.9679
vn 0.1306 0.1244 -0.9836
vn 0.1628 0.2733 -0.9480
vn 0.7062 0.5789 -0.4076
vn 0.8616 0.4626 -0.2091
vn 0.8461 0.3411 -0.4096
vn 0.2844 0.9587 -0.0030
vn 0.0781 0.9705 0.2281
vn 0.4642 0.8711 0.1603
vn 0.2624 0.5211 -0.8122
vn 0.0533 0.1219 -0.9911
vn 0.0908 -0.0328 -0.9953
vn -0.1579 -0.8859 0.4362
vn -0.0788 -0.9588 0.2731
vn 0.6472 -0.7390 0.1870
vn 0.5346 -0.6709 0.5139
vn 0.3970 -0.7595 0.5153
vn -0.9533 -0.0439 -0.2987
vn -0.8866 -0.0222 -0.4620
vn -0.5579 0.0214 -0.8296
vn 0.1195 0.6662 -0.7361
vn 0.4090 0.7098 -0.5736
vn 0.5026 0.5678 -0.6519
vn 0.7119 0.6198 -0.3301
vn 0.8464 0.3768 0.3764
vn 0.1893 0.5150 -0.8361
vn -0.0797 0.6927 -0.7168
vn 0.7453 0.5190 -0.4185
vn 0.8339 0.5019 0.2294
vn 0.7612 0.4086 -0.5036
vn 0.0272 0.9983 -0.0509
vn -0.1704 0.8779 -0.4475
vn -0.3167 0.9482 0.0241
vn -0.2040 0.9412 -0.2692
vn -0.2553 0.9330 -0.2537
vn -0.1146 0.9791 -0.1679
vn 0.1416 0.9497 -0.2793
vn 0.2841 0.6612 -0.6944
vn -0.7220 -0.1740 0.6696
vn -0.7874 -0.1324 0.6021
vn -0.0468 -0.0201 0.9987
vn 0.4686 -0.1434 0.8717
vn 0.0499 0.2499 0.9670
vn 0.4647 0.1287 0.8761
vn -0.0331 0.5802 0.8138
vn -0.1275 0.5923 0.7955
vn -0.6244 0.3728 0.6864
vn -0.5213 0.5386 0.6620
vn -0.6680 0.5844 0.4608
vn 0.3815 0.6968 0.6074
vn -0.1395 0.7303 0.6688
vn 0.4371 0.5291 0.7273
vn -0.7848 -0.4882 0.3819
vn -0.8538 -0.3793 0.3567
vn -0.8426 -0.4409 0.3092
vn 0.8103 -0.4804 0.3357
vn 0.8155 -0.4176 0.4007
vn 0.7559 -0.5322 0.3812
vn -0.7895 0.5047 0.3492
vn -0.7170 0.5909 0.3698
vn -0.7731 0.5676 0.2832
vn 0.7448 0.5951 0.3018
vn 0.6889 0.6026 0.4028
vn 0.7598 0.5381 0.3648
vn 0.0893 0.8049 0.5866
vn -0.0041 0.9997 -0.0230
vn -0.0666 0.9976 -0.0174
vn 0.1208 0.8528 -0.5080
vn 0.8915 0.3817 -0.2442
vn 0.1337 0.7778 -0.6141
vn 0.7684 0.4712 -0.4330
vn -0.2883 0.7373 -0.6110
vn -0.5963 0.1066 -0.7956
vn -0.6560 0.0669 -0.7518
vn -0.4394 0.3622 -0.8220
vn -0.4372 0.6141 -0.6570
vn -0.3943 0.6407 -0.6588
vn -0.3387 0.6117 -0.7149
vn -0.4047 0.4417 -0.8007
vn 0.0657 0.5636 -0.8234
vn -0.4368 0.3690 -0.8204
vn -0.3794 0.3341 -0.8628
vn -0.3569 0.4544 -0.8162
vn -0.2770 0.6359 -0.7203
vn -0.2881 0.6369 -0.7151
vn -0.3097 0.6521 -0.6920
vn -0.2328 0.7601 -0.6067
vn -0.4883 0.6824 -0.5440
vn -0.5239 0.7778 -0.3472
vn -0.4134 0.8919 -0.1832
vn -0.3988 0.8726 -0.2820
vn -0.3399 0.8666 -0.3655
vn -0.2874 0.9104 -0.2977
vn -0.3417 0.4838 -0.8057
vn -0.3711 0.4706 -0.8005
vn -0.4710 0.5103 -0.7196
vn -0.3517 0.2978 -0.8875
vn -0.3881 0.2090 -0.8976
vn -0.5167 0.3330 -0.7887
vn -0.6996 0.2257 -0.6780
vn -0.6400 -0.0429 -0.7672
vn -0.1877 0.0534 -0.9808
vn -0.2947 0.6345 -0.7146
vn -0.0657 0.7891 -0.6107
vn -0.4905 0.6720 -0.5548
vn 0.1337 0.8650 -0.4836
vn 0.1336 0.8507 -0.5084
vn 0.2796 0.8470 -0.4522
vn -0.0688 0.3487 -0.9347
vn -0.6573 0.0372 -0.7527
vn 0.6561 -0.4687 0.5915
vn 0.7713 -0.6364 -0.0127
vn 0.8011 0.5915 -0.0910
vn -0.4950 0.3932 -0.7749
vn -0.4672 0.2980 -0.8324
vn -0.4068 0.4326 -0.8046
vn -0.4433 0.4047 -0.7998
vn -0.4984 0.2536 -0.8290
vn -0.5966 -0.0531 -0.8008
vn -0.1032 0.0026 -0.9947
vn 0.6272 0.0568 -0.7768
vn 0.2732 -0.3483 -0.8967
vn 0.3143 0.8517 0.4193
vn 0.5794 0.7768 -0.2468
vn -0.1032 0.9947 -0.0019
vn -0.0604 0.6553 -0.7530
vn -0.0611 0.5960 -0.8007
vn -0.0617 0.6531 -0.7547
vn -0.0551 0.5889 -0.8063
vn -0.1133 0.6200 -0.7764
vn -0.0600 0.6577 -0.7509
vn -0.0927 0.6604 -0.7452
vn -0.1441 0.6497 -0.7464
vn -0.1434 0.6680 -0.7302
vn -0.2053 0.6692 -0.7142
vn -0.2160 0.6214 -0.7531
vn -0.2576 0.6774 -0.6890
vn -0.2443 0.5822 -0.7755
vn -0.3448 0.6299 -0.6959
vn -0.0560 0.7063 -0.7057
vn -0.0682 0.7147 -0.6961
vn -0.1289 0.7213 -0.6805
vn -0.2099 0.7159 -0.6659
vn -0.2640 0.7045 -0.6588
vn -0.3540 0.6930 -0.6281
vn -0.3801 0.6505 -0.6575
vn -0.3889 0.6740 -0.6280
vn -0.4128 0.6510 -0.6370
vn -0.4049 0.6827 -0.6082
vn -0.4466 0.6367 -0.6287
vn -0.4849 0.5722 -0.6614
vn -0.5283 0.6121 -0.5883
vn -0.5200 0.6481 -0.5565
vn -0.5505 0.6271 -0.5511
vn -0.6776 0.5756 -0.4577
vn -0.0394 0.7700 -0.6369
vn 0.0398 0.8897 -0.4548
vn -0.0240 0.7299 -0.6831
vn 0.0160 0.9282 -0.3718
vn -0.0327 0.6921 -0.7211
vn -0.1152 0.7460 -0.6559
vn -0.0363 0.7531 -0.6569
vn -0.0018 0.6830 -0.7304
vn -0.0602 0.7588 -0.6486
vn 0.0647 0.7522 -0.6558
vn 0.0062 0.6510 -0.7591
vn -0.0076 0.7991 -0.6011
vn 0.0119 0.7666 -0.6421
vn 0.0142 0.6650 -0.7467
vn 0.0248 0.7375 -0.6749
vn 0.0247 0.7022 -0.7115
vn -0.0001 0.8772 -0.4802
vn 0.0263 0.8053 -0.5923
vn 0.0508 0.7794 -0.6244
vn 0.0230 0.7484 -0.6629
vn -0.0016 0.9061 -0.4230
vn 0.0296 0.7601 -0.6491
vn 0.0160 0.8602 -0.5097
vn -0.0000 0.7942 -0.6076
vn 0.0603 0.7622 -0.6445
vn 0.1965 0.7504 -0.6311
vn 0.2382 0.8182 -0.5232
vn 0.2377 0.7968 -0.5556
vn 0.0986 0.7895 -0.6058
vn 0.0560 0.7034 -0.7086
vn -0.0413 0.6816 -0.7306
vn 0.0011 0.7532 -0.6577
vn -0.0070 0.7533 -0.6576
vn 0.0404 0.9027 -0.4284
vn -0.0007 0.7483 -0.6633
vn 0.0307 0.8030 -0.5952
vn 0.0036 0.7193 -0.6947
vn -0.0552 0.7191 -0.6927
vn 0.0092 0.7452 -0.6667
vn 0.0636 0.7381 -0.6717
vn 0.0882 0.7708 -0.6310
vn 0.1698 0.7411 -0.6495
vn 0.1457 0.6651 -0.7324
vn -0.0162 0.6002 -0.7997
vn -0.0427 0.5924 -0.8045
vn 0.1422 -0.6835 0.7159
vn -0.4516 -0.2275 0.8627
vn 0.3084 -0.2721 0.9115
vn -0.0144 0.0224 0.9996
vn 0.0274 -0.0448 0.9986
vn -0.1695 -0.3862 0.9067
vn 0.4130 -0.3865 0.8246
vn 0.6636 -0.2241 0.7137
vn 0.6907 -0.3414 0.6375
vn 0.4098 -0.5663 0.7151
vn 0.9738 -0.0330 0.2251
vn 0.8124 0.0117 0.5830
vn 0.8368 -0.0466 0.5456
vn 0.6761 -0.2754 0.6834
vn 0.8742 -0.4648 0.1406
vn 0.0011 0.4864 -0.8738
vn 0.0907 0.5011 -0.8606
vn -0.6824 0.5629 -0.4664
vn 0.4561 0.3643 -0.8120
vn 0.3732 0.4012 -0.8365
vn 0.9270 -0.1786 0.3297
vn 0.9167 0.0353 0.3980
vn -0.6825 0.5821 0.4421
vn -0.5971 0.6327 0.4931
vn -0.6625 0.6506 0.3713
vn 0.8849 0.4650 0.0280
vn 0.7648 0.5610 0.3169
vn -0.5057 -0.6864 -0.5226
vn -0.2289 -0.8598 -0.4565
vn -0.5450 -0.6491 -0.5308
vn 0.0473 -0.9942 0.0966
vn -0.6895 0.4140 -0.5942
vn -0.6433 0.6121 -0.4599
vn -0.5089 -0.1493 0.8478
vn -0.3122 -0.1702 0.9346
vn -0.3771 -0.7399 0.5570
vn 0.0128 -0.8532 0.5214
vn -0.5131 -0.1686 0.8416
vn -0.1987 -0.1964 0.9602
vn -0.1485 -0.6986 0.7000
vn -0.3458 -0.9315 0.1127
vn 0.1992 -0.0638 0.9779
vn 0.2633 -0.2844 0.9218
vn -0.2647 -0.8355 -0.4816
vn -0.4429 -0.7512 -0.4895
vn -0.4822 -0.6968 -0.5310
vn -0.4250 0.4872 -0.7629
vn -0.5307 -0.5858 -0.6125
vn -0.5667 -0.5327 -0.6286
vn -0.5245 -0.5442 -0.6548
vn -0.7023 -0.4452 -0.5554
vn -0.0227 0.0092 -0.9997
vn -0.1990 -0.1701 -0.9651
vn -0.0792 0.0521 -0.9955
vn -0.1059 0.6422 -0.7592
vn 0.2246 0.7822 -0.5812
vn -0.0701 0.7460 -0.6622
vn 0.0635 0.6230 -0.7796
vn 0.0402 0.5783 -0.8149
vn -0.7282 0.4559 -0.5117
vn -0.6158 0.6798 -0.3983
vn -0.6128 0.3312 -0.7175
vn 0.3590 0.5167 0.7773
vn 0.1302 0.6385 -0.7585
vn -0.3821 0.8692 -0.3137
vn -0.2737 0.9522 -0.1355
vn -0.0698 0.9298 -0.3615
vn -0.7439 0.6658 0.0573
vn 0.7624 0.5898 0.2663
vn 0.3567 0.8224 0.4432
vn 0.3022 0.8249 0.4778
vn 0.4098 0.7515 0.5170
vn 0.1462 0.5527 0.8205
vn 0.0844 0.5646 0.8210
vn -0.3511 0.4395 0.8268
vn -0.1397 0.3315 0.9330
vn -0.0983 0.3323 0.9380
vn -0.1656 0.4119 0.8960
vn -0.4754 0.5646 0.6747
vn 0.2116 0.3084 0.9274
vn -0.0526 0.2008 0.9782
vn 0.7335 0.6368 0.2378
vn -0.4284 0.9012 0.0655
vn 0.3627 0.5182 -0.7746
vn 0.3677 0.6084 -0.7033
vn 0.7668 0.3735 -0.5221
vn -0.2360 0.5982 -0.7658
vn -0.1489 0.5853 -0.7970
vn 0.9370 0.3324 -0.1076
vn 0.1497 0.9453 -0.2900
vn 0.0597 0.9722 -0.2264
vn 0.2930 0.9369 0.1910
vn -0.1769 0.5480 -0.8176
vn 0.1044 0.2591 0.9602
vn 0.1747 0.3935 0.9026
vn -0.6489 0.4609 -0.6054
vn -0.5741 0.4227 -0.7013
vn -0.3261 0.5950 -0.7346
vn -0.9262 0.3770 0.0065
vn 0.7851 0.5385 0.3061
vn 0.7103 0.5951 0.3759
vn 0.7663 0.4985 0.4053
vn 0.7330 0.6707 -0.1131
vn 0.8793 0.4760 0.0165
vn 0.8224 0.5359 -0.1912
vn 0.2542 0.7106 0.6561
vn 0.3846 0.7297 0.5653
vn 0.1945 0.8906 0.4111
vn 0.8537 0.3863 0.3492
vn -0.1477 0.9025 0.4047
vn -0.1057 0.7635 0.6371
vn -0.0591 0.9983 0.0012
vn 0.4710 0.8779 0.0858
vn 0.5614 0.8270 -0.0284
vn 0.4613 0.8806 -0.1078
vn 0.4271 0.8797 -0.2088
vn 0.4631 0.8765 -0.1317
vn 0.2921 0.9529 0.0813
vn -0.2836 -0.5501 -0.7855
vn -0.1153 -0.6711 -0.7323
vn -0.2953 -0.6041 -0.7402
vn -0.1037 -0.6534 -0.7499
vn 0.0561 -0.1990 -0.9784
vn 0.1804 -0.0639 -0.9815
vn -0.7399 -0.4767 -0.4747
vn -0.9980 -0.0169 -0.0613
vn -0.9430 0.3319 -0.0223
vn -0.8594 0.5091 0.0464
vn -0.7944 0.5834 -0.1688
vn -0.9667 0.2290 0.1146
vn -0.3403 0.8961 0.2851
vn -0.5418 0.8246 0.1630
vn -0.0223 0.9996 0.0165
vn -0.2875 -0.8653 -0.4107
vn -0.3727 -0.8547 -0.3614
vn -0.4349 -0.8560 -0.2796
vn 0.0501 -0.7813 -0.6221
vn -0.1091 -0.7838 -0.6113
vn 0.3311 -0.9158 0.2274
vn -0.3317 -0.8684 -0.3686
vn -0.3238 -0.0756 -0.9431
vn -0.4392 -0.2646 -0.8585
vn 0.4083 -0.7501 0.5202
vn 0.0491 -0.8468 0.5297
vn 0.5202 -0.5510 0.6526
vn 0.2697 -0.5950 0.7571
vn 0.1041 0.9876 0.1174
vn -0.0616 0.8646 0.4986
vn -0.5566 0.7917 -0.2517
vn -0.6980 0.6980 -0.1600
vn -0.4857 0.5632 -0.6685
vn -0.5149 0.5978 -0.6145
vn -0.4474 0.6837 -0.5766
vn -0.4082 0.7432 -0.5302
vn -0.3435 0.8272 -0.4447
vn -0.1249 0.9883 -0.0877
vn 0.0114 0.9932 0.1160
vn 0.0939 0.9320 0.3501
vn -0.0367 0.9991 -0.0217
vn 0.9856 -0.0103 0.1686
vn 0.9962 -0.0047 -0.0869
vn 0.5578 0.8297 -0.0214
vn -0.4122 0.4702 0.7804
vn -0.0216 0.9856 0.1675
vn 0.2141 0.5351 0.8172
vn 0.5274 0.5907 0.6106
vn 0.0823 -0.4463 0.8911
vn -0.2444 -0.2527 0.9362
vn -0.1540 -0.3606 0.9199
vn 0.0216 -0.5451 0.8381
vn -0.2869 0.4491 0.8462
vn 0.0620 0.6029 0.7954
vn 0.3193 0.3584 0.8772
vn 0.0089 0.4492 -0.8934
vn 0.0081 0.4628 -0.8864
vn -0.0090 0.4743 -0.8803
vn -0.0069 0.4518 -0.8921
vn 0.0110 0.4255 -0.9049
vn -0.0087 0.4149 -0.9098
vn 0.1018 0.1755 -0.9792
vn -0.2245 0.6456 -0.7300
vn -0.3154 0.7825 -0.5368
vn -0.4601 0.5509 -0.6963
vn -0.6394 0.7292 -0.2439
vn -0.5590 0.6114 -0.5602
vn -0.2460 0.7015 -0.6689
vn -0.0000 0.6640 -0.7478
vn -0.2114 0.6111 -0.7628
vn 0.4662 0.2511 -0.8483
vn 0.2003 0.7135 -0.6714
vn 0.6638 0.5734 -0.4803
vn -0.4769 0.8537 -0.2092
vn -0.1991 0.9775 0.0694
vn 0.1867 0.9743 -0.1259
vn -0.4700 0.8582 0.2066
vn 0.0059 0.1518 -0.9884
vn -0.2525 -0.9184 -0.3046
vn -0.0233 -0.9829 -0.1825
vn -0.2249 -0.8997 -0.3740
vn 0.2243 -0.9734 -0.0460
vn -0.1006 -0.9675 0.2321
vn -0.6613 -0.7223 -0.2024
vn -0.5532 -0.0538 -0.8313
vn -0.5281 0.2753 -0.8033
vn -0.2097 -0.3792 -0.9012
vn -0.9928 -0.1191 -0.0090
vn -0.7018 -0.2944 -0.6487
vn -0.9191 -0.3533 0.1743
vn 0.9165 -0.2338 0.3246
vn 0.8922 -0.1187 0.4357
vn 0.9847 0.0061 0.1740
vn 0.0548 0.6088 -0.7914
vn -0.9460 -0.0333 0.3226
vn -0.9897 0.1423 0.0123
vn -0.9415 -0.2241 -0.2518
vn 0.9764 0.2070 -0.0618
vn 0.9311 0.2739 -0.2407
vn -0.2965 0.5819 -0.7573
vn -0.7958 0.5585 -0.2343
vn -0.9542 0.2965 0.0389
vn -0.9249 0.3376 0.1747
vn -0.4120 0.7855 -0.4617
vn -0.5330 0.7593 -0.3734
vn -0.3911 0.8606 -0.3261
vn 0.0153 0.2024 -0.9792
vn -0.1113 0.6163 -0.7796
vn 0.1553 0.3476 -0.9247
vn -0.3386 0.6086 -0.7176
vn -0.3935 0.0083 -0.9193
vn -0.7297 -0.2861 -0.6210
vn -0.7019 -0.5587 -0.4418
vn -0.7455 -0.3285 -0.5799
vn -0.7004 -0.4026 -0.5893
vn -0.2566 -0.9559 -0.1428
vn -0.2460 0.4225 -0.8723
vn -0.3402 0.3671 -0.8657
vn -0.4794 0.3366 -0.8105
vn -0.4591 0.1351 -0.8780
vn -0.4860 0.2159 -0.8469
vn -0.5097 0.2510 -0.8229
vn -0.5132 0.2769 -0.8123
vn -0.1882 0.3961 -0.8987
vn -0.5369 0.2910 -0.7919
vn -0.2857 0.4970 -0.8194
vn -0.2091 0.9181 -0.3366
vn 0.0498 0.6391 -0.7675
vn -0.4494 0.4216 -0.7876
vn -0.5721 0.1507 -0.8062
vn -0.0279 0.0395 -0.9988
vn 0.1394 0.4067 -0.9028
vn 0.2477 0.2817 -0.9270
vn 0.9197 0.3109 -0.2400
vn 0.9119 0.1635 -0.3764
vn 0.9519 0.3003 -0.0614
vn 0.9404 0.2788 -0.1948
vn -0.4753 0.3257 -0.8173
vn 0.2845 0.3645 -0.8867
vn -0.5174 0.1591 -0.8409
vn -0.4803 0.1354 -0.8666
vn -0.4584 0.2092 -0.8638
vn -0.5303 0.0447 -0.8466
vn -0.4931 0.1103 -0.8630
vn -0.4311 0.0960 -0.8972
vn -0.4578 0.1296 -0.8795
vn -0.4016 0.3221 -0.8573
vn -0.4055 0.5565 -0.7251
vn 0.1298 0.7685 -0.6266
vn 0.2013 0.9640 -0.1739
vn 0.2110 0.9746 -0.0749
vn 0.2834 0.8997 -0.3320
vn 0.3323 0.8858 -0.3240
vn 0.1007 0.6924 -0.7144
vn 0.0714 0.8046 -0.5895
vn 0.3104 0.8890 -0.3367
vn -0.0901 0.7017 -0.7068
vn 0.2715 0.8640 -0.4240
vn 0.4334 0.6695 -0.6033
vn 0.3916 0.6740 -0.6264
vn 0.3275 0.9326 -0.1519
vn 0.3844 0.9232 0.0001
vn 0.2526 0.9676 0.0009
vn 0.4310 0.8724 0.2306
vn 0.2589 0.6510 -0.7136
vn 0.4663 0.7908 -0.3965
vn 0.7579 0.6502 -0.0540
vn 0.3293 0.9219 -0.2043
vn 0.3812 0.7676 -0.5152
vn 0.3740 0.9254 0.0616
vn 0.0965 0.4609 -0.8822
vn 0.0423 0.5864 -0.8089
vn 0.1467 0.3064 -0.9405
vn 0.2717 0.4250 -0.8634
vn 0.5833 0.6040 -0.5431
vn 0.4689 0.4883 -0.7360
vn 0.2679 0.4851 -0.8324
vn 0.1623 0.7629 -0.6257
vn 0.0819 0.7959 -0.5998
vn 0.2811 0.6370 -0.7178
vn 0.2175 0.7308 -0.6471
vn 0.1213 0.7747 -0.6205
vn 0.0091 0.8128 -0.5825
vn -0.0337 0.8169 -0.5759
vn 0.0230 0.8074 -0.5895
vn -0.0306 0.8170 -0.5758
vn -0.0565 0.8151 -0.5766
vn -0.0581 0.8122 -0.5805
vn -0.0581 0.8159 -0.5752
vn -0.0630 0.8134 -0.5783
vn -0.0605 0.8174 -0.5729
vn -0.0161 0.8162 -0.5775
vn -0.0723 0.8153 -0.5746
vn -0.0197 0.9992 0.0345
vn -0.0736 0.9924 -0.0991
vn -0.0699 0.9619 -0.2643
vn -0.0030 0.9893 -0.1458
vn -0.0327 0.9970 0.0702
vn -0.0162 0.9954 -0.0944
vn 0.1468 0.9451 -0.2918
vn 0.0331 0.9976 0.0610
vn 0.0761 0.9939 0.0804
vn 0.0114 0.9851 -0.1715
vn 0.0283 0.9996 0.0091
vn 0.0140 0.9730 -0.2305
vn -0.0238 0.9988 0.0421
vn 0.0281 0.9766 -0.2132
vn 0.1470 0.9716 -0.1852
vn -0.0193 0.9967 0.0792
vn 0.2763 0.9348 -0.2231
vn 0.2269 0.9730 0.0428
vn 0.4740 0.6538 -0.5898
vn 0.5079 0.6387 -0.5780
vn 0.5154 0.6080 -0.6039
vn 0.3320 0.8057 -0.4906
vn 0.3294 0.9091 -0.2551
vn 0.4549 0.8902 -0.0247
vn 0.2479 0.7486 -0.6149
vn 0.2230 0.7680 -0.6004
vn 0.0701 0.7904 -0.6086
vn 0.0642 0.7747 -0.6291
vn -0.0437 0.8044 -0.5924
vn -0.0390 0.8043 -0.5930
vn -0.0774 0.8107 -0.5804
vn -0.0612 0.8075 -0.5867
vn -0.0266 0.6809 -0.7319
vn -0.0206 0.6678 -0.7440
vn -0.0112 0.8659 -0.5002
vn -0.0257 0.6586 -0.7520
vn -0.0162 0.8139 -0.5807
vn -0.0083 0.6569 -0.7539
vn -0.1491 0.8847 -0.4416
vn 0.0069 0.8130 -0.5822
vn 0.0066 0.6539 -0.7565
vn -0.0815 0.5832 -0.8082
vn -0.0409 0.6321 -0.7738
vn -0.0413 0.6204 -0.7832
vn 0.0676 0.5879 -0.8061
vn -0.0781 0.5800 -0.8109
vn 0.0172 0.6621 -0.7492
vn 0.0160 0.8403 -0.5418
vn 0.0231 0.6664 -0.7453
vn 0.0245 0.8450 -0.5342
vn -0.0251 0.8233 -0.5670
vn 0.0279 0.6498 -0.7596
vn 0.0485 0.8199 -0.5704
vn 0.0832 0.6247 -0.7764
vn -0.0467 0.5981 -0.8000
vn 0.0405 0.6173 -0.7856
vn 0.0060 0.6125 -0.7904
vn 0.0007 0.5613 -0.8276
vn 0.2937 0.5526 -0.7800
vn 0.0273 0.6188 -0.7850
vn 0.1232 0.5917 -0.7967
vn 0.2399 0.5294 -0.8138
vn 0.2811 0.5690 -0.7728
vn 0.1363 0.7331 -0.6663
vn 0.2729 0.3094 -0.9109
vn 0.1435 0.5285 -0.8367
vn 0.2753 0.3824 -0.8820
vn -0.0016 0.7928 -0.6095
vn -0.0446 0.8136 -0.5798
vn -0.6793 0.7225 0.1285
vn 0.7723 0.5490 0.3198
vn -0.1844 -0.0011 -0.9829
vn -0.1082 0.0822 -0.9907
vn 0.0107 0.2133 -0.9769
vn 0.0638 0.3369 -0.9394
vn 0.0731 0.4582 -0.8859
vn 0.0719 0.5381 -0.8398
vn 0.0592 0.5966 -0.8004
vn 0.0465 0.6389 -0.7679
vn -0.0141 0.7188 -0.6951
vn 0.3342 0.9421 -0.0284
vn 0.3097 0.9202 0.2396
vn 0.3492 0.9367 -0.0243
vn 0.1726 0.9827 -0.0665
vn -0.1027 0.9885 -0.1112
vn 0.0486 0.9869 -0.1539
vn 0.2419 0.9693 0.0448
vn 0.2448 0.9696 -0.0060
vn 0.2867 0.9576 0.0279
vn 0.3017 0.9269 0.2234
vn 0.2500 0.9671 0.0463
vn 0.2262 0.9508 0.2115
vn 0.1867 0.9381 0.2916
vn 0.2011 0.9782 0.0524
vn 0.1309 0.9333 0.3343
vn 0.6681 0.7134 -0.2116
vn 0.5999 0.7864 0.1473
vn 0.3364 0.8170 0.4683
vn 0.4089 0.8687 0.2795
vn 0.5740 0.8138 0.0905
vn 0.5310 0.7144 0.4558
vn 0.6220 0.7551 -0.2073
vn 0.6015 0.7850 -0.1482
vn 0.1740 0.8974 0.4054
vn 0.1073 0.8716 0.4784
vn 0.3595 0.9153 -0.1815
vn 0.2036 0.8442 -0.4958
vn 0.3233 0.8216 -0.4695
vn 0.4089 0.4397 -0.7997
vn 0.2330 0.9321 -0.2772
vn 0.2709 0.8868 -0.3743
vn 0.3199 0.8837 -0.3417
vn 0.6139 0.6211 -0.4873
vn 0.2718 0.7036 -0.6565
vn 0.4962 0.7872 -0.3661
vn 0.5560 0.7681 -0.3177
vn 0.4889 0.5513 -0.6761
vn 0.4857 0.7316 -0.4784
vn 0.4871 0.7509 -0.4460
vn 0.3334 0.5444 -0.7697
vn 0.1763 0.9754 -0.1321
vn 0.1450 0.9218 -0.3596
vn 0.9378 -0.1600 -0.3082
vn 0.5236 0.4811 -0.7031
vn 0.9953 0.0440 -0.0858
vn 0.4536 0.7151 -0.5320
vn 0.1075 0.6081 -0.7865
vn 0.7123 0.5459 -0.4412
vn 0.7649 0.5258 -0.3720
vn 0.7767 0.4245 -0.4653
vn -0.0734 0.5667 -0.8206
vn -0.0439 0.5391 -0.8411
vn -0.0542 0.5816 -0.8117
vn -0.0521 0.5204 -0.8523
vn -0.1146 0.5395 -0.8342
vn -0.0772 0.4897 -0.8685
vn -0.1288 0.5752 -0.8078
vn -0.1205 0.5123 -0.8503
vn -0.0841 0.4453 -0.8914
vn -0.1597 0.4313 -0.8879
vn -0.1902 0.5444 -0.8169
vn -0.2757 0.5164 -0.8107
vn -0.2472 0.4323 -0.8672
vn -0.2978 0.4849 -0.8223
vn -0.2759 0.3172 -0.9073
vn -0.4014 0.4369 -0.8050
vn -0.3764 0.5574 -0.7401
vn -0.4371 0.4145 -0.7982
vn -0.4018 0.6054 -0.6871
vn -0.4001 0.6163 -0.6783
vn -0.4635 0.5656 -0.6821
vn -0.2840 0.7192 -0.6341
vn -0.1455 0.8667 -0.4771
vn -0.1662 0.8173 -0.5516
vn -0.0139 0.8895 -0.4567
vn 0.1002 0.9070 -0.4091
vn -0.3841 0.9220 -0.0495
vn -0.4886 0.8713 0.0461
vn -0.2950 0.9552 0.0224
vn 0.0997 0.9771 0.1878
vn 0.1148 0.9738 0.1965
vn 0.1584 0.9605 0.2290
vn -0.0341 0.9553 0.2935
vn 0.2059 0.8581 0.4704
vn 0.1476 0.9209 0.3607
vn 0.0767 0.9665 0.2448
vn 0.1143 0.9622 0.2473
vn 0.0084 0.9302 0.3670
vn 0.1869 0.9113 0.3668
vn 0.1475 0.8953 0.4203
vn 0.0650 0.9575 0.2811
vn 0.1029 0.9844 0.1426
vn 0.0042 0.9267 0.3759
vn -0.0104 0.8042 0.5943
vn 0.0733 0.9973 -0.0032
vn -0.1704 0.9404 0.2943
vn 0.0779 0.9292 0.3612
vn 0.0380 0.8515 0.5229
vn 0.0483 0.9339 0.3541
vn 0.0097 0.9190 0.3942
vn -0.2941 0.9236 0.2459
vn 0.0063 0.8998 0.4363
vn -0.1929 0.9204 0.3400
vn 0.3084 0.7551 0.5785
vn -0.0388 0.8336 0.5509
vn -0.0231 0.9944 0.1031
vn 0.4111 0.6608 0.6280
vn 0.2659 0.9048 0.3327
vn 0.3241 0.7171 0.6170
vn 0.4377 0.6233 0.6480
vn 0.4352 0.6757 0.5951
vn -0.1360 0.9312 0.3381
vn 0.0403 0.9038 0.4260
vn 0.1586 0.8733 0.4607
vn 0.3328 0.8053 0.4907
vn 0.3424 0.9197 0.1920
vn 0.6403 0.7131 0.2855
vn 0.7986 0.5009 -0.3336
vn 0.7468 0.4952 0.4439
vn -0.0611 0.8171 -0.5732
vn -0.0232 0.8139 -0.5805
vn -0.0690 0.8145 -0.5761
vn -0.0766 0.7930 -0.6044
vn -0.0141 0.7939 -0.6079
vn -0.0181 0.7917 -0.6107
vn -0.0790 0.7858 -0.6134
vn -0.2689 0.7599 -0.5918
vn -0.1884 0.7727 -0.6062
vn -0.4814 0.7358 -0.4763
vn -0.3681 0.7731 -0.5166
vn -0.4135 0.7747 -0.4784
vn -0.3450 0.8711 -0.3496
vn -0.1554 0.9528 -0.2610
vn -0.1169 0.9688 -0.2187
vn -0.0602 0.8118 -0.5808
vn -0.0754 0.9972 -0.0000
vn 0.0080 0.7281 -0.6855
vn 0.0312 0.7123 -0.7012
vn 0.0603 0.7160 -0.6955
vn 0.0606 0.7132 -0.6984
vn -0.0414 0.9796 -0.1966
vn 0.0789 0.8788 -0.4706
vn 0.1771 0.9716 -0.1570
vn 0.0738 0.9823 -0.1723
vn -0.0077 0.8887 -0.4584
vn 0.0168 0.8689 -0.4946
vn 0.0184 0.9272 -0.3741
vn -0.0008 0.9617 -0.2739
vn -0.1986 0.0143 -0.9800
vn 0.0258 0.3128 -0.9495
vn -0.1086 0.5036 -0.8571
vn -0.1918 0.4089 -0.8922
vn -0.1408 0.3059 -0.9416
vn 0.0156 0.2255 -0.9741
vn -0.2846 0.3937 -0.8741
vn -0.0359 0.2750 -0.9608
vn 0.1462 0.2024 -0.9683
vn 0.1386 0.2382 -0.9613
vn -0.0933 0.3209 -0.9425
vn 0.1625 0.3054 -0.9383
vn 0.5683 -0.7200 -0.3982
vn 0.4883 -0.8710 0.0536
vn 0.3661 -0.8488 -0.3814
vn 0.8129 0.0515 0.5801
vn 0.9382 -0.2136 0.2724
vn 0.9868 0.0333 -0.1582
vn 0.9989 -0.0195 -0.0431
vn 0.9973 0.0489 0.0552
vn 0.9351 -0.2281 0.2712
vn 0.7699 0.5732 -0.2807
vn 0.6563 0.6187 -0.4319
vn 0.8248 0.4171 -0.3818
vn 0.9049 0.4016 -0.1407
vn -0.0584 -0.8581 -0.5101
vn 0.0477 -0.7397 -0.6712
vn 0.3350 -0.6293 -0.7013
vn 0.1047 -0.5847 -0.8045
vn 0.3362 -0.5321 -0.7771
vn -0.9993 -0.0328 0.0164
vn -0.4082 -0.8793 0.2454
vn -0.3664 -0.9266 -0.0842
vn 0.1283 -0.9749 -0.1821
vn 0.2979 -0.9050 0.3039
vn 0.2820 -0.9201 0.2717
vn 0.2936 -0.9206 0.2577
vn 0.2963 -0.7360 0.6087
vn 0.2648 -0.7930 0.5486
vn -0.3662 -0.9304 -0.0134
vn -0.4903 0.1016 -0.8656
vn -0.2963 0.0478 -0.9539
vn 0.4114 0.0308 -0.9109
vn 0.5351 0.1422 -0.8328
vn 0.5446 -0.2052 -0.8132
vn 0.2142 0.2645 -0.9403
vn 0.9982 0.0418 -0.0422
vn 0.8523 0.4143 -0.3193
vn 0.9816 0.1897 0.0233
vn 0.1885 0.9366 -0.2953
vn 0.1281 0.9141 -0.3848
vn 0.2506 0.9286 -0.2739
vn 0.4023 0.6264 -0.6676
vn -0.9826 -0.1288 -0.1338
vn 0.5336 0.6833 -0.4984
vn -0.5778 0.7635 0.2885
vn -0.5987 0.5073 0.6198
vn -0.3792 0.6904 0.6161
vn -0.7869 0.5893 -0.1832
vn -0.4227 0.8914 -0.1634
vn -0.5364 0.8110 -0.2335
vn -0.8996 0.3409 0.2728
vn -0.8331 0.2717 0.4819
vn -0.7784 0.6035 0.1729
vn -0.3835 0.9232 -0.0246
vn -0.1798 0.9766 0.1177
vn -0.3349 0.9400 -0.0652
vn -0.5265 0.4077 -0.7460
vn -0.3396 0.6195 -0.7077
vn 0.3192 -0.8513 0.4164
vn 0.5331 -0.6032 0.5933
vn 0.2207 -0.8713 0.4384
vn 0.6525 0.0166 0.7576
vn -0.4884 0.6730 -0.5554
vn -0.4889 0.5034 -0.7125
vn -0.5554 0.5040 -0.6614
vn -0.5012 0.7607 -0.4124
vn 0.1746 0.9265 0.3333
vn 0.1543 0.9281 0.3389
vn 0.1196 0.9406 0.3176
vn -0.2197 0.9413 0.2561
vn 0.3103 0.9480 -0.0709
vn -0.0430 0.7164 -0.6964
vn -0.0689 0.7285 -0.6816
vn -0.1287 0.7412 -0.6589
vn -0.2012 0.7493 -0.6309
vn -0.2562 0.7523 -0.6070
vn -0.4655 0.6352 -0.6163
vn -0.2565 0.6138 -0.7467
vn -0.0248 0.6131 -0.7896
vn -0.0224 0.3450 -0.9384
vn 0.0366 0.5242 -0.8508
vn -0.0356 0.2975 -0.9540
vn -0.1133 0.5211 -0.8459
vn -0.0097 0.1246 -0.9922
vn -0.0364 0.1740 -0.9841
vn -0.0518 0.2853 -0.9570
vn -0.0569 0.4117 -0.9095
vn -0.0525 0.1933 -0.9797
vn 0.1413 -0.3542 -0.9244
vn 0.5387 -0.7773 0.3250
vn -0.6931 -0.6633 0.2821
vn 0.7180 0.3763 0.5855
vn 0.7307 0.5432 0.4137
vn -0.5106 0.4644 -0.7236
vn -0.2496 0.8558 -0.4531
vn 0.0892 0.9898 -0.1113
vn -0.1323 0.9912 0.0030
vn -0.5078 0.8326 -0.2209
vn -0.1774 0.9834 -0.0376
vn -0.4074 0.8147 0.4126
vn -0.9469 0.3213 0.0110
vn -0.6990 0.5401 0.4687
vn -0.7870 0.5925 0.1719
vn -0.4325 0.6992 -0.5693
vn -0.6250 0.7661 -0.1499
vn -0.4458 0.8504 -0.2793
vn -0.3050 0.4564 -0.8359
vn -0.3048 0.6464 -0.6995
vn -0.0592 0.6368 -0.7688
vn -0.5598 0.4585 -0.6902
vn -0.5680 0.5025 -0.6518
vn 0.1889 0.2373 -0.9529
vn -0.1134 -0.1409 -0.9835
vn -0.9595 0.1429 -0.2429
vn -0.3722 0.8068 -0.4589
vn -0.3522 0.0973 -0.9308
vn -0.6487 -0.3749 -0.6623
vn -0.5655 -0.5938 -0.5724
vn -0.7575 -0.3255 -0.5658
vn -0.3066 -0.4287 -0.8498
vn -0.6222 -0.3196 -0.7146
vn -0.2562 -0.4850 -0.8361
vn -0.6334 -0.1080 -0.7662
vn -0.6030 -0.0281 -0.7973
vn -0.4308 -0.6054 -0.6693
vn 0.9669 -0.2392 0.0884
vn 0.9930 -0.1050 0.0544
vn 0.9975 -0.0222 -0.0677
vn 0.9677 -0.0523 -0.2465
vn 0.9736 0.2084 -0.0935
vn 0.9592 0.2773 -0.0555
vn -0.5702 0.1426 -0.8090
vn -0.5520 0.1437 -0.8214
vn -0.5087 0.2952 -0.8087
vn -0.4041 0.4046 -0.8203
vn -0.3547 0.4805 -0.8021
vn -0.3506 0.3416 -0.8720
vn -0.3937 0.5110 -0.7641
vn -0.3462 0.2571 -0.9023
vn -0.3819 0.2741 -0.8826
vn -0.5109 0.2925 -0.8083
vn -0.5607 0.2571 -0.7871
vn -0.4447 0.8368 -0.3193
vn 0.9334 0.3569 -0.0377
vn 0.9700 0.2286 0.0827
vn 0.8926 0.4449 -0.0730
vn 0.9377 0.3285 -0.1128
vn 0.9093 0.3924 -0.1386
vn 0.9832 0.1826 -0.0000
vn -0.0108 0.8047 -0.5936
vn -0.1375 0.7832 -0.6064
vn 0.0678 0.6838 -0.7265
vn 0.3357 0.6999 -0.6305
vn 0.1425 0.9880 0.0602
vn -0.1094 0.9779 0.1782
vn 0.2979 0.9378 0.1784
vn 0.9690 0.2464 0.0197
vn -0.3128 -0.5551 -0.7708
vn -0.2423 0.2057 -0.9481
vn -0.1516 0.2062 -0.9667
vn -0.8163 -0.2183 -0.5347
vn 0.2890 0.0211 -0.9571
vn 0.3092 -0.3882 -0.8682
vn 0.9233 0.2631 0.2797
vn -0.3103 0.2483 -0.9176
vn -0.4370 0.2340 -0.8685
vn -0.5709 0.1044 -0.8143
vn -0.6500 0.1116 -0.7517
vn -0.5428 0.2501 -0.8018
vn -0.5426 0.0973 -0.8344
vn -0.4998 0.1767 -0.8479
vn -0.5047 0.0608 -0.8612
vn -0.5993 0.1426 -0.7877
vn -0.4380 0.2676 -0.8582
vn -0.4425 0.5800 -0.6839
vn -0.3186 0.4651 -0.8260
vn -0.1379 0.7757 -0.6158
vn 0.0221 0.9277 -0.3727
vn -0.0215 0.7168 -0.6969
vn 0.0190 0.8975 -0.4406
vn -0.0118 0.8041 -0.5943
vn 0.0103 0.9394 -0.3427
vn 0.0084 0.5338 -0.8456
vn 0.0515 0.9651 -0.2569
vn -0.0618 0.8578 -0.5102
vn -0.0912 0.8834 -0.4596
vn 0.0534 0.7672 -0.6392
vn 0.1807 0.8181 -0.5459
vn 0.3483 0.4761 -0.8075
vn 0.5615 0.4057 -0.7212
vn -0.0895 0.6640 -0.7424
vn -0.2285 0.7555 -0.6140
vn -0.0512 0.6816 -0.7299
vn -0.2606 0.7413 -0.6185
vn -0.0697 0.6639 -0.7446
vn 0.0026 0.7010 -0.7131
vn -0.0062 0.7068 -0.7074
vn -0.2621 0.7583 -0.5969
vn -0.0460 0.6760 -0.7355
vn 0.0379 0.7145 -0.6987
vn -0.0135 0.7160 -0.6980
vn -0.0250 0.6923 -0.7212
vn 0.0783 0.6936 -0.7161
vn -0.0101 0.7147 -0.6993
vn 0.0853 0.6340 -0.7686
vn -0.0232 0.7590 -0.6506
vn 0.0458 0.6865 -0.7257
vn 0.0827 0.5745 -0.8143
vn 0.0493 0.5910 -0.8052
vn 0.0377 0.5973 -0.8011
vn 0.1558 0.4978 -0.8532
vn 0.1086 0.5204 -0.8470
vn 0.0614 0.5937 -0.8023
vn 0.2887 0.4180 -0.8614
vn -0.0444 0.6264 -0.7782
vn -0.1646 0.7419 -0.6500
vn -0.0651 0.6639 -0.7450
vn 0.0147 0.6029 -0.7977
vn 0.0705 0.8281 -0.5561
vn -0.0013 0.5121 -0.8589
vn -0.0001 0.9704 -0.2414
vn 0.0243 0.9681 -0.2493
vn 0.0122 0.9666 -0.2559
vn -0.0207 0.9704 -0.2406
vn 0.1083 0.9459 -0.3058
vn -0.0041 0.9521 -0.3058
vn 0.2912 -0.5951 -0.7490
vn -0.7029 -0.2625 -0.6611
vn -0.9058 -0.2373 -0.3511
vn -0.4651 0.4783 -0.7450
vn -0.3684 0.6469 -0.6676
vn -0.5925 0.6414 -0.4874
vn -0.3187 0.6765 -0.6639
vn -0.5454 0.7178 -0.4327
vn -0.1568 0.9748 0.1585
vn 0.1952 0.4999 0.8438
vn 0.6757 0.7371 0.0142
vn 0.2681 0.8168 -0.5108
vn -0.4658 0.5597 -0.6854
vn 0.2301 0.9262 -0.2987
vn -0.6191 0.1494 -0.7710
vn -0.0379 0.8371 -0.5458
vn -0.1985 0.8854 -0.4203
vn -0.2259 0.8569 -0.4634
vn 0.5702 0.7843 -0.2445
vn 0.3090 -0.8260 -0.4714
vn 0.3624 -0.7306 -0.5786
vn 0.7451 -0.0091 -0.6669
vn 0.4761 -0.2007 -0.8562
vn 0.4703 0.1111 -0.8755
vn -0.2317 -0.8714 -0.4323
vn 0.7508 0.0480 0.6587
vn 0.9611 0.1565 -0.2275
vn 0.9786 0.0733 0.1922
vn 0.9668 -0.1648 -0.1953
vn 0.4527 -0.6565 -0.6034
vn 0.5221 -0.8265 -0.2107
vn 0.4956 -0.1438 -0.8566
vn 0.9821 0.1819 0.0491
vn 0.1400 -0.3862 0.9117
vn 0.1194 -0.4475 0.8863
vn 0.0887 0.1901 0.9778
vn 0.0663 -0.9002 0.4305
vn 0.0365 -0.8225 0.5675
vn -0.3284 -0.7711 0.5455
vn -0.9808 0.0690 -0.1823
vn -0.8090 -0.2911 -0.5107
vn -0.9984 -0.0402 0.0407
vn -0.6823 -0.7266 -0.0801
vn -0.0925 -0.8729 0.4791
vn -0.3222 -0.8681 0.3776
vn -0.0608 -0.4777 0.8764
vn -0.5928 -0.0571 -0.8033
vn -0.5748 0.5976 -0.5590
vn -0.4255 0.7035 -0.5692
vn 0.3829 -0.9197 -0.0866
vn 0.3305 -0.8640 0.3798
vn -0.1482 -0.8162 0.5585
vn 0.1341 -0.4984 0.8565
vn 0.4900 -0.2260 0.8419
vn 0.0103 -0.8521 0.5232
vn 0.6926 -0.7205 -0.0330
vn 0.9738 -0.2207 -0.0552
vn 0.9227 -0.3576 0.1437
vn 0.3187 -0.5973 0.7360
vn 0.4693 0.6359 0.6126
vn 0.3993 0.4135 0.8183
vn 0.3627 0.5754 0.7331
vn 0.3743 0.4901 0.7872
vn 0.4123 0.2525 0.8753
vn 0.1211 0.2373 0.9639
vn -0.4360 0.0592 0.8980
vn -0.6711 0.7016 0.2395
vn -0.5862 0.4022 0.7032
vn -0.3993 0.8091 0.4313
vn -0.2961 0.2208 0.9293
vn 0.4437 0.1799 0.8779
vn -0.2209 0.4016 0.8888
vn 0.1171 0.9298 0.3489
vn -0.0603 0.8085 0.5854
vn 0.4769 0.7289 0.4911
vn 0.6979 0.6729 0.2452
vn 0.6048 0.7943 0.0573
vn 0.7641 -0.0986 0.6375
vn 0.8850 0.2595 0.3866
vn 0.2140 0.1586 0.9639
vn 0.1738 0.7114 0.6809
vn 0.0239 0.4696 0.8826
vn -0.1840 0.8406 -0.5095
vn -0.0607 0.8091 -0.5845
vn -0.1840 0.4727 -0.8618
vn -0.6177 0.6473 -0.4466
vn -0.5301 0.3341 -0.7793
vn -0.6191 0.3660 -0.6948
vn -0.6168 0.7225 -0.3125
vn -0.5178 -0.1560 -0.8412
vn -0.6493 -0.2492 -0.7185
vn -0.6568 -0.0678 -0.7510
vn -0.7441 -0.3120 -0.5908
vn -0.1497 0.0139 -0.9886
vn 0.0471 0.1203 -0.9916
vn -0.0109 -0.2045 -0.9788
vn -0.5562 0.3798 -0.7392
vn -0.4961 -0.3197 -0.8072
vn -0.6633 -0.4153 -0.6226
vn -0.6365 0.4160 -0.6494
vn -0.6961 0.1981 -0.6901
vn -0.5063 0.7178 -0.4780
vn -0.3953 0.8202 -0.4135
vn -0.3605 0.8702 -0.3360
vn -0.2907 0.8863 -0.3605
vn -0.1875 0.9226 -0.3372
vn -0.1802 0.8725 -0.4541
vn -0.1044 0.8246 -0.5560
vn -0.2469 0.6746 -0.6956
vn -0.1895 0.7917 -0.5808
vn -0.3303 0.7353 -0.5918
vn -0.2621 0.6528 -0.7107
vn -0.5807 0.5088 -0.6356
vn -0.7245 0.3934 -0.5661
vn -0.6720 0.2156 -0.7085
vn -0.6286 0.3271 -0.7056
vn -0.5841 0.2944 -0.7564
vn -0.4989 0.5104 -0.7005
vn -0.6049 0.5197 -0.6034
vn -0.1927 0.8955 -0.4011
vn -0.1821 0.7798 -0.5989
vn -0.1640 0.7694 -0.6173
vn 0.1006 0.8377 -0.5368
vn -0.1277 0.6730 -0.7285
vn 0.0757 0.9796 -0.1860
vn -0.1265 0.6612 -0.7395
vn -0.0028 0.9944 -0.1058
vn -0.0348 0.9994 0.0070
vn -0.0299 0.4840 -0.8746
vn -0.0294 0.5042 -0.8631
vn -0.0442 0.4505 -0.8917
vn -0.0432 0.4056 -0.9130
vn 0.0003 0.3499 -0.9368
vn -0.0486 0.3026 -0.9519
vn 0.0652 0.2917 -0.9543
vn -0.1883 0.3358 -0.9229
vn 0.0063 0.1350 -0.9908
vn -0.1799 0.2264 -0.9573
vn -0.3610 0.1984 -0.9112
vn -0.4811 0.6236 -0.6162
vn -0.0557 0.8874 -0.4575
vn -0.0052 0.8831 -0.4692
vn -0.1441 0.8271 -0.5432
vn -0.0659 0.8124 -0.5794
vn -0.1030 0.7525 -0.6505
vn -0.1146 0.7293 -0.6745
vn -0.0883 0.7697 -0.6323
vn -0.0963 0.6826 -0.7244
vn -0.0675 0.7423 -0.6667
vn -0.0633 0.6846 -0.7262
vn -0.1016 0.6878 -0.7187
vn -0.1232 0.6736 -0.7288
vn -0.0679 0.6253 -0.7774
vn -0.0759 0.5937 -0.8011
vn -0.1259 0.6708 -0.7309
vn -0.0910 0.7541 -0.6505
vn -0.1445 0.5657 -0.8118
vn -0.0607 0.5820 -0.8109
vn -0.0272 0.2691 -0.9627
vn -0.1052 0.4202 -0.9013
vn -0.0498 0.6351 -0.7708
vn -0.1685 0.7274 -0.6652
vn -0.1059 0.7355 -0.6692
vn -0.1097 0.6393 -0.7611
vn 0.0112 0.7882 -0.6153
vn -0.0305 0.8543 -0.5189
vn -0.0747 0.9268 -0.3680
vn 0.1458 0.8526 -0.5018
vn -0.0342 0.9518 -0.3049
vn -0.0590 0.9979 0.0262
vn -0.0693 0.2797 -0.9576
vn 0.0349 0.1043 -0.9939
vn -0.1842 -0.0331 -0.9823
vn 0.1820 0.9805 -0.0740
vn 0.0541 0.9963 0.0673
vn -0.2481 0.9400 0.2340
vn -0.1203 0.8996 0.4199
vn -0.0061 0.8053 0.5929
vn 0.2537 0.8735 0.4154
vn -0.0816 0.6725 0.7356
vn -0.2078 0.7509 0.6269
vn 0.2263 0.3812 0.8964
vn 0.0135 0.9588 0.2836
vn 0.0303 0.9656 0.2582
vn -0.0151 0.9752 0.2207
vn 0.0487 0.7407 0.6700
vn 0.6580 -0.0236 -0.7526
vn 0.3850 0.0140 -0.9228
vn 0.1139 0.1076 0.9876
vn 0.9874 -0.0595 -0.1469
vn 0.9890 0.1195 0.0867
vn 0.9493 -0.2982 -0.0998
vn 0.9536 -0.1758 0.2443
vn 0.1469 -0.2280 -0.9625
vn -0.0095 0.9740 0.2264
vn 0.0317 0.9612 0.2741
vn 0.0319 0.5102 0.8595
vn -0.1076 0.6237 0.7742
vn -0.0126 0.7104 0.7036
vn 0.2877 0.1551 0.9451
vn 0.1511 0.8988 0.4114
vn 0.2507 0.8382 0.4843
vn 0.3019 0.7904 0.5330
vn -0.0703 0.9680 0.2411
vn 0.0148 0.4559 0.8899
vn 0.8607 0.4727 -0.1889
vn 0.8367 0.4514 -0.3102
vn 0.7787 -0.6251 -0.0538
vn 0.8374 -0.3359 0.4312
vn 0.7363 -0.6072 0.2986
vn 0.8109 0.5833 -0.0474
vn 0.7573 0.5792 0.3017
vn 0.8328 0.4535 0.3174
vn 0.5811 0.6624 -0.4728
vn 0.7951 0.5887 0.1457
vn 0.4986 0.8545 -0.1455
vn 0.6032 0.7194 -0.3444
vn 0.3544 0.7778 -0.5191
vn 0.3902 0.6560 -0.6461
vn 0.5809 0.5929 -0.5578
vn 0.2903 0.7651 -0.5747
vn 0.2303 0.7417 -0.6300
vn 0.0842 0.7973 -0.5977
vn -0.0110 0.7875 -0.6162
vn -0.0644 0.7789 -0.6239
vn -0.1584 0.7432 -0.6501
vn -0.0029 0.6594 -0.7518
vn 0.0024 0.9304 -0.3665
vn 0.0006 0.6435 -0.7655
vn -0.0297 0.8592 -0.5108
vn -0.0356 0.6338 -0.7727
vn -0.0101 0.6262 -0.7796
vn 0.0031 0.9079 -0.4191
vn 0.0024 0.6530 -0.7574
vn -0.1046 0.9228 -0.3709
vn 0.0055 0.6364 -0.7713
vn 0.0018 0.6220 -0.7830
vn 0.0057 0.6213 -0.7835
vn 0.0061 0.9057 -0.4238
vn 0.0113 0.6374 -0.7704
vn 0.0213 0.6585 -0.7523
vn 0.0119 0.9004 -0.4348
vn 0.0119 0.6205 -0.7842
vn 0.0188 0.6232 -0.7818
vn 0.0365 0.6805 -0.7318
vn -0.0590 0.9308 -0.3606
vn -0.0300 0.9152 -0.4019
vn 0.0335 0.6546 -0.7552
vn -0.0055 0.6219 -0.7831
vn 0.2694 0.5897 -0.7613
vn 0.2283 0.5686 -0.7903
vn -0.0428 0.4499 -0.8921
vn -0.0126 0.5157 -0.8567
vn 0.0013 0.5410 -0.8410
vn 0.1649 0.5884 -0.7916
vn 0.0095 0.5234 -0.8520
vn 0.0208 0.4915 -0.8706
vn 0.1490 0.6576 -0.7385
vn 0.0989 0.8638 -0.4940
vn 0.0650 0.6424 -0.7636
vn 0.1281 0.6255 -0.7696
vn 0.2809 0.5284 -0.8012
vn 0.1958 0.5184 -0.8324
vn 0.1468 0.5855 -0.7973
vn 0.1795 0.6335 -0.7526
vn 0.1063 0.4240 -0.8994
vn 0.3176 0.7318 -0.6030
vn 0.0720 0.7198 -0.6905
vn -0.0278 0.7642 -0.6443
vn 0.2145 0.7306 -0.6483
vn 0.1142 0.7224 -0.6820
vn 0.0162 0.7445 -0.6675
vn -0.4278 0.6455 -0.6327
vn -0.7587 -0.0528 -0.6493
vn -0.8937 -0.1338 -0.4283
vn -0.6453 0.1137 -0.7554
vn -0.5190 0.6810 -0.5167
vn -0.0729 0.9051 -0.4188
vn -0.0575 0.8738 -0.4828
vn -0.1809 0.8291 -0.5290
vn -0.6134 0.4191 -0.6694
vn -0.6074 0.2934 -0.7382
vn -0.4965 0.3824 -0.7793
vn -0.1857 0.4961 -0.8482
vn -0.1550 0.6195 -0.7695
vn -0.1256 0.7355 -0.6658
vn -0.1882 0.7108 -0.6777
vn -0.0912 0.7715 -0.6297
vn -0.0261 0.7781 -0.6276
vn -0.0101 0.7943 -0.6074
vn 0.0313 0.7632 -0.6454
vn -0.6928 0.0187 -0.7209
vn -0.6564 0.0094 -0.7543
vn 0.3035 0.7991 -0.5189
vn 0.3571 0.8429 -0.4024
vn 0.6077 0.7193 -0.3366
vn -0.1023 0.9089 -0.4042
vn -0.0931 0.7669 -0.6350
vn -0.6068 0.6463 -0.4628
vn 0.0647 0.4538 -0.8887
vn 0.7796 0.2219 -0.5856
vn 0.7127 0.3390 -0.6141
vn 0.6934 0.1890 -0.6953
vn 0.1236 0.2288 -0.9656
vn 0.0316 0.1621 -0.9863
vn -0.0067 0.3659 -0.9306
vn 0.5652 0.1949 -0.8016
vn 0.2746 0.4247 -0.8627
vn -0.2184 0.5535 -0.8037
vn -0.4384 0.5887 -0.6791
vn -0.4823 0.6240 -0.6148
vn 0.7555 0.0680 -0.6516
vn 0.9438 0.2068 -0.2579
vn 0.9373 0.3483 -0.0127
vn 0.9922 0.1240 0.0100
vn 0.0655 0.8418 -0.5358
vn 0.4327 0.8752 -0.2165
vn -0.0070 0.9921 0.1250
vn -0.1773 0.6595 -0.7305
vn 0.1363 0.8413 -0.5232
vn 0.2375 0.8099 -0.5364
vn 0.4518 0.4882 -0.7467
vn 0.1489 0.8229 -0.5484
vn 0.0700 0.8260 -0.5594
vn 0.0127 0.8235 -0.5671
vn -0.0167 0.8180 -0.5750
vn -0.0350 0.8101 -0.5852
vn -0.0370 0.8044 -0.5929
vn -0.5310 0.7381 -0.4163
vn -0.3101 0.9444 -0.1096
vn -0.4836 0.8728 0.0658
vn 0.3317 0.9072 0.2586
vn 0.1704 0.9422 0.2885
vn 0.2121 0.9772 -0.0000
vn -0.0511 0.9977 0.0456
vn -0.6618 0.6904 0.2922
vn 0.2409 0.8983 0.3674
vn 0.1469 0.8867 0.4384
vn 0.1247 0.9810 0.1489
vn 0.2740 0.9014 0.3353
vn 0.2934 0.9030 0.3138
vn -0.4715 0.6960 -0.5416
vn -0.3626 0.7151 -0.5976
vn 0.6717 0.0256 -0.7404
vn -0.2323 0.6063 -0.7605
vn 0.1272 0.3274 -0.9363
vn 0.2352 0.1623 -0.9583
vn 0.3091 0.2017 -0.9294
vn 0.4188 0.4500 -0.7887
vn 0.3431 0.6262 -0.7001
vn 0.1609 0.7560 -0.6345
vn 0.0599 0.7964 -0.6019
vn 0.0834 0.9915 -0.0994
vn -0.0232 0.9883 0.1504
vn 0.1554 0.9513 -0.2663
vn 0.2476 0.8785 -0.4086
vn 0.1512 0.9448 -0.2906
vn 0.2415 0.9503 -0.1965
vn 0.3141 0.9481 -0.0498
vn 0.0999 0.9710 0.2170
vn 0.3417 0.9379 0.0598
vn 0.3955 0.9023 0.1715
vn 0.2317 0.9611 0.1502
vn 0.2768 0.9603 -0.0360
vn -0.0025 0.7799 -0.6259
vn -0.0601 0.7639 -0.6425
vn -0.1451 0.7208 -0.6778
vn -0.0857 0.7759 -0.6250
vn -0.0341 0.7923 -0.6091
vn -0.2663 0.7582 -0.5952
vn 0.0876 0.9255 -0.3684
vn 0.1897 0.9623 -0.1950
vn -0.0481 0.9905 0.1292
vn 0.1405 0.9896 0.0301
vn -0.0130 0.9844 0.1755
vn 0.0561 0.9873 0.1486
vn 0.1001 0.9930 0.0627
vn -0.0224 0.9856 0.1678
vn -0.0927 0.9943 0.0530
vn -0.0677 0.9696 0.2351
vn -0.1595 0.9866 0.0345
vn -0.0752 0.9901 -0.1184
vn 0.0078 0.8916 -0.4527
vn 0.0065 0.7937 -0.6083
vn -0.0082 0.7169 -0.6971
vn -0.1016 0.8965 -0.4313
vn -0.0591 0.9780 -0.2003
vn -0.0811 0.9902 -0.1138
vn -0.0128 0.9828 -0.1841
vn -0.0214 0.9978 -0.0623
vn 0.1040 0.9648 -0.2417
vn -0.0157 0.9995 -0.0288
vn -0.0295 0.9903 -0.1361
vn 0.0917 0.9669 -0.2381
vn 0.0019 0.9956 -0.0941
vn 0.1673 0.9287 -0.3309
vn -0.0260 0.9867 -0.1603
vn -0.0717 0.9962 -0.0487
vn -0.0193 0.9773 -0.2109
vn 0.0595 0.9533 -0.2960
vn 0.2276 0.8950 -0.3836
vn 0.2332 0.9026 -0.3619
vn -0.3680 0.4549 -0.8109
vn -0.1682 0.4372 -0.8835
vn -0.2961 0.4265 -0.8546
vn -0.4714 0.4767 -0.7420
vn -0.2256 -0.1338 -0.9650
vn -0.2000 -0.1356 -0.9704
vn -0.3417 -0.1472 -0.9282
vn -0.3391 -0.1473 -0.9291
vn 0.0139 0.6819 -0.7313
vn 0.0034 0.6915 -0.7223
vn -0.6640 -0.0204 -0.7474
vn 0.6608 0.7435 0.1032
vn 0.4277 0.6634 0.6140
vn 0.7717 0.2271 0.5941
vn 0.6743 0.7002 0.2345
vn 0.3318 0.4442 0.8322
vn 0.9910 0.0354 0.1294
vn 0.8893 0.2545 0.3801
vn 0.6081 0.7309 0.3099
vn -0.1758 0.8795 -0.4423
vn 0.9577 -0.2142 0.1920
vn 0.7215 0.4949 0.4842
vn 0.7025 0.2874 0.6511
vn 0.5102 -0.0379 0.8592
vn 0.6885 -0.0584 0.7228
vn 0.7470 -0.0322 0.6641
vn -0.1883 0.2033 0.9608
vn 0.1451 0.2204 0.9646
vn -0.0087 0.5480 0.8364
vn -0.3937 0.5980 -0.6981
vn -0.1857 0.9117 -0.3665
vn -0.4047 0.8351 -0.3726
vn 0.3410 0.7525 0.5634
vn -0.1054 0.9926 -0.0602
vn -0.0101 0.7085 0.7056
vn 0.7183 0.6337 0.2871
vn -0.5228 0.8524 0.0066
vn -0.8831 -0.2242 -0.4120
vn -0.6572 -0.2810 0.6994
vn 0.3120 0.6930 -0.6499
vn 0.1744 0.9715 0.1604
vn 0.1778 0.6989 0.6927
vn -0.1899 0.9783 0.0833
vn 0.1804 0.2813 -0.9425
vn -0.5517 -0.4922 -0.6734
vn -0.2589 -0.8350 -0.4856
vn 0.0077 0.6855 0.7280
vn -0.7208 -0.4274 -0.5457
vn -0.4584 -0.7509 -0.4754
vn -0.1069 -0.4703 -0.8760
vn -0.2232 -0.4468 -0.8664
vn -0.1756 -0.2482 -0.9527
vn -0.1790 0.8116 0.5561
vn -0.6718 -0.1373 -0.7279
vn 0.0779 -0.3288 -0.9412
vn -0.1366 -0.7150 -0.6856
vn -0.4156 -0.0016 -0.9095
vn -0.5242 -0.0478 -0.8502
vn 0.8941 0.2225 -0.3887
vn -0.3905 0.6367 -0.6649
vn -0.7546 0.2246 -0.6166
vn -0.5720 0.6191 -0.5381
vn -0.6555 0.0968 -0.7490
vn -0.5727 -0.2506 -0.7805
vn -0.3926 0.3738 -0.8403
vn -0.4557 0.2504 -0.8542
vn -0.4332 0.2544 -0.8646
vn -0.4480 0.8935 0.0312
vn 0.9631 0.1984 -0.1818
vn 0.9588 0.2480 -0.1384
vn -0.5116 0.8439 -0.1616
vn -0.6958 0.7063 0.1303
vn 0.3440 0.9253 -0.1595
vn 0.1936 0.9621 0.1918
vn 0.4745 0.8753 0.0930
vn 0.1937 0.9540 -0.2287
vn 0.1614 0.7204 -0.6745
vn -0.4854 0.3053 -0.8192
vn -0.4520 0.2149 -0.8658
vn -0.5221 0.0516 -0.8513
vn -0.4470 0.2609 -0.8556
vn -0.3809 0.5818 -0.7186
vn 0.0692 0.5875 -0.8063
vn 0.0126 0.5611 -0.8277
vn 0.1455 0.5674 -0.8105
vn 0.1015 0.6158 -0.7813
vn 0.0504 0.4844 -0.8734
vn 0.0505 0.4315 -0.9007
vn 0.1907 0.3795 -0.9053
vn 0.2298 0.7291 -0.6447
vn 0.2059 0.3560 -0.9115
vn 0.1254 0.7016 -0.7014
vn 0.0866 0.2877 -0.9538
vn 0.1200 0.3501 -0.9290
vn 0.0075 0.3269 -0.9450
vn 0.0016 0.5255 -0.8508
vn 0.0586 0.5022 -0.8627
vn 0.0961 0.6608 -0.7444
vn -0.1887 0.6143 -0.7661
vn 0.0697 0.5002 -0.8631
vn 0.0188 0.4346 -0.9004
vn -0.0184 0.3879 -0.9215
vn 0.0418 0.7516 -0.6583
vn 0.3267 0.4108 -0.8512
vn 0.3573 0.2595 -0.8972
vn 0.0805 0.2141 -0.9735
vn 0.1994 0.0826 -0.9764
vn -0.0522 0.2463 -0.9678
vn 0.0409 0.1876 -0.9814
vn 0.2383 -0.0615 -0.9692
vn 0.2266 -0.1858 -0.9561
vn -0.1351 -0.6143 -0.7774
vn 0.0335 -0.8163 -0.5767
vn -0.0383 -0.8197 -0.5716
vn -0.0628 0.4046 -0.9123
vn -0.0441 0.4675 -0.8829
vn 0.0328 0.5065 -0.8616
vn 0.0828 0.6668 -0.7406
vn -0.2574 0.5744 -0.7771
vn 0.0885 0.4842 -0.8705
vn 0.1216 0.5818 -0.8042
vn 0.1543 0.4435 -0.8829
vn 0.0187 0.6290 -0.7772
vn -0.0197 0.8073 -0.5899
vn 0.8136 -0.2795 -0.5098
vn 0.7384 -0.5681 -0.3633
vn 0.6928 -0.5808 -0.4274
vn -0.2423 0.9345 -0.2609
vn 0.1036 0.9568 -0.2716
vn 0.2151 0.9508 -0.2228
vn -0.0244 0.9426 -0.3330
vn -0.0585 0.8412 -0.5375
vn -0.4007 0.6756 -0.6189
vn -0.1515 0.8862 -0.4379
vn -0.4107 0.6438 -0.6457
vn -0.2036 0.7938 -0.5731
vn 0.0117 0.9720 -0.2347
vn -0.2213 0.9220 -0.3177
vn 0.0544 0.9800 -0.1914
vn -0.1866 0.9226 -0.3376
vn 0.0202 0.9739 -0.2260
vn -0.0224 0.9976 0.0652
vn -0.0063 0.9932 0.1166
vn 0.0809 0.9783 -0.1909
vn 0.0030 0.9915 0.1298
vn -0.1540 0.9861 0.0617
vn -0.0564 0.9825 -0.1776
vn 0.0142 0.9901 0.1396
vn -0.0182 0.9877 -0.1552
vn 0.0229 0.9915 0.1277
vn 0.0647 0.9638 -0.2587
vn -0.1468 0.9435 -0.2971
vn 0.0549 0.9323 -0.3575
vn 0.1025 0.9416 -0.3209
vn 0.2550 0.9014 -0.3500
vn 0.1311 0.9177 -0.3750
vn 0.1211 0.7918 -0.5987
vn 0.0377 0.7846 -0.6188
vn -0.0000 0.7181 -0.6959
vn 0.1055 0.6815 -0.7241
vn 0.0593 0.6654 -0.7442
vn -0.0048 0.6278 -0.7783
s 1
f 12//1 1//2 11//3
f 2//4 1//2 12//1
f 11//5 3//6 13//7
f 1//8 3//6 11//5
f 14//9 13//7 21//10
f 13//7 4//11 21//10
f 13//7 3//6 4//11
f 16//12 5//13 15//14
f 6//15 5//13 16//12
f 5//13 2//16 12//1
f 12//1 15//14 5//13
f 17//17 6//15 16//12
f 7//18 6//15 17//17
f 21//19 4//20 8//21
f 14//9 21//10 18//22
f 19//23 8//21 9//24
f 19//23 21//19 8//21
f 19//23 18//25 21//19
f 19//26 10//27 20//28
f 9//29 10//27 19//26
f 17//30 22//31 7//32
f 25//33 37//34 24//35
f 27//36 38//37 26//38
f 29//39 39//40 28//41
f 27//36 28//41 38//37
f 28//41 39//40 38//37
f 39//40 11//3 38//37
f 39//40 12//1 11//3
f 26//42 38//43 30//44
f 31//45 11//5 13//7
f 31//45 30//44 11//5
f 30//44 38//43 11//5
f 31//45 14//9 32//46
f 13//7 14//9 31//45
f 29//39 33//47 39//40
f 33//47 16//12 39//40
f 16//12 15//14 39//40
f 15//14 12//1 39//40
f 33//47 24//35 16//12
f 24//35 37//34 16//12
f 37//34 17//17 16//12
f 32//46 18//22 34//48
f 14//9 18//22 32//46
f 18//22 19//49 35//50
f 35//50 34//48 18//22
f 19//26 20//28 36//51
f 36//51 35//52 19//26
f 41//53 53//54 40//55
f 41//53 42//56 53//54
f 42//56 25//33 53//54
f 25//33 24//35 53//54
f 44//57 26//38 43//58
f 27//36 26//38 44//57
f 46//59 28//41 45//60
f 29//39 28//41 46//59
f 28//41 27//36 44//57
f 44//57 45//60 28//41
f 43//61 30//62 47//63
f 26//42 30//44 43//64
f 30//44 31//45 48//65
f 48//65 47//66 30//44
f 31//45 32//46 49//67
f 49//67 48//65 31//45
f 46//59 53//54 29//39
f 53//54 33//47 29//39
f 46//59 40//55 53//54
f 24//35 33//47 53//54
f 32//46 34//48 50//68
f 50//68 49//67 32//46
f 34//69 35//52 51//70
f 51//70 50//71 34//69
f 35//52 36//51 52//72
f 52//72 51//70 35//52
f 54//73 25//74 42//75
f 37//76 25//74 54//73
f 54//73 22//31 37//76
f 22//31 17//30 37//76
f 54//77 55//78 22//79
f 56//80 22//81 55//78
f 23//82 22//81 56//80
f 56//83 36//84 23//85
f 36//84 20//86 23//85
f 56//83 52//72 36//84
f 58//87 71//88 57//89
f 60//90 72//91 59//92
f 58//87 40//55 71//88
f 58//87 41//53 40//55
f 58//87 59//92 41//53
f 59//92 72//91 41//53
f 73//93 72//91 60//90
f 60//90 61//94 73//93
f 41//53 72//91 73//93
f 73//93 42//56 41//53
f 63//95 74//96 62//97
f 64//98 44//57 43//58
f 64//98 74//96 44//57
f 64//99 62//97 74//96
f 63//95 45//60 74//96
f 63//95 46//59 45//60
f 63//95 57//89 46//59
f 57//89 71//88 46//59
f 45//60 44//57 74//96
f 64//100 47//63 65//101
f 43//61 47//63 64//100
f 47//66 48//65 66//102
f 66//103 65//101 47//63
f 48//65 49//67 67//104
f 67//104 66//102 48//65
f 40//55 46//59 71//88
f 67//104 50//68 68//105
f 49//67 50//68 67//104
f 50//71 51//70 69//106
f 69//106 68//107 50//71
f 69//106 52//72 70//108
f 51//70 52//72 69//106
f 76//109 95//110 75//111
f 95//110 96//112 77//113
f 77//113 75//111 95//110
f 96//112 97//114 78//115
f 78//115 77//113 96//112
f 80//116 98//117 79//118
f 82//119 99//120 81//121
f 80//116 81//121 98//117
f 81//121 99//120 98//117
f 99//120 57//89 98//117
f 99//120 58//87 57//89
f 82//119 100//122 99//120
f 100//122 59//92 99//120
f 100//122 60//90 59//92
f 82//119 83//123 100//122
f 59//92 58//87 99//120
f 84//124 85//125 100//122
f 85//126 61//94 100//122
f 61//94 60//90 100//122
f 86//127 63//128 62//129
f 86//130 98//131 63//132
f 86//130 79//133 98//131
f 76//109 86//134 95//110
f 86//134 64//135 95//110
f 86//136 62//137 64//138
f 57//89 63//95 98//117
f 65//139 96//140 64//141
f 96//112 95//110 64//135
f 65//142 101//143 96//144
f 97//114 96//112 101//145
f 101//145 102//146 97//114
f 101//147 65//101 66//103
f 102//148 66//102 67//104
f 101//149 66//102 102//148
f 87//150 102//146 88//151
f 97//114 102//146 87//150
f 89//152 102//146 103//153
f 102//154 68//105 103//155
f 102//154 67//104 68//105
f 89//152 88//151 102//146
f 89//152 103//153 90//156
f 104//157 68//107 69//106
f 103//158 68//107 104//157
f 90//159 104//157 91//160
f 103//153 104//161 90//156
f 93//162 92//163 70//108
f 92//163 69//106 70//108
f 92//163 104//157 69//106
f 91//160 104//157 92//163
f 100//122 83//123 94//164
f 94//164 84//124 100//122
f 85//165 105//166 61//167
f 105//166 73//168 61//167
f 105//166 54//73 73//168
f 54//73 42//75 73//168
f 55//78 54//77 105//166
f 105//166 106//169 55//78
f 107//170 55//78 106//169
f 56//80 55//78 107//170
f 78//115 97//114 87//150
f 107//170 70//108 56//83
f 70//108 52//72 56//83
f 107//170 93//162 70//108
f 109//171 130//172 108//173
f 110//174 132//175 131//176
f 110//174 130//172 132//175
f 110//174 108//173 130//172
f 111//177 130//172 109//171
f 133//178 130//172 111//177
f 133//178 132//175 130//172
f 133//178 75//111 132//175
f 133//178 76//109 75//111
f 134//179 131//176 132//175
f 132//175 135//180 134//179
f 137//181 134//179 135//180
f 136//182 134//179 137//181
f 132//175 75//111 77//113
f 77//113 135//180 132//175
f 137//181 77//113 78//115
f 135//180 77//113 137//181
f 113//183 138//184 112//185
f 138//184 139//186 114//187
f 114//187 112//188 138//184
f 80//189 79//190 140//191
f 115//192 114//193 81//194
f 114//187 82//119 81//121
f 114//187 139//186 82//119
f 116//195 115//196 140//197
f 115//196 80//116 140//197
f 115//196 81//121 80//116
f 117//198 138//184 113//183
f 141//199 138//184 117//198
f 141//199 94//164 138//184
f 94//164 83//123 138//184
f 83//123 139//186 138//184
f 118//200 141//199 117//198
f 118//200 119//201 141//199
f 119//201 94//202 141//199
f 119//201 142//203 94//202
f 142//203 84//204 94//202
f 83//123 82//119 139//186
f 85//205 84//204 142//203
f 111//177 140//206 133//178
f 140//206 86//134 133//178
f 140//207 79//208 86//209
f 111//210 120//211 140//212
f 86//134 76//109 133//178
f 116//195 140//197 120//213
f 121//214 143//215 122//216
f 144//217 87//150 88//151
f 88//151 145//218 144//217
f 124//219 123//220 146//221
f 123//220 144//217 146//221
f 144//217 145//218 146//221
f 145//218 88//151 89//152
f 126//222 125//223 90//159
f 125//224 146//225 90//226
f 146//221 89//152 90//156
f 146//221 145//218 89//152
f 124//219 146//221 127//227
f 127//228 146//229 125//230
f 90//159 91//160 128//231
f 128//231 126//222 90//159
f 121//214 129//232 143//215
f 129//232 93//162 143//215
f 129//233 92//163 93//162
f 128//231 92//163 129//233
f 91//160 92//163 128//231
f 155//234 182//235 154//236
f 156//237 184//238 183//239
f 156//240 154//241 184//242
f 154//243 182//244 184//245
f 157//246 182//247 155//248
f 184//249 182//247 157//246
f 157//250 158//251 184//252
f 184//238 109//171 183//239
f 109//171 108//173 183//253
f 108//173 185//254 183//253
f 108//173 110//174 185//254
f 158//255 111//177 184//238
f 111//177 109//171 184//238
f 158//256 159//257 111//258
f 161//259 186//260 160//261
f 160//262 186//263 162//264
f 161//259 113//183 186//260
f 113//183 112//185 186//260
f 161//259 163//265 113//183
f 150//266 162//264 114//193
f 162//264 186//263 114//193
f 186//267 112//188 114//187
f 187//268 147//269 148//270
f 148//270 149//271 187//268
f 152//272 151//273 115//192
f 151//273 114//193 115//192
f 151//273 150//266 114//193
f 149//274 153//275 187//276
f 153//275 115//192 187//276
f 115//192 116//277 187//276
f 153//275 152//272 115//192
f 164//278 113//183 163//265
f 117//198 113//183 164//278
f 164//278 118//200 117//198
f 164//278 188//279 118//200
f 164//278 165//280 188//279
f 119//201 118//200 188//279
f 159//281 147//269 111//282
f 147//269 187//268 111//282
f 187//268 120//283 111//282
f 116//277 120//284 187//276
f 166//285 189//286 167//287
f 190//288 189//286 166//285
f 166//285 168//289 190//288
f 168//289 169//290 190//288
f 169//290 121//214 190//288
f 121//214 122//216 190//288
f 191//291 123//220 124//219
f 170//292 126//222 171//293
f 125//223 126//222 170//292
f 173//294 124//295 127//296
f 173//297 191//298 124//299
f 173//300 172//301 191//291
f 127//302 125//223 170//292
f 170//292 173//303 127//302
f 126//222 128//231 174//304
f 174//304 171//293 126//222
f 129//232 121//214 169//290
f 169//305 175//306 129//307
f 128//231 129//233 175//308
f 175//308 174//309 128//231
f 156//310 183//253 192//311
f 193//312 110//174 131//176
f 193//312 185//254 110//174
f 193//312 192//311 185//254
f 192//311 183//253 185//254
f 176//313 134//179 136//182
f 176//313 193//312 134//179
f 193//312 131//176 134//179
f 165//280 194//314 188//279
f 194//314 119//201 188//279
f 194//314 142//203 119//201
f 194//314 85//205 142//203
f 194//314 195//315 85//205
f 195//316 105//166 85//165
f 195//316 106//169 105//166
f 195//317 167//287 106//169
f 167//287 189//286 106//169
f 143//215 107//170 122//216
f 107//170 190//288 122//216
f 107//170 106//169 190//288
f 106//169 189//286 190//288
f 179//318 178//319 196//320
f 178//319 136//182 196//320
f 178//319 177//321 136//182
f 177//321 176//313 136//182
f 179//318 196//320 180//322
f 123//220 196//320 144//217
f 196//320 137//181 144//217
f 137//181 78//115 144//217
f 78//115 87//150 144//217
f 196//320 136//182 137//181
f 123//220 191//291 196//320
f 172//301 181//323 191//291
f 181//323 196//320 191//291
f 181//323 180//322 196//320
f 143//215 93//162 107//170
f 197//324 205//325 198//326
f 200//327 147//269 199//328
f 148//270 147//269 200//327
f 149//271 148//270 200//327
f 200//327 201//329 149//271
f 202//330 198//331 151//332
f 198//326 205//325 151//333
f 205//334 150//335 151//336
f 202//337 152//272 203//338
f 151//273 152//272 202//337
f 203//339 153//275 204//340
f 152//272 153//341 203//338
f 204//340 149//274 201//342
f 153//275 149//274 204//340
f 221//343 197//324 198//326
f 206//344 199//328 222//345
f 206//344 207//346 199//328
f 207//347 200//327 199//328
f 207//347 223//348 200//327
f 223//349 201//329 200//327
f 207//347 208//350 223//348
f 210//351 202//330 224//352
f 210//351 198//331 202//330
f 210//351 221//353 198//331
f 210//351 209//354 221//353
f 202//337 203//338 225//355
f 225//356 224//357 202//358
f 210//351 224//352 211//359
f 211//360 225//356 212//361
f 224//357 225//356 211//360
f 213//362 225//356 204//340
f 225//356 203//339 204//340
f 213//362 214//363 225//356
f 215//364 213//362 223//365
f 213//362 201//342 223//365
f 213//362 204//340 201//342
f 212//361 225//356 214//363
f 229//366 270//367 228//368
f 271//369 155//370 154//371
f 229//366 154//372 270//367
f 154//373 156//310 270//374
f 229//366 271//375 154//372
f 229//376 230//377 271//378
f 157//246 155//248 271//379
f 230//380 157//246 271//379
f 230//381 222//382 157//383
f 222//384 158//256 157//385
f 230//386 206//344 222//345
f 159//257 158//256 222//384
f 226//387 231//388 227//389
f 231//390 160//391 227//392
f 231//393 161//394 160//395
f 232//396 160//397 162//398
f 232//399 227//400 160//401
f 197//402 221//403 205//404
f 233//405 161//394 231//393
f 163//265 161//259 233//406
f 209//354 232//407 221//408
f 232//396 162//398 221//409
f 162//398 205//410 221//409
f 162//411 150//335 205//334
f 234//412 163//265 233//413
f 164//278 163//265 234//412
f 234//412 235//414 164//278
f 235//414 272//415 164//278
f 272//415 165//280 164//278
f 236//416 272//415 235//414
f 237//417 223//418 208//419
f 147//269 159//281 222//420
f 222//345 199//328 147//269
f 238//421 273//422 239//423
f 215//364 223//365 237//424
f 273//422 274//425 240//426
f 240//426 239//423 273//422
f 275//427 273//422 238//421
f 238//421 241//428 275//427
f 242//429 275//427 241//430
f 273//422 275//427 276//431
f 276//431 274//432 273//422
f 242//429 243//433 275//427
f 243//433 277//434 275//427
f 277//434 276//431 275//427
f 274//425 278//435 244//436
f 244//436 240//426 274//425
f 245//437 279//438 246//439
f 245//437 167//287 279//438
f 245//437 166//285 167//287
f 245//437 244//436 166//285
f 244//436 278//435 166//285
f 176//313 177//321 248//440
f 248//440 247//441 176//313
f 249//442 248//440 280//443
f 248//440 178//319 280//443
f 248//440 177//321 178//319
f 280//443 178//319 179//318
f 249//442 280//443 250//444
f 251//445 179//318 180//322
f 251//445 280//443 179//318
f 251//445 250//444 280//443
f 180//322 181//446 252//447
f 252//447 251//445 180//322
f 253//448 181//449 281//450
f 181//323 172//301 281//451
f 253//452 252//453 181//454
f 253//448 281//450 254//455
f 255//456 277//434 243//433
f 170//292 171//293 257//457
f 257//457 256//458 170//292
f 259//459 172//301 173//300
f 259//460 258//461 172//462
f 258//461 281//463 172//462
f 254//464 281//465 258//466
f 259//459 170//292 256//458
f 173//300 170//292 259//459
f 255//456 260//467 277//434
f 260//467 283//468 277//434
f 283//469 282//470 277//434
f 260//471 171//472 283//473
f 171//474 174//475 283//476
f 260//471 257//477 171//472
f 175//478 282//470 283//469
f 169//290 282//470 175//478
f 262//479 284//480 261//481
f 283//482 174//483 175//484
f 261//485 285//486 263//487
f 284//488 285//486 261//485
f 285//486 286//489 216//490
f 216//490 263//487 285//486
f 219//491 218//492 287//493
f 218//492 217//494 287//493
f 217//494 286//489 287//493
f 217//494 216//490 286//489
f 219//491 287//493 220//495
f 264//496 284//497 262//498
f 264//496 265//499 284//497
f 265//499 288//500 284//497
f 288//500 285//501 284//497
f 289//502 285//501 288//500
f 286//503 285//501 289//502
f 266//504 288//500 265//499
f 289//505 288//500 266//504
f 266//504 267//506 289//505
f 269//507 286//503 289//502
f 269//507 287//508 286//503
f 269//507 268//509 287//508
f 220//495 287//493 268//510
f 269//511 289//505 267//506
f 291//512 306//513 290//514
f 291//515 292//516 306//517
f 292//516 206//518 306//517
f 292//519 307//520 206//521
f 307//520 207//347 206//521
f 208//350 207//347 307//520
f 209//354 210//351 294//522
f 294//522 293//523 209//354
f 294//522 211//359 295//524
f 210//351 211//359 294//522
f 211//360 212//361 296//525
f 296//525 295//526 211//360
f 214//363 213//362 308//527
f 297//528 213//362 215//364
f 297//528 298//529 213//362
f 298//529 308//527 213//362
f 299//530 296//525 308//527
f 296//525 214//363 308//527
f 296//525 212//361 214//363
f 299//530 308//527 298//529
f 300//531 310//532 301//533
f 309//534 310//532 300//531
f 301//533 310//532 302//535
f 310//532 216//490 217//494
f 309//534 216//490 310//532
f 303//536 217//494 311//537
f 217//494 218//492 311//537
f 303//536 302//535 217//494
f 302//535 310//532 217//494
f 311//537 218//492 219//491
f 303//536 311//537 304//538
f 305//539 304//538 220//495
f 304//538 311//537 220//495
f 311//537 219//491 220//495
f 291//512 290//514 333//540
f 291//541 333//542 334//543
f 334//543 292//544 291//541
f 335//545 293//523 294//522
f 337//546 336//547 295//526
f 336//547 335//548 295//549
f 335//545 294//522 295//524
f 295//526 296//525 338//550
f 338//550 337//546 295//526
f 298//529 297//528 339//551
f 296//525 299//530 340//552
f 340//552 338//550 296//525
f 341//553 298//529 339//551
f 341//553 340//552 298//529
f 340//552 299//530 298//529
f 312//554 342//555 313//556
f 314//557 313//558 301//533
f 313//556 300//531 301//533
f 313//556 342//555 300//531
f 315//559 314//557 343//560
f 314//557 301//533 343//560
f 301//533 302//535 343//560
f 315//559 343//560 316//561
f 343//560 302//535 303//536
f 317//562 343//560 304//538
f 343//560 303//536 304//538
f 317//562 316//561 343//560
f 318//563 304//538 344//564
f 304//538 305//539 344//564
f 318//563 317//562 304//538
f 318//563 344//564 319//565
f 226//566 227//567 345//568
f 345//569 346//570 226//571
f 345//568 227//567 347//572
f 229//366 228//368 383//573
f 385//574 230//575 384//576
f 230//577 383//573 384//578
f 230//577 229//366 383//573
f 334//579 230//575 385//574
f 334//579 206//580 230//575
f 334//581 333//582 206//583
f 333//582 290//584 206//583
f 290//584 306//585 206//583
f 349//586 384//587 348//588
f 385//589 384//587 349//586
f 349//586 334//543 385//589
f 349//586 350//590 334//543
f 350//590 386//591 334//543
f 351//592 386//591 350//590
f 387//593 386//591 351//592
f 352//594 387//593 351//592
f 346//595 353//596 226//597
f 353//596 231//598 226//597
f 353//599 388//600 231//601
f 353//602 227//603 388//604
f 227//605 232//407 388//606
f 353//607 347//608 227//609
f 354//610 231//601 388//600
f 354//611 233//405 231//393
f 354//611 355//612 233//405
f 356//613 335//548 336//547
f 356//613 354//614 335//548
f 354//615 388//616 335//617
f 388//606 293//523 335//545
f 388//606 232//407 293//523
f 232//407 209//354 293//523
f 355//618 357//619 233//620
f 357//619 234//412 233//620
f 357//619 389//621 234//412
f 358//622 356//613 336//547
f 358//622 357//623 356//624
f 358//622 359//625 357//623
f 359//626 389//621 357//619
f 235//414 234//412 389//621
f 359//627 235//414 389//621
f 359//627 390//628 235//414
f 390//628 236//416 235//414
f 359//627 360//629 390//628
f 361//630 337//546 338//550
f 361//630 358//622 337//546
f 358//622 336//547 337//546
f 362//631 341//553 391//632
f 362//631 340//552 341//553
f 362//631 361//630 340//552
f 361//630 338//550 340//552
f 392//633 390//628 360//634
f 360//634 363//635 392//633
f 363//635 393//636 392//633
f 363//637 362//638 393//636
f 362//638 391//632 393//636
f 394//639 307//640 386//591
f 307//640 292//544 386//591
f 292//544 334//543 386//591
f 394//639 237//417 307//640
f 237//417 208//419 307//640
f 239//423 386//641 238//421
f 386//591 387//593 238//421
f 239//423 394//642 386//641
f 395//643 297//644 394//645
f 297//528 237//424 394//646
f 297//528 215//364 237//424
f 395//647 339//648 297//649
f 395//647 341//553 339//648
f 394//642 239//423 240//426
f 240//426 395//647 394//642
f 352//594 238//421 387//593
f 352//594 241//428 238//421
f 352//594 364//650 241//428
f 364//650 365//651 241//428
f 365//651 396//652 241//428
f 396//652 242//653 241//428
f 243//433 242//654 396//652
f 391//632 395//647 397//655
f 341//553 395//647 391//632
f 395//647 240//426 244//436
f 244//436 397//655 395//647
f 246//439 393//636 245//437
f 393//636 391//632 245//437
f 391//632 397//655 245//437
f 397//655 244//436 245//437
f 367//656 366//657 248//440
f 366//657 398//658 248//440
f 398//658 247//441 248//440
f 248//440 249//442 368//659
f 368//659 367//656 248//440
f 368//659 250//444 369//660
f 249//442 250//444 368//659
f 250//444 251//445 370//661
f 370//661 369//660 250//444
f 251//445 252//447 371//662
f 371//662 370//661 251//445
f 320//663 371//664 399//665
f 371//664 253//666 399//665
f 371//667 252//453 253//452
f 399//665 253//666 254//668
f 372//669 396//652 365//651
f 372//669 255//456 396//652
f 255//456 243//433 396//652
f 372//669 373//670 255//456
f 400//671 256//458 257//457
f 322//672 258//673 259//459
f 322//674 321//675 258//676
f 321//675 399//665 258//676
f 321//675 320//663 399//665
f 399//665 254//677 258//676
f 328//678 325//679 326//680
f 327//681 324//682 400//671
f 324//682 256//458 400//671
f 324//683 323//684 256//458
f 323//684 259//459 256//458
f 323//684 322//672 259//459
f 329//685 325//679 328//678
f 260//467 255//456 373//670
f 373//670 374//686 260//467
f 374//686 375//687 260//467
f 375//688 401//689 260//690
f 401//691 257//692 260//693
f 401//694 400//671 257//695
f 375//696 376//697 401//698
f 376//699 261//481 401//700
f 376//699 262//479 261//481
f 331//701 401//702 402//703
f 331//704 327//705 401//706
f 327//681 400//671 401//694
f 330//707 342//555 312//554
f 330//707 332//708 342//555
f 332//708 300//531 342//555
f 332//708 402//703 300//531
f 402//703 309//534 300//531
f 332//708 331//701 402//703
f 402//709 261//710 263//711
f 401//712 261//713 402//714
f 402//709 263//711 216//715
f 216//490 309//534 402//703
f 376//716 403//717 262//498
f 403//717 264//496 262//498
f 376//716 377//718 403//717
f 378//719 403//717 377//718
f 265//499 264//496 403//717
f 378//720 379//721 403//717
f 379//721 266//504 403//717
f 266//504 265//499 403//717
f 267//506 266//504 379//721
f 379//721 380//722 267//506
f 268//723 269//511 382//724
f 382//724 381//725 268//723
f 381//726 305//539 268//510
f 305//539 220//495 268//510
f 381//726 344//727 305//539
f 381//726 319//728 344//727
f 382//724 267//506 380//722
f 269//511 267//506 382//724
f 405//729 398//658 404//730
f 384//731 383//732 192//311
f 383//732 228//733 192//311
f 228//733 270//374 192//311
f 270//374 156//310 192//311
f 406//734 192//735 193//312
f 406//736 348//737 192//311
f 348//737 384//731 192//311
f 405//729 247//441 398//658
f 405//729 193//312 247//441
f 193//312 176//313 247//441
f 405//729 406//734 193//312
f 282//470 276//431 277//434
f 282//470 168//289 276//431
f 168//289 278//738 276//431
f 278//738 274//432 276//431
f 168//289 166//285 278//738
f 282//470 169//290 168//289
f 390//628 194//314 236//416
f 194//314 272//415 236//416
f 194//314 165//280 272//415
f 393//636 195//317 392//633
f 195//317 194//314 392//633
f 194//314 390//628 392//633
f 195//317 279//438 167//287
f 195//317 246//439 279//438
f 195//317 393//636 246//439
f 404//730 398//658 366//657
f 407//739 321//675 408//740
f 320//741 321//675 407//739
f 408//740 322//674 409//742
f 321//675 322//674 408//740
f 423//743 323//744 324//682
f 410//745 409//746 325//747
f 409//748 322//749 325//750
f 322//751 326//680 325//679
f 322//751 323//752 326//680
f 323//753 423//754 326//680
f 424//755 324//682 327//681
f 423//743 324//682 424//755
f 412//756 328//757 424//758
f 328//678 326//680 424//759
f 326//680 423//754 424//759
f 412//756 411//760 328//757
f 325//747 329//761 413//762
f 413//762 410//745 325//747
f 413//763 328//764 411//765
f 329//766 328//764 413//763
f 414//767 426//768 415//769
f 425//770 426//768 414//767
f 416//771 330//707 312//554
f 416//771 426//772 330//707
f 416//773 415//769 426//768
f 425//774 331//775 332//776
f 332//708 426//768 425//770
f 332//708 330//707 426//768
f 312//554 313//556 417//777
f 417//777 416//773 312//554
f 417//777 314//557 418//778
f 313//779 314//780 417//781
f 314//557 315//559 419//782
f 419//782 418//778 314//557
f 315//559 316//561 420//783
f 420//783 419//782 315//559
f 420//783 317//562 421//784
f 316//561 317//562 420//783
f 422//785 421//784 427//786
f 421//784 318//563 427//786
f 421//784 317//562 318//563
f 427//786 318//563 319//565
f 429//787 407//739 450//788
f 407//739 408//740 450//788
f 429//787 428//789 407//739
f 450//788 408//740 409//742
f 409//742 451//790 450//788
f 429//787 450//788 430//791
f 430//791 451//790 431//792
f 450//788 451//790 430//791
f 451//790 409//742 410//793
f 452//794 411//760 412//756
f 432//795 431//792 413//796
f 431//792 410//793 413//796
f 431//792 451//790 410//793
f 433//797 413//796 453//798
f 413//796 411//760 453//798
f 411//760 452//794 453//798
f 433//797 432//795 413//796
f 433//797 453//798 434//799
f 453//798 414//767 415//769
f 452//800 414//767 453//798
f 435//801 415//769 416//773
f 435//801 434//799 415//769
f 434//799 453//798 415//769
f 437//802 454//803 436//804
f 436//805 454//806 438//807
f 439//808 454//809 437//810
f 441//811 455//812 440//813
f 438//814 454//815 439//816
f 440//817 455//818 442//819
f 435//801 417//777 443//820
f 416//773 417//777 435//801
f 444//821 455//822 441//823
f 417//777 418//778 445//824
f 445//824 443//820 417//777
f 445//824 419//782 446//825
f 418//778 419//782 445//824
f 442//826 455//827 444//828
f 446//825 420//783 447//829
f 419//782 420//783 446//825
f 420//783 421//784 448//830
f 448//831 447//832 420//833
f 448//830 422//785 449//834
f 421//784 422//785 448//830
f 519//835 520//836 502//837
f 502//837 501//838 519//835
f 520//836 521//839 503//840
f 503//840 502//837 520//836
f 503//840 522//841 504//842
f 521//839 522//841 503//840
f 522//841 523//843 505//844
f 505//844 504//842 522//841
f 523//843 428//789 429//787
f 506//845 429//787 430//791
f 506//845 523//843 429//787
f 506//845 505//844 523//843
f 430//846 431//847 507//848
f 507//849 506//850 430//851
f 508//852 431//853 524//854
f 431//792 432//795 524//855
f 508//856 507//857 431//858
f 508//859 524//860 509//861
f 524//855 432//795 433//797
f 510//862 509//861 434//863
f 509//864 433//797 434//799
f 509//864 524//855 433//797
f 434//799 435//801 511//865
f 511//865 510//866 434//799
f 437//867 436//868 525//869
f 525//870 436//871 438//872
f 439//873 437//874 525//875
f 513//876 526//877 512//878
f 512//879 526//880 514//881
f 527//882 441//883 440//884
f 525//885 438//886 439//887
f 527//888 440//889 442//890
f 513//891 528//892 526//893
f 513//891 511//894 528//892
f 511//865 443//820 528//895
f 511//865 435//801 443//820
f 515//896 528//897 529//898
f 515//899 526//900 528//901
f 515//899 514//902 526//900
f 527//903 444//904 441//905
f 528//895 443//820 445//824
f 517//906 516//907 530//908
f 516//909 529//910 530//911
f 529//910 446//912 530//911
f 529//913 445//914 446//915
f 529//916 528//917 445//918
f 515//919 529//920 518//921
f 527//922 442//923 444//924
f 518//925 529//926 516//927
f 530//928 446//825 447//829
f 549//929 501//838 502//837
f 502//837 550//930 549//929
f 532//931 550//930 551//932
f 532//931 549//929 550//930
f 532//931 531//933 549//929
f 552//934 502//837 503//840
f 550//930 502//837 552//934
f 551//932 550//930 552//934
f 552//934 553//935 551//932
f 554//936 503//840 504//842
f 552//934 503//840 554//936
f 534//937 552//934 554//936
f 534//937 533//938 552//934
f 533//938 553//939 552//934
f 554//936 504//842 505//844
f 505//844 555//940 554//936
f 554//936 555//940 535//941
f 535//941 534//937 554//936
f 532//931 551//932 536//942
f 551//932 553//935 537//943
f 537//943 536//942 551//932
f 537//944 553//939 533//938
f 555//940 505//844 506//845
f 506//845 556//945 555//940
f 555//940 556//945 538//946
f 538//946 535//941 555//940
f 557//947 506//948 507//949
f 556//945 506//845 557//950
f 539//951 557//952 558//953
f 539//954 538//946 557//950
f 538//946 556//945 557//950
f 557//952 507//955 508//859
f 509//861 558//953 508//859
f 558//953 557//952 508//859
f 509//861 559//956 558//953
f 560//957 509//861 510//862
f 559//956 509//861 560//957
f 560//958 510//866 511//865
f 539//959 558//960 540//961
f 540//962 559//963 541//964
f 558//953 559//956 540//965
f 542//966 541//964 512//967
f 541//964 559//963 512//968
f 559//969 513//970 512//971
f 559//972 560//973 513//974
f 512//975 514//976 543//977
f 543//978 542//966 512//967
f 511//979 513//980 560//981
f 544//982 515//983 561//984
f 544//982 543//978 515//983
f 543//978 514//985 515//983
f 545//986 562//987 546//988
f 545//986 544//989 562//987
f 544//989 561//990 562//987
f 561//990 517//906 562//987
f 561//990 516//991 517//906
f 561//984 515//983 518//992
f 561//993 518//994 516//995
f 458//996 456//997 580//998
f 456//999 460//1000 581//1001
f 581//1002 580//1003 456//1004
f 581//1001 460//1000 463//1005
f 468//1006 466//1007 584//1008
f 586//1009 584//1008 585//1010
f 586//1009 468//1006 584//1008
f 586//1009 469//1011 468//1006
f 586//1009 585//1010 563//1012
f 563//1012 565//1013 586//1009
f 469//1011 586//1009 587//1014
f 587//1014 470//1015 469//1011
f 567//1016 586//1009 565//1013
f 587//1014 586//1009 567//1016
f 472//1017 471//1018 588//1019
f 588//1020 471//1021 474//1022
f 580//1023 473//1024 458//1025
f 475//1026 472//1027 588//1028
f 588//1029 474//1030 475//1031
f 473//1032 580//1033 581//1034
f 581//1034 476//1035 473//1032
f 581//1034 463//1036 476//1035
f 477//1037 470//1015 587//1014
f 567//1016 569//1038 587//1014
f 569//1039 478//1040 587//1014
f 478//1040 477//1037 587//1014
f 570//1041 480//1042 571//1043
f 479//1044 480//1042 570//1041
f 480//1042 481//1045 572//1046
f 572//1047 571//1043 480//1042
f 573//1048 572//1046 589//1049
f 572//1046 482//1050 589//1049
f 572//1046 481//1045 482//1050
f 573//1048 589//1049 574//1051
f 589//1049 482//1050 483//1052
f 483//1052 519//835 589//1049
f 531//933 574//1051 549//929
f 574//1051 501//838 549//929
f 574//1051 589//1049 501//838
f 589//1049 519//835 501//838
f 484//1053 520//836 483//1052
f 520//836 519//835 483//1052
f 484//1053 521//839 520//836
f 428//789 522//841 484//1053
f 522//841 521//839 484//1053
f 428//789 523//843 522//841
f 575//1054 478//1040 569//1038
f 485//1055 478//1040 575//1054
f 486//1056 485//1055 575//1054
f 575//1054 576//1057 486//1056
f 577//1058 486//1056 576//1057
f 487//1059 486//1056 577//1058
f 488//1060 487//1059 577//1058
f 577//1058 578//1061 488//1060
f 564//1062 488//1060 578//1061
f 457//1063 488//1060 564//1062
f 405//729 404//730 500//1064
f 466//1065 406//1066 584//1067
f 466//1065 493//1068 406//1066
f 493//1068 348//1069 406//1066
f 570//1070 585//1010 479//1071
f 585//1010 405//1072 479//1071
f 405//729 500//1064 479//1044
f 585//1010 584//1067 405//1072
f 584//1067 406//1066 405//1072
f 570//1070 563//1012 585//1010
f 500//1064 404//730 366//657
f 632//1073 531//933 532//931
f 633//1074 533//938 534//937
f 634//1075 534//937 535//941
f 633//1074 534//937 634//1075
f 590//1076 635//1077 591//1078
f 635//1077 632//1073 592//1079
f 592//1079 591//1078 635//1077
f 593//1080 592//1079 636//1081
f 592//1079 532//931 636//1081
f 532//931 536//942 636//1081
f 592//1079 632//1073 532//931
f 593//1080 636//1081 594//1082
f 637//1083 536//942 537//943
f 636//1081 536//942 637//1083
f 636//1081 637//1083 595//1084
f 595//1084 594//1082 636//1081
f 597//1085 596//1086 633//1074
f 596//1086 637//1087 633//1074
f 637//1087 537//944 633//1074
f 537//944 533//938 633//1074
f 595//1088 637//1087 596//1086
f 597//1085 634//1075 598//1089
f 633//1074 634//1075 597//1085
f 600//1090 638//1091 599//1092
f 599//1093 638//1094 601//1095
f 634//1075 535//941 538//946
f 538//946 639//1096 634//1075
f 639//1096 538//946 539//954
f 602//1097 640//1098 603//1099
f 604//1100 640//1098 602//1097
f 548//1101 640//1098 604//1100
f 598//1089 639//1096 605//1102
f 634//1075 639//1096 598//1089
f 606//1103 605//1102 641//1104
f 605//1102 639//1096 641//1104
f 639//1096 540//962 641//1104
f 639//1096 539//954 540//962
f 606//1103 641//1104 607//1105
f 608//1106 638//1107 600//1108
f 641//1104 540//962 541//964
f 541//964 642//1109 641//1104
f 641//1104 642//1109 609//1110
f 609//1110 607//1105 641//1104
f 611//1111 610//1112 643//1113
f 610//1114 542//966 643//1115
f 610//1114 642//1116 542//966
f 642//1109 541//964 542//966
f 609//1117 642//1118 610//1119
f 643//1115 542//966 543//978
f 613//1120 644//1121 612//1122
f 614//1123 644//1124 613//1125
f 601//1126 638//1127 608//1128
f 612//1129 644//1130 615//1131
f 617//1132 645//1133 616//1134
f 615//1131 644//1130 614//1135
f 645//1133 646//1136 618//1137
f 618//1137 616//1134 645//1133
f 611//1138 643//1139 619//1140
f 620//1141 619//1142 544//982
f 619//1142 543//978 544//982
f 619//1142 643//1115 543//978
f 621//1143 546//988 622//1144
f 545//986 546//988 621//1143
f 544//989 545//986 621//1143
f 621//1143 620//1145 544//989
f 624//1146 647//1147 623//1148
f 625//1149 647//1150 624//1151
f 546//988 547//1152 626//1153
f 626//1153 622//1144 546//988
f 604//1100 547//1152 548//1101
f 604//1100 626//1153 547//1152
f 617//1132 648//1154 645//1133
f 617//1132 623//1155 648//1154
f 623//1156 647//1157 648//1158
f 628//1159 627//1160 648//1161
f 627//1160 645//1162 648//1161
f 627//1160 646//1163 645//1164
f 625//1165 629//1166 647//1167
f 629//1166 648//1161 647//1167
f 629//1166 649//1168 648//1161
f 648//1161 649//1168 630//1169
f 630//1169 628//1159 648//1161
f 631//1170 649//1168 629//1166
f 630//1169 649//1168 631//1170
f 591//1078 698//1171 590//1076
f 698//1171 697//1172 590//1076
f 591//1078 699//1173 698//1171
f 651//1174 650//1175 700//1176
f 650//1175 699//1173 700//1176
f 650//1175 698//1171 699//1173
f 699//1173 591//1078 592//1079
f 592//1079 701//1177 699//1173
f 653//1178 699//1173 701//1177
f 653//1178 700//1176 699//1173
f 653//1178 652//1179 700//1176
f 651//1174 700//1176 654//1180
f 656//1181 702//1182 655//1183
f 654//1180 700//1176 652//1179
f 655//1184 702//1185 657//1186
f 701//1177 592//1079 593//1080
f 658//1187 653//1188 703//1189
f 653//1178 701//1177 703//1190
f 701//1177 593//1080 703//1190
f 593//1080 594//1082 703//1190
f 704//1191 594//1082 595//1084
f 703//1190 594//1082 704//1191
f 656//1192 705//1193 702//1194
f 656//1195 703//1189 705//1196
f 656//1195 658//1187 703//1189
f 657//1197 705//1198 659//1199
f 702//1200 705//1198 657//1197
f 661//1201 703//1190 704//1191
f 661//1201 705//1202 703//1190
f 661//1201 660//1203 705//1202
f 659//1199 705//1198 660//1204
f 706//1205 596//1086 597//1085
f 663//1206 704//1207 706//1205
f 704//1207 596//1086 706//1205
f 704//1207 595//1088 596//1086
f 663//1206 662//1208 704//1207
f 665//1209 597//1085 598//1089
f 665//1209 706//1205 597//1085
f 665//1209 664//1210 706//1205
f 663//1206 706//1205 664//1211
f 661//1212 704//1207 662//1208
f 600//1213 599//1214 707//1215
f 707//1215 599//1214 601//1216
f 666//1217 667//1218 708//1219
f 667//1218 603//1099 708//1219
f 667//1218 602//1097 603//1099
f 604//1100 602//1097 667//1218
f 667//1218 668//1220 604//1100
f 669//1221 665//1222 709//1223
f 665//1222 598//1224 709//1223
f 598//1089 605//1102 709//1225
f 709//1226 710//1227 670//1228
f 670//1228 669//1221 709//1226
f 709//1225 605//1102 606//1103
f 672//1229 671//1230 607//1105
f 671//1231 606//1103 607//1105
f 671//1231 709//1225 606//1103
f 671//1230 710//1232 709//1233
f 670//1228 710//1227 673//1234
f 608//1235 600//1213 707//1215
f 673//1236 710//1232 671//1230
f 674//1237 609//1110 711//1238
f 674//1237 607//1105 609//1110
f 674//1237 672//1229 607//1105
f 712//1239 610//1119 611//1240
f 712//1239 713//1241 610//1119
f 713//1241 711//1238 610//1119
f 711//1238 609//1117 610//1119
f 674//1237 711//1238 675//1242
f 613//1243 612//1244 714//1245
f 675//1242 713//1241 676//1246
f 711//1238 713//1241 675//1242
f 678//1247 715//1248 677//1249
f 614//1250 613//1251 714//1252
f 707//1215 601//1216 608//1235
f 680//1253 716//1254 679//1255
f 714//1256 612//1129 615//1131
f 716//1254 717//1257 681//1258
f 681//1258 679//1255 716//1254
f 680//1253 616//1134 716//1254
f 680//1253 617//1132 616//1134
f 680//1253 715//1248 617//1132
f 680//1253 677//1249 715//1248
f 615//1131 614//1135 714//1256
f 717//1257 616//1134 618//1137
f 716//1254 616//1134 717//1257
f 712//1259 611//1260 619//1142
f 683//1261 619//1142 620//1141
f 683//1261 712//1259 619//1142
f 683//1262 713//1241 712//1239
f 683//1263 682//1264 713//1241
f 718//1265 621//1143 622//1266
f 684//1267 718//1268 719//1269
f 684//1270 683//1271 718//1272
f 683//1273 621//1143 718//1265
f 683//1273 620//1145 621//1143
f 676//1246 713//1241 682//1264
f 678//1247 685//1274 715//1275
f 685//1274 623//1148 715//1275
f 685//1274 624//1146 623//1148
f 684//1267 720//1276 686//1277
f 719//1269 720//1276 684//1267
f 685//1274 686//1278 624//1146
f 686//1278 720//1279 624//1146
f 720//1280 625//1281 624//1282
f 720//1283 721//1284 625//1285
f 688//1286 687//1287 626//1153
f 687//1288 622//1266 626//1289
f 687//1288 718//1265 622//1266
f 719//1290 718//1291 687//1292
f 687//1292 689//1293 719//1290
f 688//1286 604//1100 668//1220
f 626//1153 604//1100 688//1286
f 720//1283 719//1290 689//1293
f 689//1293 690//1294 720//1283
f 721//1284 720//1283 690//1294
f 690//1294 691//1295 721//1284
f 623//1155 617//1132 715//1248
f 722//1296 627//1160 628//1159
f 629//1166 625//1285 721//1284
f 723//1297 628//1159 630//1169
f 722//1296 628//1159 723//1297
f 691//1295 629//1166 721//1284
f 691//1295 692//1298 629//1166
f 692//1298 631//1170 629//1166
f 692//1298 630//1169 631//1170
f 692//1298 723//1299 630//1169
f 692//1298 693//1300 723//1299
f 696//1301 618//1137 646//1136
f 696//1301 695//1302 618//1137
f 695//1302 694//1303 618//1137
f 694//1303 717//1257 618//1137
f 694//1303 681//1258 717//1257
f 724//1304 722//1296 723//1297
f 724//1304 696//1305 722//1296
f 696//1305 627//1160 722//1296
f 696//1305 646//1163 627//1160
f 724//1306 723//1299 693//1300
f 566//1307 564//1062 739//1308
f 568//1309 739//1308 708//1310
f 566//1307 739//1308 568//1309
f 548//1101 568//1311 640//1098
f 568//1311 603//1099 640//1098
f 568//1311 708//1219 603//1099
f 778//1312 650//1175 651//1174
f 779//1313 652//1179 653//1178
f 745//1314 654//1180 780//1315
f 745//1314 651//1174 654//1180
f 745//1314 778//1312 651//1174
f 745//1314 744//1316 778//1312
f 745//1314 780//1315 746//1317
f 779//1313 656//1318 652//1179
f 656//1318 655//1319 652//1179
f 655//1319 654//1320 652//1179
f 655//1321 780//1315 654//1180
f 747//1322 655//1323 657//1324
f 747//1322 780//1325 655//1323
f 747//1326 746//1317 780//1315
f 779//1327 653//1188 658//1187
f 658//1187 656//1195 779//1327
f 748//1328 659//1199 781//1329
f 748//1328 657//1197 659//1199
f 748//1330 747//1322 657//1324
f 749//1331 661//1332 750//1333
f 660//1334 661//1332 749//1331
f 749//1335 659//1336 660//1337
f 749//1338 781//1339 659//1340
f 749//1341 751//1342 781//1343
f 662//1208 663//1206 753//1344
f 753//1344 752//1345 662//1208
f 782//1346 664//1347 665//1348
f 754//1349 753//1350 782//1351
f 753//1350 663//1352 782//1351
f 663//1353 664//1347 782//1346
f 750//1333 662//1208 752//1345
f 661//1212 662//1208 750//1333
f 748//1328 781//1329 755//1354
f 755//1354 781//1329 751//1355
f 667//1218 666//1217 756//1356
f 756//1356 757//1357 667//1218
f 668//1220 667//1218 757//1357
f 757//1357 758//1358 668//1220
f 782//1359 665//1222 669//1221
f 759//1360 754//1361 670//1362
f 754//1361 782//1363 670//1362
f 782//1359 669//1221 670//1228
f 783//1364 671//1230 672//1229
f 760//1365 759//1366 784//1367
f 759//1360 673//1368 784//1369
f 759//1360 670//1362 673//1368
f 760//1370 784//1371 761//1372
f 763//1373 671//1230 783//1364
f 763//1373 784//1374 671//1230
f 784//1374 673//1236 671//1230
f 763//1375 762//1376 784//1377
f 761//1378 784//1379 762//1380
f 783//1364 672//1229 674//1237
f 764//1381 763//1373 785//1382
f 763//1373 674//1237 785//1382
f 674//1237 675//1242 785//1382
f 763//1373 783//1364 674//1237
f 764//1383 786//1384 765//1385
f 785//1386 786//1384 764//1383
f 787//1387 675//1388 676//1389
f 785//1382 675//1242 787//1390
f 787//1391 678//1247 785//1392
f 678//1247 677//1249 785//1392
f 677//1249 786//1384 785//1386
f 766//1393 765//1385 679//1255
f 765//1385 680//1253 679//1255
f 765//1385 786//1384 680//1253
f 679//1255 681//1258 767//1394
f 767//1394 766//1393 679//1255
f 677//1249 680//1253 786//1384
f 768//1395 767//1394 788//1396
f 767//1394 694//1303 788//1396
f 767//1394 681//1258 694//1303
f 768//1397 788//1398 769//1399
f 788//1396 694//1303 695//1302
f 770//1400 695//1302 696//1301
f 770//1400 788//1398 695//1302
f 770//1400 769//1399 788//1398
f 789//1401 682//1402 683//1403
f 789//1404 683//1271 684//1270
f 789//1405 790//1406 682//1407
f 790//1406 787//1387 682//1407
f 787//1387 676//1389 682//1407
f 685//1274 787//1391 790//1408
f 678//1247 787//1391 685//1274
f 789//1409 684//1267 686//1277
f 686//1277 790//1410 789//1409
f 686//1277 685//1411 790//1410
f 687//1287 688//1286 772//1412
f 772//1412 771//1413 687//1287
f 689//1414 687//1287 771//1413
f 771//1413 773//1415 689//1414
f 772//1412 668//1220 758//1358
f 688//1286 668//1220 772//1412
f 774//1416 689//1414 773//1415
f 690//1417 689//1414 774//1416
f 691//1295 690//1417 774//1416
f 774//1416 775//1418 691//1295
f 692//1298 691//1295 775//1418
f 775//1418 776//1419 692//1298
f 693//1300 692//1298 776//1419
f 776//1419 777//1420 693//1300
f 817//1421 744//1316 745//1314
f 792//1422 745//1314 746//1317
f 792//1422 817//1421 745//1314
f 792//1422 791//1423 817//1421
f 746//1317 747//1326 793//1424
f 793//1424 792//1422 746//1317
f 794//1425 793//1426 818//1427
f 793//1426 748//1428 818//1427
f 793//1429 747//1322 748//1330
f 749//1331 750//1333 796//1430
f 796//1430 795//1431 749//1331
f 795//1431 818//1432 749//1331
f 818//1433 751//1434 749//1435
f 795//1431 794//1436 818//1432
f 819//1437 752//1345 753//1344
f 819//1438 753//1350 754//1349
f 754//1349 820//1439 819//1438
f 797//1440 796//1441 819//1442
f 796//1443 752//1345 819//1437
f 796//1430 750//1333 752//1345
f 798//1444 797//1445 821//1446
f 797//1445 819//1447 821//1446
f 819//1448 820//1449 821//1450
f 821//1446 822//1451 799//1452
f 799//1452 798//1444 821//1446
f 818//1427 748//1428 755//1453
f 818//1427 755//1453 751//1454
f 822//1451 823//1455 800//1456
f 800//1456 799//1452 822//1451
f 800//1456 823//1455 801//1457
f 757//1357 756//1356 802//1458
f 802//1458 803//1459 757//1357
f 758//1358 757//1357 803//1459
f 803//1459 804//1460 758//1358
f 820//1439 754//1349 759//1461
f 820//1462 759//1366 760//1365
f 760//1365 821//1446 820//1462
f 761//1463 822//1464 760//1465
f 822//1451 821//1446 760//1365
f 761//1466 824//1467 822//1468
f 825//1469 762//1470 763//1471
f 825//1472 761//1473 762//1474
f 825//1472 826//1475 761//1473
f 826//1476 824//1467 761//1466
f 825//1477 763//1373 764//1381
f 826//1478 764//1383 765//1385
f 825//1477 764//1381 826//1479
f 823//1480 822//1481 824//1482
f 824//1482 827//1483 823//1480
f 801//1457 827//1484 805//1485
f 823//1486 827//1484 801//1457
f 828//1487 824//1488 826//1478
f 827//1484 824//1488 828//1487
f 806//1489 827//1484 829//1490
f 827//1484 828//1487 829//1490
f 806//1489 805//1485 827//1484
f 806//1489 830//1491 807//1492
f 829//1490 830//1491 806//1489
f 807//1492 830//1491 808//1493
f 826//1478 765//1385 766//1393
f 766//1393 828//1487 826//1478
f 829//1490 766//1393 767//1394
f 828//1487 766//1393 829//1490
f 830//1491 767//1394 768//1395
f 829//1490 767//1394 830//1491
f 809//1494 769//1399 831//1495
f 809//1494 830//1496 769//1399
f 830//1496 768//1397 769//1399
f 809//1494 808//1493 830//1496
f 831//1495 769//1399 770//1400
f 770//1400 832//1497 831//1495
f 833//1498 771//1413 772//1412
f 773//1415 771//1413 833//1498
f 833//1498 834//1499 773//1415
f 804//1460 810//1500 758//1358
f 810//1500 772//1412 758//1358
f 810//1500 833//1498 772//1412
f 834//1499 833//1498 810//1500
f 810//1500 811//1501 834//1499
f 835//1502 773//1415 834//1499
f 774//1416 773//1415 835//1502
f 813//1503 774//1416 835//1502
f 813//1503 775//1418 774//1416
f 813//1503 812//1504 775//1418
f 814//1505 834//1499 811//1501
f 835//1502 834//1499 814//1505
f 813//1503 835//1502 814//1505
f 776//1419 775//1418 812//1504
f 812//1504 815//1506 776//1419
f 777//1420 776//1419 815//1506
f 815//1506 816//1507 777//1420
f 726//1508 725//1509 838//1510
f 838//1510 839//1511 726//1508
f 728//1512 727//1513 853//1514
f 839//1511 853//1514 726//1508
f 853//1514 727//1513 726//1508
f 839//1511 841//1515 853//1514
f 838//1510 729//1516 842//1517
f 725//1509 729//1516 838//1510
f 842//1517 730//1518 843//1519
f 729//1520 730//1518 842//1517
f 844//1521 731//1522 853//1514
f 731//1522 728//1512 853//1514
f 844//1521 845//1523 731//1522
f 844//1521 853//1514 841//1515
f 846//1524 731//1522 845//1523
f 732//1525 731//1522 846//1524
f 847//1526 650//1175 778//1312
f 847//1526 730//1518 650//1175
f 847//1526 843//1519 730//1518
f 791//1423 847//1526 817//1421
f 847//1526 744//1316 817//1421
f 847//1526 778//1312 744//1316
f 733//1527 732//1525 846//1524
f 846//1524 848//1528 733//1527
f 848//1528 849//1529 733//1527
f 849//1529 854//1530 733//1527
f 854//1530 734//1531 733//1527
f 850//1532 854//1530 849//1529
f 735//1533 734//1531 854//1530
f 850//1532 736//1534 854//1530
f 736//1534 735//1533 854//1530
f 850//1532 851//1535 736//1534
f 737//1536 736//1534 851//1535
f 851//1535 852//1537 737//1536
f 852//1537 756//1538 737//1536
f 756//1538 666//1539 737//1536
f 852//1537 802//1458 756//1538
f 563//1012 742//1540 738//1541
f 570//1070 742//1540 563//1012
f 855//1542 876//1543 856//1544
f 875//1545 876//1543 855//1542
f 856//1544 877//1546 857//1547
f 876//1543 877//1546 856//1544
f 859//1548 858//1549 794//1436
f 858//1550 877//1546 794//1551
f 877//1546 793//1424 794//1551
f 878//1552 795//1431 796//1430
f 860//1553 859//1554 878//1552
f 859//1554 795//1431 878//1552
f 859//1548 794//1436 795//1431
f 878//1552 796//1430 797//1555
f 797//1555 879//1556 878//1552
f 860//1553 879//1556 861//1557
f 878//1552 879//1556 860//1553
f 879//1558 797//1445 798//1444
f 862//1559 879//1558 799//1452
f 879//1558 798//1444 799//1452
f 862//1559 861//1560 879//1558
f 864//1561 880//1562 863//1563
f 857//1547 877//1546 858//1564
f 863//1563 880//1562 865//1565
f 866//1566 880//1567 864//1568
f 865//1569 880//1567 866//1566
f 868//1570 881//1571 867//1572
f 881//1571 882//1573 869//1574
f 869//1574 867//1572 881//1571
f 868//1570 799//1452 881//1571
f 799//1452 800//1456 881//1571
f 868//1570 862//1559 799//1452
f 801//1457 882//1575 800//1456
f 882//1573 881//1571 800//1456
f 801//1457 883//1576 882//1575
f 869//1574 882//1573 870//1577
f 871//1578 883//1576 884//1579
f 871//1578 870//1577 883//1576
f 870//1577 882//1575 883//1576
f 871//1578 884//1579 872//1580
f 883//1576 801//1457 805//1485
f 805//1485 885//1581 883//1576
f 885//1581 805//1485 806//1489
f 884//1579 883//1576 885//1581
f 885//1581 886//1582 884//1579
f 884//1579 886//1583 873//1584
f 873//1584 872//1580 884//1579
f 886//1582 806//1489 807//1492
f 885//1581 806//1489 886//1582
f 874//1585 807//1492 808//1493
f 874//1585 886//1583 807//1492
f 874//1585 873//1584 886//1583
f 907//1586 855//1542 856//1544
f 856//1544 908//1587 907//1586
f 887//1588 908//1587 888//1589
f 907//1586 908//1587 887//1588
f 909//1590 856//1544 857//1547
f 908//1587 856//1544 909//1590
f 889//1591 888//1589 910//1592
f 888//1589 909//1590 910//1592
f 888//1589 908//1587 909//1590
f 889//1591 910//1592 890//1593
f 911//1594 858//1564 859//1554
f 912//1595 859//1554 860//1553
f 911//1594 859//1554 912//1595
f 912//1595 860//1553 861//1557
f 861//1596 913//1597 912//1598
f 913//1597 861//1596 862//1599
f 892//1600 909//1590 911//1594
f 909//1590 858//1564 911//1594
f 909//1590 857//1547 858//1564
f 892//1600 891//1601 909//1590
f 864//1602 863//1603 914//1604
f 910//1605 909//1590 891//1601
f 891//1601 893//1606 910//1605
f 914//1604 863//1603 865//1607
f 892//1600 912//1595 894//1608
f 911//1594 912//1595 892//1600
f 914//1609 866//1566 864//1568
f 896//1610 915//1611 895//1612
f 914//1609 865//1569 866//1566
f 898//1613 916//1614 897//1615
f 890//1616 910//1605 893//1606
f 897//1617 916//1618 899//1619
f 900//1620 916//1621 898//1622
f 901//1623 895//1612 915//1611
f 899//1624 916//1625 900//1626
f 902//1627 894//1608 867//1572
f 894//1628 868//1570 867//1572
f 894//1629 912//1630 868//1631
f 912//1632 913//1597 868//1633
f 896//1610 869//1574 915//1611
f 896//1610 867//1572 869//1574
f 896//1610 902//1627 867//1572
f 862//1599 868//1633 913//1597
f 903//1634 870//1577 917//1635
f 903//1634 901//1623 870//1577
f 901//1623 869//1574 870//1577
f 901//1623 915//1611 869//1574
f 903//1634 917//1635 904//1636
f 917//1635 870//1577 871//1578
f 905//1637 917//1635 918//1638
f 917//1635 871//1578 918//1638
f 871//1578 872//1580 918//1638
f 905//1637 904//1636 917//1635
f 905//1637 918//1638 906//1639
f 918//1638 872//1580 873//1584
f 873//1584 919//1640 918//1638
f 919//1640 873//1584 874//1585
f 921//1641 944//1642 920//1643
f 944//1642 945//1644 922//1645
f 922//1645 920//1643 944//1642
f 922//1645 945//1644 923//1646
f 839//1511 838//1510 946//1647
f 924//1648 925//1649 946//1647
f 925//1649 841//1515 946//1647
f 841//1515 839//1511 946//1647
f 926//1650 946//1647 842//1517
f 946//1647 838//1510 842//1517
f 926//1650 927//1651 946//1647
f 921//1641 842//1517 944//1642
f 842//1517 843//1519 944//1642
f 921//1641 926//1650 842//1517
f 924//1648 946//1647 927//1651
f 845//1523 844//1521 947//1652
f 925//1649 928//1653 841//1515
f 928//1653 844//1521 841//1515
f 928//1653 947//1652 844//1521
f 846//1524 947//1652 948//1654
f 845//1523 947//1652 846//1524
f 948//1654 947//1652 928//1653
f 928//1653 929//1655 948//1654
f 945//1644 843//1519 847//1526
f 944//1642 843//1519 945//1644
f 930//1656 847//1526 875//1545
f 847//1526 791//1423 875//1545
f 930//1656 923//1646 847//1526
f 923//1646 945//1644 847//1526
f 793//1424 877//1546 792//1422
f 877//1546 876//1543 792//1422
f 876//1543 791//1423 792//1422
f 876//1543 875//1545 791//1423
f 887//1588 930//1656 907//1586
f 930//1656 855//1542 907//1586
f 930//1656 875//1545 855//1542
f 846//1524 948//1654 949//1657
f 949//1657 848//1528 846//1524
f 931//1658 948//1654 929//1655
f 949//1657 948//1654 931//1658
f 849//1529 848//1528 949//1657
f 931//1658 849//1529 949//1657
f 931//1658 850//1532 849//1529
f 931//1658 932//1659 850//1532
f 932//1659 950//1660 850//1532
f 950//1660 851//1535 850//1532
f 932//1659 933//1661 950//1660
f 852//1537 851//1535 950//1660
f 934//1662 950//1660 933//1661
f 934//1662 802//1458 950//1660
f 802//1458 852//1537 950//1660
f 934//1662 935//1663 802//1458
f 935//1663 803//1459 802//1458
f 935//1663 936//1664 803//1459
f 936//1664 804//1460 803//1459
f 936//1664 810//1500 804//1460
f 936//1664 937//1665 810//1500
f 937//1665 811//1501 810//1500
f 937//1665 814//1505 811//1501
f 937//1665 938//1666 814//1505
f 938//1666 813//1503 814//1505
f 938//1666 812//1504 813//1503
f 836//1667 837//1668 940//1669
f 940//1669 939//1670 836//1667
f 938//1666 815//1506 812//1504
f 938//1666 941//1671 815//1506
f 941//1671 816//1507 815//1506
f 940//1669 816//1507 941//1671
f 837//1672 816//1507 940//1669
f 942//1673 874//1585 808//1493
f 942//1673 919//1640 874//1585
f 942//1673 906//1639 919//1640
f 906//1639 918//1638 919//1640
f 943//1674 809//1494 840//1675
f 943//1674 942//1673 809//1494
f 942//1673 808//1493 809//1494
f 943//1674 836//1667 939//1670
f 840//1675 836//1667 943//1674
f 963//1676 887//1588 888//1589
f 888//1589 964//1677 963//1676
f 964//1678 888//1679 889//1680
f 952//1681 964//1677 965//1682
f 952//1681 963//1676 964//1677
f 952//1681 951//1683 963//1676
f 952//1681 965//1682 953//1684
f 890//1685 964//1686 889//1687
f 890//1688 965//1682 964//1677
f 890//1688 966//1689 965//1682
f 953//1684 966//1689 954//1690
f 965//1682 966//1689 953//1684
f 967//1691 891//1601 892//1600
f 968//1692 891//1601 967//1691
f 893//1606 891//1693 968//1694
f 967//1695 892//1600 894//1608
f 894//1608 969//1696 967//1695
f 969//1696 896//1610 967//1695
f 896//1697 968//1698 967//1699
f 896//1610 895//1612 968//1700
f 956//1701 955//1702 968//1694
f 955//1702 893//1606 968//1694
f 955//1702 890//1616 893//1606
f 955//1702 966//1703 890//1616
f 898//1704 897//1705 970//1706
f 954//1707 966//1703 955//1702
f 970//1708 897//1709 899//1710
f 957//1711 901//1623 971//1712
f 957//1711 968//1700 901//1623
f 968//1700 895//1612 901//1623
f 957//1711 956//1713 968//1700
f 970//1714 900//1715 898//1716
f 971//1712 972//1717 958//1718
f 958//1718 957//1711 971//1712
f 970//1719 899//1720 900//1721
f 969//1696 894//1608 902//1627
f 902//1627 896//1610 969//1696
f 971//1712 901//1623 903//1634
f 904//1636 972//1717 903//1634
f 972//1717 971//1712 903//1634
f 904//1636 973//1722 972//1717
f 973//1722 904//1636 905//1637
f 958//1718 972//1717 959//1723
f 972//1717 973//1722 960//1724
f 960//1724 959//1723 972//1717
f 961//1725 906//1639 974//1726
f 961//1725 905//1637 906//1639
f 961//1725 960//1724 905//1637
f 960//1724 973//1722 905//1637
f 961//1725 974//1726 962//1727
f 983//1728 951//1683 952//1681
f 976//1729 952//1681 984//1730
f 952//1681 953//1684 984//1730
f 976//1729 975//1731 952//1681
f 975//1731 983//1728 952//1681
f 984//1730 953//1684 954//1690
f 954//1690 985//1732 984//1730
f 986//1733 955//1734 956//1735
f 986//1733 987//1736 955//1734
f 987//1736 954//1737 955//1734
f 987//1738 985//1732 954//1690
f 986//1739 956//1740 957//1711
f 987//1741 957//1711 958//1718
f 986//1739 957//1711 987//1741
f 978//1742 987//1738 988//1743
f 978//1742 977//1744 987//1738
f 977//1744 985//1732 987//1738
f 978//1742 988//1743 979//1745
f 959//1723 987//1738 958//1718
f 959//1723 989//1746 987//1738
f 989//1746 988//1743 987//1738
f 988//1743 989//1746 980//1747
f 980//1747 979//1745 988//1743
f 989//1746 959//1723 960//1724
f 960//1724 990//1748 989//1746
f 989//1746 990//1748 981//1749
f 981//1749 980//1747 989//1746
f 990//1748 960//1724 961//1725
f 982//1750 961//1725 962//1727
f 982//1750 990//1748 961//1725
f 982//1750 981//1749 990//1748
f 921//1641 920//1643 991//1751
f 991//1751 992//1752 921//1641
f 991//1751 922//1645 993//1753
f 920//1643 922//1645 991//1751
f 994//1754 993//1753 1018//1755
f 993//1753 923//1646 1018//1755
f 993//1753 922//1645 923//1646
f 994//1754 1018//1755 995//1756
f 925//1649 924//1648 1019//1757
f 927//1651 926//1650 996//1758
f 996//1758 997//1759 927//1651
f 996//1758 921//1641 992//1752
f 926//1650 921//1641 996//1758
f 997//1759 924//1648 927//1651
f 997//1759 1019//1757 924//1648
f 997//1759 998//1760 1019//1757
f 999//1761 925//1649 1019//1757
f 999//1761 928//1653 925//1649
f 999//1761 1000//1762 928//1653
f 929//1655 928//1653 1000//1762
f 1000//1762 1001//1763 929//1655
f 999//1761 1019//1757 998//1760
f 1018//1755 923//1646 930//1656
f 1002//1764 887//1588 963//1676
f 1002//1764 995//1756 887//1588
f 995//1756 1018//1755 887//1588
f 1018//1755 930//1656 887//1588
f 975//1731 1002//1764 983//1728
f 1002//1764 951//1683 983//1728
f 1002//1764 963//1676 951//1683
f 976//1729 985//1732 977//1744
f 984//1765 985//1766 976//1767
f 1003//1768 929//1655 1001//1763
f 931//1658 929//1655 1003//1768
f 1003//1768 1004//1769 931//1658
f 1004//1769 1020//1770 931//1658
f 1020//1770 932//1659 931//1658
f 1005//1771 1020//1770 1004//1769
f 933//1661 932//1659 1020//1770
f 1005//1771 933//1661 1020//1770
f 1005//1771 1006//1772 933//1661
f 1006//1772 934//1662 933//1661
f 1006//1772 1021//1773 934//1662
f 1007//1774 1021//1773 1006//1772
f 935//1663 934//1662 1021//1773
f 1007//1774 936//1664 1021//1773
f 936//1664 935//1663 1021//1773
f 1007//1774 1008//1775 936//1664
f 1009//1776 1022//1777 1010//1778
f 1011//1779 936//1664 1008//1775
f 937//1665 936//1664 1011//1779
f 1011//1779 1010//1778 937//1665
f 1010//1778 938//1666 937//1665
f 1010//1778 1022//1777 938//1666
f 1012//1780 1022//1777 1009//1776
f 1013//1781 940//1669 1014//1782
f 939//1670 940//1669 1013//1781
f 1012//1780 938//1666 1022//1777
f 1012//1780 941//1671 938//1666
f 1012//1780 1015//1783 941//1671
f 940//1669 941//1671 1015//1784
f 1015//1784 1014//1782 940//1669
f 1016//1785 962//1727 942//1673
f 962//1727 974//1726 942//1673
f 974//1726 906//1639 942//1673
f 1016//1785 982//1750 962//1727
f 1016//1785 943//1674 1017//1786
f 942//1673 943//1674 1016//1785
f 1017//1786 939//1670 1013//1781
f 943//1674 939//1670 1017//1786
f 1023//1787 1024//1788 993//1753
f 1024//1788 1057//1789 993//1753
f 1057//1789 991//1751 993//1753
f 993//1753 994//1754 1025//1790
f 1025//1790 1023//1787 993//1753
f 1026//1791 1025//1790 1058//1792
f 1025//1790 995//1756 1058//1792
f 1025//1790 994//1754 995//1756
f 1026//1791 1058//1792 1027//1793
f 997//1759 996//1758 1059//1794
f 1028//1795 996//1758 1057//1789
f 996//1758 992//1752 1057//1789
f 1028//1795 1059//1794 996//1758
f 1028//1795 1029//1796 1059//1794
f 1030//1797 1031//1798 1059//1794
f 1031//1798 997//1759 1059//1794
f 1031//1798 998//1760 997//1759
f 1030//1797 1059//1794 1029//1796
f 1031//1798 999//1761 998//1760
f 1031//1798 1032//1799 999//1761
f 1032//1799 1060//1800 999//1761
f 1061//1801 1060//1800 1032//1799
f 1032//1799 1033//1802 1061//1801
f 1028//1795 1057//1789 1024//1788
f 1058//1792 995//1756 1002//1764
f 1034//1803 1002//1764 1062//1804
f 1002//1764 975//1731 1062//1804
f 1034//1803 1058//1792 1002//1764
f 1034//1803 1027//1793 1058//1792
f 1062//1804 975//1731 976//1729
f 1034//1803 1062//1804 1035//1805
f 1036//1806 1035//1805 977//1744
f 1035//1805 1062//1804 977//1744
f 1062//1804 976//1729 977//1744
f 1037//1807 979//1745 1063//1808
f 979//1745 980//1747 1063//1808
f 1037//1807 978//1742 979//1745
f 1037//1807 1036//1806 978//1742
f 1036//1806 977//1744 978//1742
f 1037//1807 1063//1808 1038//1809
f 982//1750 1064//1810 981//1749
f 1064//1810 1063//1808 981//1749
f 1063//1808 980//1747 981//1749
f 1063//1808 1064//1810 1039//1811
f 1039//1811 1038//1809 1063//1808
f 1040//1812 1061//1801 1033//1802
f 1065//1813 1061//1801 1040//1812
f 1040//1812 1004//1769 1065//1813
f 1040//1812 1005//1771 1004//1769
f 1040//1812 1041//1814 1005//1771
f 1041//1814 1066//1815 1005//1771
f 1042//1816 1066//1815 1041//1814
f 1006//1772 1005//1771 1066//1815
f 1042//1816 1043//1817 1066//1815
f 1043//1817 1006//1772 1066//1815
f 1043//1817 1007//1774 1006//1772
f 1043//1817 1067//1818 1007//1774
f 1008//1775 1007//1774 1067//1818
f 1044//1819 1067//1818 1043//1817
f 1009//1776 1010//1778 1046//1820
f 1046//1820 1045//1821 1009//1776
f 1044//1819 1011//1779 1067//1818
f 1011//1779 1008//1775 1067//1818
f 1044//1819 1047//1822 1011//1779
f 1046//1820 1011//1779 1047//1822
f 1010//1778 1011//1779 1046//1820
f 1045//1823 1012//1780 1009//1776
f 1045//1823 1068//1824 1012//1780
f 1045//1821 1048//1825 1068//1826
f 1048//1827 1049//1828 1068//1829
f 1049//1830 1014//1831 1068//1832
f 1049//1830 1069//1833 1014//1831
f 1069//1834 1013//1781 1014//1782
f 1015//1783 1012//1780 1068//1835
f 1070//1836 1069//1837 1049//1838
f 1049//1839 1050//1840 1070//1841
f 1068//1842 1014//1782 1015//1784
f 1051//1843 1070//1844 1050//1845
f 1064//1810 982//1750 1016//1785
f 1016//1785 1071//1846 1064//1810
f 1064//1810 1071//1846 1052//1847
f 1052//1847 1039//1811 1064//1810
f 1072//1848 1016//1785 1017//1786
f 1071//1846 1016//1785 1072//1848
f 1071//1846 1072//1848 1053//1849
f 1053//1849 1052//1847 1071//1846
f 1055//1850 1054//1851 1069//1852
f 1054//1853 1017//1786 1069//1834
f 1017//1786 1013//1781 1069//1834
f 1054//1854 1072//1848 1017//1786
f 1053//1849 1072//1848 1054//1854
f 1069//1852 1070//1844 1056//1855
f 1056//1855 1055//1850 1069//1852
f 1056//1855 1070//1844 1051//1843
f 1074//1856 1119//1857 1073//1858
f 1075//1859 1119//1860 1074//1861
f 1076//1862 1119//1863 1120//1864
f 1119//1863 1121//1865 1120//1864
f 1076//1862 1073//1866 1119//1863
f 1122//1867 1120//1864 1121//1865
f 1121//1865 1123//1868 1122//1867
f 1121//1869 1119//1870 1075//1871
f 1075//1871 1077//1872 1121//1869
f 1077//1872 1123//1873 1121//1869
f 1077//1872 1078//1874 1123//1873
f 1078//1874 1124//1875 1123//1873
f 1125//1876 1122//1867 1123//1868
f 1123//1868 1126//1877 1125//1876
f 1125//1878 1126//1879 1080//1880
f 1080//1880 1079//1881 1125//1878
f 1082//1882 1081//1883 1124//1884
f 1081//1885 1123//1886 1124//1887
f 1081//1885 1126//1888 1123//1886
f 1080//1880 1126//1879 1081//1889
f 1083//1890 1124//1891 1078//1874
f 1082//1892 1124//1891 1083//1890
f 1024//1788 1023//1787 1127//1893
f 1084//1894 1085//1895 1025//1790
f 1085//1895 1127//1893 1025//1790
f 1127//1893 1023//1787 1025//1790
f 1086//1896 1025//1790 1128//1897
f 1025//1790 1026//1791 1128//1897
f 1086//1896 1084//1894 1025//1790
f 1128//1897 1026//1791 1027//1793
f 1029//1796 1028//1795 1087//1898
f 1087//1898 1088//1899 1029//1796
f 1031//1798 1030//1797 1129//1900
f 1088//1899 1089//1901 1029//1796
f 1089//1901 1030//1797 1029//1796
f 1089//1901 1129//1900 1030//1797
f 1032//1799 1129//1900 1130//1902
f 1031//1798 1129//1900 1032//1799
f 1130//1902 1129//1900 1089//1901
f 1089//1901 1090//1903 1130//1902
f 1033//1802 1130//1902 1131//1904
f 1032//1799 1130//1902 1033//1802
f 1131//1904 1130//1902 1090//1903
f 1090//1903 1091//1905 1131//1904
f 1092//1906 1024//1788 1127//1893
f 1092//1906 1028//1795 1024//1788
f 1092//1906 1087//1898 1028//1795
f 1092//1906 1127//1893 1085//1895
f 1086//1896 1128//1897 1093//1907
f 1094//1908 1128//1897 1034//1803
f 1128//1897 1027//1793 1034//1803
f 1094//1909 1093//1907 1128//1897
f 1094//1908 1035//1805 1095//1910
f 1034//1803 1035//1805 1094//1908
f 1096//1911 1035//1805 1132//1912
f 1035//1805 1036//1806 1132//1912
f 1096//1911 1095//1910 1035//1805
f 1096//1911 1132//1912 1097//1913
f 1132//1912 1036//1806 1037//1807
f 1098//1914 1037//1807 1038//1809
f 1098//1914 1097//1913 1037//1807
f 1097//1913 1132//1912 1037//1807
f 1098//1914 1039//1811 1099//1915
f 1038//1809 1039//1811 1098//1914
f 1033//1802 1131//1904 1133//1916
f 1133//1916 1040//1812 1033//1802
f 1133//1916 1131//1904 1091//1905
f 1091//1905 1100//1917 1133//1916
f 1041//1814 1040//1812 1133//1916
f 1100//1917 1041//1814 1133//1916
f 1100//1917 1042//1816 1041//1814
f 1100//1917 1101//1918 1042//1816
f 1101//1918 1134//1919 1042//1816
f 1043//1817 1042//1816 1134//1919
f 1102//1920 1134//1919 1101//1918
f 1102//1920 1103//1921 1134//1919
f 1103//1921 1043//1817 1134//1919
f 1103//1921 1044//1819 1043//1817
f 1103//1921 1135//1922 1044//1819
f 1103//1921 1104//1923 1135//1922
f 1104//1923 1046//1820 1135//1922
f 1104//1923 1045//1821 1046//1820
f 1047//1822 1044//1819 1135//1922
f 1135//1922 1046//1820 1047//1822
f 1048//1825 1045//1821 1104//1923
f 1104//1923 1105//1924 1048//1825
f 1049//1828 1048//1827 1105//1925
f 1105//1926 1106//1927 1049//1928
f 1108//1929 1136//1930 1107//1931
f 1106//1932 1107//1931 1049//1933
f 1107//1931 1136//1930 1049//1933
f 1136//1930 1050//1934 1049//1933
f 1109//1935 1136//1936 1108//1937
f 1109//1935 1110//1938 1136//1936
f 1110//1938 1051//1843 1136//1936
f 1051//1843 1050//1939 1136//1936
f 1099//1915 1052//1847 1111//1940
f 1039//1811 1052//1847 1099//1915
f 1052//1847 1053//1849 1112//1941
f 1112//1941 1111//1940 1052//1847
f 1137//1942 1054//1854 1055//1943
f 1113//1944 1112//1941 1137//1942
f 1112//1941 1054//1854 1137//1942
f 1112//1941 1053//1849 1054//1854
f 1138//1945 1055//1850 1056//1855
f 1137//1942 1055//1943 1138//1946
f 1113//1944 1138//1946 1114//1947
f 1137//1942 1138//1946 1113//1944
f 1110//1938 1056//1855 1051//1843
f 1110//1938 1138//1948 1056//1855
f 1110//1938 1115//1949 1138//1948
f 1114//1950 1138//1951 1115//1952
f 1117//1953 1122//1954 1116//1955
f 1117//1953 1118//1956 1122//1954
f 1118//1956 1120//1864 1122//1954
f 1118//1956 1076//1862 1120//1864
f 1116//1955 1125//1957 1079//1958
f 1122//1954 1125//1957 1116//1955
f 1140//1959 1163//1960 1139//1961
f 1117//1962 1116//1963 1164//1964
f 1141//1965 1163//1960 1118//1956
f 1163//1960 1076//1862 1118//1956
f 1141//1965 1139//1961 1163//1960
f 1142//1966 1141//1965 1164//1964
f 1141//1965 1117//1962 1164//1964
f 1141//1965 1118//1956 1117//1962
f 1140//1959 1143//1967 1163//1960
f 1143//1967 1074//1856 1163//1960
f 1074//1856 1073//1858 1163//1960
f 1143//1968 1075//1859 1074//1861
f 1143//1968 1165//1969 1075//1859
f 1143//1970 1144//1971 1165//1972
f 1145//1973 1165//1974 1144//1975
f 1073//1976 1076//1862 1163//1960
f 1077//1872 1075//1871 1165//1974
f 1165//1974 1166//1977 1077//1872
f 1078//1874 1077//1872 1166//1977
f 1146//1978 1080//1880 1147//1979
f 1079//1980 1080//1880 1146//1978
f 1167//1981 1081//1889 1082//1982
f 1148//1983 1147//1979 1167//1981
f 1147//1979 1081//1889 1167//1981
f 1147//1979 1080//1880 1081//1889
f 1166//1977 1165//1974 1145//1973
f 1145//1973 1149//1984 1166//1977
f 1149//1984 1150//1985 1166//1977
f 1150//1985 1078//1874 1166//1977
f 1150//1985 1083//1890 1078//1874
f 1150//1985 1167//1986 1083//1890
f 1167//1986 1082//1892 1083//1890
f 1150//1985 1151//1987 1167//1986
f 1148//1988 1167//1986 1151//1987
f 1169//1989 1168//1990 1152//1991
f 1152//1991 1153//1992 1169//1989
f 1153//1992 1154//1993 1169//1989
f 1154//1993 1101//1918 1169//1989
f 1154//1993 1102//1920 1101//1918
f 1154//1993 1170//1994 1102//1920
f 1155//1995 1170//1994 1154//1993
f 1103//1921 1102//1920 1170//1994
f 1155//1995 1156//1996 1170//1994
f 1156//1996 1103//1921 1170//1994
f 1156//1997 1104//1998 1103//1999
f 1157//2000 1104//2001 1156//2002
f 1105//1924 1104//1923 1157//2003
f 1158//2004 1105//2005 1157//2006
f 1106//2007 1105//2005 1158//2004
f 1108//1929 1107//1931 1171//2008
f 1158//2009 1107//1931 1106//2010
f 1158//2009 1171//2008 1107//1931
f 1158//2011 1159//2012 1171//2013
f 1159//2012 1172//2014 1171//2013
f 1109//1935 1108//1937 1171//2015
f 1110//1938 1171//2015 1172//2016
f 1109//1935 1171//2015 1110//1938
f 1112//1941 1113//2017 1161//2018
f 1161//2018 1160//2019 1112//1941
f 1173//2020 1172//2014 1159//2012
f 1159//2012 1162//2021 1173//2020
f 1162//2022 1114//2023 1173//2024
f 1162//2025 1113//2026 1114//2027
f 1162//2028 1161//2018 1113//2017
f 1115//2029 1172//2016 1173//2030
f 1110//1938 1172//2016 1115//2029
f 1173//2031 1114//2032 1115//2033
f 1175//2034 1139//1961 1174//2035
f 1140//1959 1139//1961 1175//2034
f 1139//1961 1141//1965 1176//2036
f 1176//2036 1174//2035 1139//1961
f 1176//2036 1142//1966 1177//2037
f 1141//1965 1142//1966 1176//2036
f 1178//2038 1140//1959 1175//2034
f 1143//1967 1140//1959 1178//2038
f 1144//2039 1143//2040 1178//2038
f 1178//2038 1179//2041 1144//2039
f 1180//2042 1144//1975 1179//2043
f 1145//1973 1144//1975 1180//2042
f 1181//2044 1147//1979 1182//2045
f 1146//1978 1147//1979 1181//2044
f 1147//1979 1148//1983 1183//2046
f 1183//2047 1182//2045 1147//1979
f 1184//2048 1145//1973 1180//2042
f 1149//1984 1145//1973 1184//2048
f 1184//2049 1185//2050 1149//2051
f 1185//2050 1198//2052 1149//2051
f 1198//2052 1150//2053 1149//2051
f 1186//2054 1198//2052 1185//2050
f 1188//2055 1187//2056 1198//2057
f 1187//2058 1151//2059 1198//2052
f 1151//2059 1150//2053 1198//2052
f 1183//2060 1151//1987 1187//2061
f 1148//1988 1151//1987 1183//2060
f 1188//2055 1198//2057 1186//2062
f 1152//1991 1199//2063 1200//2064
f 1200//2064 1153//1992 1152//1991
f 1189//2065 1199//2063 1201//2066
f 1189//2065 1200//2064 1199//2063
f 1189//2065 1190//2067 1200//2064
f 1154//1993 1153//1992 1200//2064
f 1190//2067 1191//2068 1200//2064
f 1191//2068 1154//1993 1200//2064
f 1191//2068 1155//1995 1154//1993
f 1189//2065 1202//2069 1192//2070
f 1201//2066 1202//2069 1189//2065
f 1192//2070 1202//2069 1193//2071
f 1156//1996 1155//1995 1191//2068
f 1191//2068 1194//2072 1156//1996
f 1157//2000 1156//2002 1194//2073
f 1194//2074 1195//2075 1157//2076
f 1195//2077 1158//2004 1157//2006
f 1195//2078 1203//2079 1158//2080
f 1195//2078 1196//2081 1203//2079
f 1159//2082 1158//2083 1203//2084
f 1196//2081 1205//2085 1203//2079
f 1196//2081 1204//2086 1205//2085
f 1196//2081 1197//2087 1204//2088
f 1204//2089 1160//2019 1161//2018
f 1161//2090 1205//2085 1204//2086
f 1159//2012 1203//2079 1205//2085
f 1205//2085 1162//2021 1159//2012
f 1205//2085 1161//2090 1162//2091
f 1181//2044 1142//2092 1146//2093
f 1142//2092 1164//2094 1146//2093
f 1164//2094 1079//2095 1146//2093
f 1164//2094 1116//2096 1079//2095
f 1181//2044 1177//2097 1142//2092
f 1175//2034 1174//2035 1212//2098
f 1212//2098 1213//2099 1175//2034
f 1174//2035 1176//2036 1214//2100
f 1214//2100 1212//2098 1174//2035
f 1176//2036 1177//2037 1215//2101
f 1215//2101 1214//2100 1176//2036
f 1217//2102 1236//2103 1216//2104
f 1219//2105 1237//2106 1218//2107
f 1213//2099 1218//2107 1175//2034
f 1218//2107 1237//2106 1175//2034
f 1237//2106 1178//2038 1175//2034
f 1219//2105 1238//2108 1237//2106
f 1219//2109 1236//2110 1238//2111
f 1219//2112 1216//2113 1236//2114
f 1178//2038 1237//2106 1238//2108
f 1238//2108 1179//2041 1178//2038
f 1220//2115 1236//2103 1217//2102
f 1238//2116 1236//2103 1220//2115
f 1220//2117 1221//2118 1238//2119
f 1221//2118 1180//2042 1238//2119
f 1180//2042 1179//2043 1238//2119
f 1221//2118 1222//2120 1180//2042
f 1222//2120 1239//2121 1180//2042
f 1223//2122 1239//2121 1222//2120
f 1224//2123 1240//2124 1225//2125
f 1226//2126 1240//2124 1224//2123
f 1227//2127 1241//2128 1228//2129
f 1229//2130 1181//2044 1182//2045
f 1229//2130 1241//2128 1181//2044
f 1229//2130 1228//2129 1241//2128
f 1229//2130 1183//2047 1230//2131
f 1182//2045 1183//2047 1229//2130
f 1231//2132 1184//2133 1242//2134
f 1184//2135 1180//2042 1242//2136
f 1180//2042 1239//2121 1242//2136
f 1231//2132 1240//2137 1184//2133
f 1231//2138 1225//2139 1240//2140
f 1226//2141 1231//2142 1240//2143
f 1231//2144 1242//2145 1240//2146
f 1242//2145 1184//2147 1240//2146
f 1242//2136 1185//2050 1184//2049
f 1242//2136 1239//2121 1223//2122
f 1223//2122 1232//2148 1242//2136
f 1232//2148 1185//2050 1242//2136
f 1232//2148 1186//2054 1185//2050
f 1232//2149 1233//2150 1186//2151
f 1243//2152 1187//2061 1188//2153
f 1234//2154 1230//2155 1243//2152
f 1230//2155 1183//2060 1243//2152
f 1183//2060 1187//2061 1243//2152
f 1233//2150 1235//2156 1186//2151
f 1235//2156 1243//2152 1186//2151
f 1243//2152 1188//2157 1186//2151
f 1234//2154 1243//2152 1235//2156
f 1245//2158 1262//2159 1244//2160
f 1244//2161 1262//2162 1246//2163
f 1263//2164 1213//2099 1212//2098
f 1212//2098 1214//2100 1264//2165
f 1264//2165 1263//2164 1212//2098
f 1264//2165 1215//2101 1265//2166
f 1214//2100 1215//2101 1264//2165
f 1248//2167 1216//2168 1247//2169
f 1217//2170 1216//2168 1248//2167
f 1245//2158 1249//2171 1262//2159
f 1249//2171 1218//2107 1262//2159
f 1249//2171 1219//2105 1218//2107
f 1250//2172 1246//2173 1263//2164
f 1246//2173 1213//2099 1263//2164
f 1246//2173 1262//2174 1213//2099
f 1262//2175 1218//2176 1213//2177
f 1216//2178 1219//2179 1249//2180
f 1249//2180 1247//2181 1216//2178
f 1248//2167 1220//2182 1217//2170
f 1248//2167 1266//2183 1220//2182
f 1248//2184 1251//2185 1266//2186
f 1252//2187 1266//2188 1251//2189
f 1221//2118 1220//2117 1266//2188
f 1266//2188 1267//2190 1221//2118
f 1222//2120 1221//2118 1267//2190
f 1253//2191 1266//2188 1252//2187
f 1267//2190 1266//2188 1253//2191
f 1253//2191 1254//2192 1267//2190
f 1254//2192 1222//2120 1267//2190
f 1254//2192 1223//2122 1222//2120
f 1263//2164 1264//2165 1255//2193
f 1255//2193 1250//2172 1263//2164
f 1255//2193 1265//2166 1256//2194
f 1264//2165 1265//2166 1255//2193
f 1268//2195 1224//2196 1225//2197
f 1226//2198 1224//2196 1268//2195
f 1257//2199 1256//2194 1269//2200
f 1256//2194 1265//2166 1269//2200
f 1265//2166 1227//2127 1269//2200
f 1227//2127 1228//2129 1269//2200
f 1269//2200 1228//2129 1229//2130
f 1269//2200 1270//2201 1258//2202
f 1258//2202 1257//2199 1269//2200
f 1270//2201 1229//2130 1230//2131
f 1269//2200 1229//2130 1270//2201
f 1268//2203 1225//2204 1231//2205
f 1231//2205 1226//2206 1268//2203
f 1232//2148 1223//2122 1254//2192
f 1254//2207 1259//2208 1232//2209
f 1260//2210 1232//2209 1259//2208
f 1233//2211 1232//2209 1260//2210
f 1270//2201 1271//2212 1261//2213
f 1261//2213 1258//2202 1270//2201
f 1270//2201 1230//2131 1234//2214
f 1234//2214 1271//2215 1270//2201
f 1260//2210 1235//2216 1233//2211
f 1260//2210 1271//2215 1235//2216
f 1260//2217 1261//2213 1271//2212
f 1271//2215 1234//2214 1235//2216
f 1276//2218 1247//2219 1275//2220
f 1248//2184 1247//2221 1276//2222
f 1277//2223 1249//2224 1297//2225
f 1249//2224 1245//2226 1297//2225
f 1277//2227 1278//2228 1249//2180
f 1279//2229 1297//2230 1250//2172
f 1297//2230 1246//2173 1250//2172
f 1279//2229 1277//2231 1297//2232
f 1247//2181 1249//2180 1278//2228
f 1278//2228 1275//2233 1247//2181
f 1281//2234 1298//2235 1280//2236
f 1276//2222 1280//2236 1248//2184
f 1280//2236 1251//2185 1248//2184
f 1280//2236 1298//2235 1251//2185
f 1282//2237 1298//2238 1281//2239
f 1282//2237 1251//2189 1298//2238
f 1282//2237 1283//2240 1251//2189
f 1283//2240 1299//2241 1251//2189
f 1299//2241 1252//2187 1251//2189
f 1285//2242 1253//2243 1299//2244
f 1253//2191 1252//2187 1299//2241
f 1285//2242 1284//2245 1253//2243
f 1286//2246 1253//2243 1284//2245
f 1254//2247 1253//2243 1286//2246
f 1287//2248 1255//2193 1300//2249
f 1287//2248 1279//2229 1255//2193
f 1279//2229 1250//2172 1255//2193
f 1300//2249 1256//2194 1301//2250
f 1255//2193 1256//2194 1300//2249
f 1287//2251 1300//2252 1288//2253
f 1289//2254 1301//2250 1302//2255
f 1289//2254 1300//2249 1301//2250
f 1289//2256 1288//2253 1300//2252
f 1290//2257 1303//2258 1291//2259
f 1290//2257 1302//2260 1303//2258
f 1302//2260 1304//2261 1303//2258
f 1290//2257 1289//2262 1302//2260
f 1286//2263 1291//2264 1254//2265
f 1291//2259 1303//2258 1254//2266
f 1303//2258 1259//2267 1254//2268
f 1259//2267 1303//2258 1304//2261
f 1304//2261 1260//2269 1259//2267
f 1292//2270 1299//2241 1283//2240
f 1285//2242 1299//2271 1292//2272
f 1294//2273 1305//2274 1293//2275
f 1295//2276 1305//2277 1294//2278
f 1293//2279 1305//2280 1296//1131
f 1296//1131 1305//2280 1295//2281
f 1307//2282 1320//2283 1306//2284
f 1308//2285 1320//2286 1307//2287
f 1310//2288 1321//2289 1309//2290
f 1311//2291 1309//2292 1275//2233
f 1309//2290 1321//2289 1275//2220
f 1321//2289 1276//2218 1275//2220
f 1278//2228 1277//2231 1322//2293
f 1277//2231 1279//2229 1323//2294
f 1323//2294 1322//2293 1277//2231
f 1312//2295 1311//2291 1322//2296
f 1311//2291 1278//2228 1322//2293
f 1311//2291 1275//2233 1278//2228
f 1313//2297 1322//2296 1324//2298
f 1322//2296 1323//2294 1324//2298
f 1313//2297 1312//2295 1322//2296
f 1310//2288 1280//2236 1321//2289
f 1310//2288 1314//2299 1280//2236
f 1314//2299 1281//2234 1280//2236
f 1280//2236 1276//2222 1321//2289
f 1314//2300 1282//2237 1281//2239
f 1314//2300 1325//2301 1282//2237
f 1314//2302 1306//2284 1325//2303
f 1306//2284 1320//2283 1325//2303
f 1283//2240 1282//2237 1325//2301
f 1313//2297 1326//2304 1315//2305
f 1324//2306 1326//2304 1313//2297
f 1327//2307 1284//2245 1285//2242
f 1316//2308 1315//2309 1327//2307
f 1315//2310 1286//2263 1327//2311
f 1286//2246 1284//2245 1327//2307
f 1315//2310 1326//2312 1286//2263
f 1323//2294 1279//2229 1287//2248
f 1328//2313 1287//2314 1288//2315
f 1328//2316 1323//2294 1287//2248
f 1328//2316 1324//2298 1323//2294
f 1328//2317 1288//2318 1289//2319
f 1291//2259 1324//2320 1290//2257
f 1324//2320 1328//2321 1290//2257
f 1291//2264 1326//2312 1324//2322
f 1328//2321 1289//2323 1290//2257
f 1326//2312 1291//2264 1286//2263
f 1325//2324 1320//2286 1308//2285
f 1308//2285 1317//2325 1325//2324
f 1317//2325 1318//2326 1325//2324
f 1318//2327 1283//2240 1325//2328
f 1318//2327 1292//2270 1283//2240
f 1318//2329 1285//2242 1292//2272
f 1318//2329 1327//2307 1285//2242
f 1318//2329 1319//2330 1327//2307
f 1316//2308 1327//2307 1319//2330
f 1294//2273 1293//2275 1329//2331
f 1295//2276 1294//2278 1329//2332
f 1329//2333 1293//2279 1296//1131
f 1329//2333 1296//1131 1295//2281
f 1375//2334 1397//2335 1374//2336
f 1374//2336 1398//2337 1376//2338
f 1397//2335 1398//2337 1374//2336
f 1378//2339 1306//2340 1377//2341
f 1307//2342 1306//2340 1378//2339
f 1378//2343 1308//2344 1307//2345
f 1378//2343 1399//2346 1308//2344
f 1378//2347 1379//2348 1399//2349
f 1380//2350 1399//2351 1379//2352
f 1382//2353 1311//2291 1400//2354
f 1311//2291 1312//2295 1400//2354
f 1382//2353 1381//2355 1311//2291
f 1400//2354 1312//2295 1313//2297
f 1384//2356 1310//2288 1383//2357
f 1314//2299 1310//2288 1384//2356
f 1306//2340 1314//2299 1384//2356
f 1384//2356 1377//2341 1306//2340
f 1382//2353 1401//2358 1385//2359
f 1400//2354 1401//2358 1382//2353
f 1401//2358 1313//2297 1315//2305
f 1400//2354 1313//2297 1401//2358
f 1385//2360 1402//2361 1386//2362
f 1401//2363 1402//2361 1385//2360
f 1401//2364 1315//2365 1316//2366
f 1316//2367 1402//2361 1401//2363
f 1387//2368 1397//2335 1375//2334
f 1403//2369 1397//2335 1387//2368
f 1404//2370 1397//2335 1403//2369
f 1398//2337 1397//2335 1404//2370
f 1388//2371 1403//2369 1387//2368
f 1405//2372 1403//2369 1388//2371
f 1404//2370 1403//2369 1405//2372
f 1405//2372 1406//2373 1404//2370
f 1389//2374 1405//2372 1388//2371
f 1390//2375 1405//2372 1389//2374
f 1406//2373 1405//2372 1390//2375
f 1392//2376 1391//2377 1399//2378
f 1391//2377 1317//2379 1399//2378
f 1317//2325 1308//2285 1399//2380
f 1393//2381 1317//2379 1391//2377
f 1318//2329 1317//2379 1393//2381
f 1392//2382 1399//2383 1380//2384
f 1393//2381 1402//2385 1318//2329
f 1402//2385 1319//2330 1318//2329
f 1393//2381 1386//2386 1402//2385
f 1402//2385 1316//2308 1319//2330
f 1395//2387 1407//2388 1394//2389
f 1396//2390 1407//2391 1395//2392
f 1409//2393 1457//2394 1408//2395
f 1410//2396 1375//2334 1374//2336
f 1410//2396 1457//2397 1375//2334
f 1410//2396 1408//2398 1457//2397
f 1410//2396 1376//2338 1411//2399
f 1374//2336 1376//2338 1410//2396
f 1413//2400 1377//2341 1412//2401
f 1378//2339 1377//2341 1413//2402
f 1414//2403 1378//2404 1413//2405
f 1379//2406 1378//2407 1414//2408
f 1380//2409 1379//2410 1414//2411
f 1414//2411 1415//2412 1380//2409
f 1416//2413 1457//2394 1409//2393
f 1458//2414 1457//2394 1416//2413
f 1459//2415 1381//2355 1382//2353
f 1460//2416 1458//2414 1416//2413
f 1416//2417 1417//2418 1460//2419
f 1418//2420 1383//2357 1461//2421
f 1418//2420 1419//2422 1383//2357
f 1419//2422 1384//2356 1383//2357
f 1418//2420 1459//2423 1420//2424
f 1461//2421 1459//2423 1418//2420
f 1412//2425 1384//2426 1419//2427
f 1377//2341 1384//2356 1412//2401
f 1421//2428 1420//2429 1462//2430
f 1420//2431 1385//2432 1462//2433
f 1420//2434 1459//2415 1385//2359
f 1459//2415 1382//2353 1385//2359
f 1417//2418 1421//2435 1460//2419
f 1421//2435 1463//2436 1460//2419
f 1421//2428 1462//2430 1463//2437
f 1464//2438 1385//2360 1386//2362
f 1462//2439 1385//2440 1464//2441
f 1465//2442 1462//2439 1464//2441
f 1463//2436 1462//2443 1465//2444
f 1375//2334 1457//2445 1458//2446
f 1458//2446 1387//2368 1375//2334
f 1388//2371 1458//2447 1460//2419
f 1387//2368 1458//2447 1388//2371
f 1463//2436 1388//2371 1460//2419
f 1463//2436 1389//2374 1388//2371
f 1463//2436 1466//2448 1389//2374
f 1467//2449 1389//2450 1466//2451
f 1390//2452 1389//2453 1467//2454
f 1423//2455 1422//2456 1465//2457
f 1422//2458 1463//2436 1465//2444
f 1422//2458 1466//2448 1463//2436
f 1424//2459 1466//2448 1422//2458
f 1467//2460 1466//2448 1424//2459
f 1425//2461 1392//2376 1426//2462
f 1391//2377 1392//2376 1425//2461
f 1427//2463 1391//2377 1425//2461
f 1393//2381 1391//2377 1427//2463
f 1392//2382 1380//2384 1415//2464
f 1415//2464 1426//2465 1392//2382
f 1427//2463 1464//2466 1393//2381
f 1464//2466 1386//2386 1393//2381
f 1427//2467 1428//2468 1464//2469
f 1429//2470 1464//2469 1428//2468
f 1465//2457 1464//2469 1429//2470
f 1431//2471 1468//2472 1430//2473
f 1469//2474 1468//2472 1431//2471
f 1471//2475 1468//2472 1469//2474
f 1470//2476 1468//2472 1471//2475
f 1432//2477 1469//2474 1431//2471
f 1472//2478 1469//2474 1432//2477
f 1473//2479 1469//2474 1472//2480
f 1471//2475 1469//2474 1473//2479
f 1475//2481 1470//2476 1471//2475
f 1474//2482 1470//2476 1475//2481
f 1433//2483 1475//2481 1434//2484
f 1474//2482 1475//2481 1433//2483
f 1475//2481 1471//2475 1473//2479
f 1473//2485 1476//2486 1475//2487
f 1475//2481 1476//2488 1435//2489
f 1435//2489 1434//2484 1475//2481
f 1436//2490 1472//2478 1432//2477
f 1436//2490 1473//2479 1472//2480
f 1436//2490 1437//2491 1473//2479
f 1437//2491 1477//2492 1473//2479
f 1438//2493 1477//2494 1437//2491
f 1440//2495 1473//2496 1477//2497
f 1440//2498 1476//2499 1473//2500
f 1440//2498 1439//2501 1476//2499
f 1435//2502 1476//2499 1439//2501
f 1440//2503 1477//2494 1438//2493
f 1442//2504 1478//2505 1441//2506
f 1478//2505 1479//2507 1443//2508
f 1443//2508 1441//2506 1478//2505
f 1443//2508 1479//2507 1444//2509
f 1445//2510 1478//2505 1442//2504
f 1446//2511 1478//2505 1445//2510
f 1479//2512 1478//2505 1446//2511
f 1448//2513 1480//2514 1447//2515
f 1444//2516 1479//2512 1446//2511
f 1449//2517 1480//2514 1448//2513
f 1451//2518 1394//2519 1450//2520
f 1395//2521 1394//2519 1451//2518
f 1480//2514 1481//2522 1452//2523
f 1452//2523 1447//2515 1480//2514
f 1451//2518 1452//2524 1395//2521
f 1452//2525 1481//2526 1395//2527
f 1481//2528 1396//2390 1395//2392
f 1481//2528 1482//2529 1396//2390
f 1481//2530 1480//2514 1449//2517
f 1449//2531 1453//2532 1481//2533
f 1454//2534 1481//2533 1453//2532
f 1482//2535 1481//2536 1454//2537
f 1411//2538 1398//2539 1455//2540
f 1376//2541 1398//2542 1411//2543
f 1485//2544 1498//2545 1484//2546
f 1486//2547 1498//2545 1485//2544
f 1459//2423 1461//2421 1381//2355
f 1461//2421 1309//2292 1381//2355
f 1309//2292 1311//2291 1381//2355
f 1461//2421 1383//2357 1309//2292
f 1383//2357 1310//2288 1309//2548
f 1489//2549 1404//2550 1406//2551
f 1489//2549 1455//2552 1404//2550
f 1455//2552 1398//2553 1404//2550
f 1424//2554 1489//2549 1467//2555
f 1489//2549 1390//2556 1467//2555
f 1489//2549 1406//2551 1390//2556
f 1423//2455 1465//2457 1429//2470
f 1521//2557 1519//2558 1625//2559
f 1625//2559 1626//2560 1521//2557
f 1627//2561 1521//2557 1626//2560
f 1523//2562 1521//2557 1627//2561
f 1625//2563 1525//2564 1629//2565
f 1519//2566 1525//2564 1625//2563
f 1629//2565 1527//2567 1631//2568
f 1525//2564 1527//2567 1629//2565
f 1631//2568 1529//2569 1632//2570
f 1527//2567 1529//2569 1631//2568
f 1529//2569 1531//2571 1634//2572
f 1634//2572 1632//2570 1529//2569
f 1634//2572 1533//2573 1635//2574
f 1531//2571 1533//2573 1634//2572
f 1538//2575 1536//2576 1696//2577
f 1638//2578 1541//2579 1539//2580
f 1638//2578 1639//2581 1541//2579
f 1639//2581 1698//2582 1541//2579
f 1543//2583 1541//2579 1698//2582
f 1641//2584 1698//2582 1639//2581
f 1536//2585 1545//1131 1696//2586
f 1641//2584 1547//2587 1698//2582
f 1547//2587 1543//2583 1698//2582
f 1641//2584 1642//2588 1547//2587
f 1549//2589 1538//2590 1696//2591
f 1696//2586 1545//1131 1549//2592
f 1642//2588 1551//2593 1547//2587
f 1642//2588 1701//2594 1551//2593
f 1642//2588 1644//2595 1701//2594
f 1645//2596 1701//2594 1644//2595
f 1648//2597 1523//2562 1627//2561
f 1553//2598 1523//2562 1648//2597
f 1649//2599 1553//2598 1648//2597
f 1555//2600 1553//2598 1649//2599
f 1703//2601 1558//2602 1559//2603
f 1651//2604 1555//2605 1649//2606
f 1560//2607 1555//2608 1651//2609
f 1561//2610 1560//2611 1651//2612
f 1651//2612 1653//2613 1561//2610
f 1655//2614 1706//2615 1657//2616
f 1655//2617 1658//2618 1706//2619
f 1658//2618 1563//2620 1706//2619
f 1658//2618 1562//2621 1563//2620
f 1653//2622 1564//2623 1561//2624
f 1653//2622 1706//2619 1564//2623
f 1653//2622 1657//2625 1706//2619
f 1706//2619 1563//2620 1564//2623
f 1661//2626 1692//2627 1636//2628
f 1663//2629 1692//2630 1661//2626
f 1699//2631 1692//2630 1663//2629
f 1662//2632 1699//2631 1663//2629
f 1565//2633 1551//2593 1701//2594
f 1645//2596 1665//2634 1701//2594
f 1665//2634 1565//2633 1701//2594
f 1665//2634 1566//2635 1565//2633
f 1665//2634 1567//2636 1566//2635
f 1665//2634 1691//2637 1567//2636
f 1665//2634 1628//2638 1691//2637
f 1568//2639 1569//2640 1668//2641
f 1668//2641 1667//2642 1568//2639
f 1633//2643 1670//2644 1691//2645
f 1670//2644 1567//2636 1691//2645
f 1670//2644 1570//2646 1567//2636
f 1668//2641 1570//2646 1670//2644
f 1569//2640 1570//2646 1668//2641
f 1711//2647 1571//2648 1572//2649
f 1712//2650 1571//2648 1711//2647
f 1573//2651 1571//2648 1712//2650
f 1673//2652 1572//2653 1574//2654
f 1673//2655 1711//2647 1572//2649
f 1673//2655 1672//2656 1711//2647
f 1675//2657 1711//2647 1672//2656
f 1712//2650 1711//2647 1675//2657
f 1713//2658 1573//2651 1712//2650
f 1575//2659 1573//2651 1713//2658
f 1576//2660 1575//2659 1713//2658
f 1677//2661 1712//2650 1675//2657
f 1713//2658 1712//2650 1677//2661
f 1677//2661 1714//2662 1713//2658
f 1714//2662 1577//2663 1713//2658
f 1577//2663 1576//2660 1713//2658
f 1677//2661 1679//2664 1714//2662
f 1673//2652 1568//2639 1667//2642
f 1574//2654 1568//2639 1673//2652
f 1680//2665 1714//2662 1679//2664
f 1715//2666 1714//2662 1680//2665
f 1682//2667 1715//2666 1680//2665
f 1715//2666 1716//2668 1714//2662
f 1716//2668 1579//2669 1714//2662
f 1579//2669 1578//2670 1714//2662
f 1580//2671 1579//2669 1716//2668
f 1682//2667 1716//2668 1715//2666
f 1682//2667 1681//2672 1716//2668
f 1681//2672 1704//2673 1716//2668
f 1704//2673 1580//2671 1716//2668
f 1704//2673 1581//2674 1580//2671
f 1704//2673 1705//2675 1581//2674
f 1768//2676 1843//2677 1766//2678
f 1845//2679 1843//2677 1768//2676
f 1768//2676 1770//2680 1845//2679
f 1770//2680 1771//2681 1845//2679
f 1771//2682 1625//2559 1845//2683
f 1771//2682 1626//2560 1625//2559
f 1627//2561 1626//2560 1771//2682
f 1771//2682 1773//2684 1627//2561
f 1766//2678 1843//2677 1775//2685
f 1843//2677 1845//2686 1777//2687
f 1777//2687 1775//2685 1843//2677
f 1778//2688 1845//2689 1629//2565
f 1845//2690 1625//2691 1629//2692
f 1778//2693 1777//2687 1845//2686
f 1778//2688 1631//2568 1779//2694
f 1629//2565 1631//2568 1778//2688
f 1779//2694 1632//2570 1782//2695
f 1631//2568 1632//2570 1779//2694
f 1782//2696 1634//2572 1783//2697
f 1632//2570 1634//2572 1782//2695
f 1634//2572 1635//2574 1785//2698
f 1785//2698 1783//2697 1634//2572
f 1789//2699 1848//2700 1788//2701
f 1850//2702 1848//2700 1789//2699
f 1791//2703 1850//2702 1789//2699
f 1639//2581 1848//2700 1850//2702
f 1638//2578 1848//2700 1639//2581
f 1791//2703 1639//2581 1850//2702
f 1791//2703 1641//2584 1639//2581
f 1791//2703 1852//2704 1641//2584
f 1791//2703 1793//2705 1852//2704
f 1642//2588 1641//2584 1852//2704
f 1854//2706 1852//2704 1793//2705
f 1793//2705 1795//2707 1854//2706
f 1644//2595 1852//2704 1854//2706
f 1642//2588 1852//2704 1644//2595
f 1797//2708 1854//2706 1795//2707
f 1797//2708 1644//2595 1854//2706
f 1797//2708 1780//2709 1644//2595
f 1780//2709 1645//2596 1644//2595
f 1648//2597 1627//2561 1773//2684
f 1773//2684 1800//2710 1648//2597
f 1803//2711 1857//2712 1802//2713
f 1800//2710 1857//2712 1648//2597
f 1857//2712 1649//2599 1648//2597
f 1800//2710 1802//2713 1857//2712
f 1805//2714 1857//2712 1803//2711
f 1805//2715 1808//2716 1857//2717
f 1808//2718 1651//2612 1857//2719
f 1651//2604 1649//2606 1857//2720
f 1808//2718 1859//2721 1651//2612
f 1653//2613 1651//2612 1859//2721
f 1810//2722 1861//2723 1812//2724
f 1808//2718 1814//2725 1859//2721
f 1814//2725 1657//2625 1859//2721
f 1814//2726 1655//2614 1657//2616
f 1814//2725 1658//2618 1655//2617
f 1814//2725 1861//2723 1658//2618
f 1814//2725 1812//2724 1861//2723
f 1859//2721 1657//2625 1653//2622
f 1818//2727 1862//2728 1816//2729
f 1842//2730 1862//2731 1818//2732
f 1818//2732 1767//2733 1842//2730
f 1862//2728 1864//2734 1820//2735
f 1820//2735 1816//2729 1862//2728
f 1820//2735 1864//2734 1822//2736
f 1864//2737 1862//2731 1842//2730
f 1842//2730 1846//2738 1864//2737
f 1806//2739 1822//2736 1636//2740
f 1822//2736 1864//2734 1636//2740
f 1864//2737 1661//2626 1636//2628
f 1864//2737 1846//2738 1661//2626
f 1875//2741 1877//2742 1965//2743
f 1877//2744 1766//2745 1965//2746
f 1877//2747 1768//2748 1766//2749
f 1770//2750 1768//2751 1877//2752
f 1877//2753 1879//2754 1770//2755
f 1882//2756 1770//2755 1879//2754
f 1771//2682 1770//2755 1882//2756
f 1886//2757 1969//2758 1885//2759
f 1882//2756 1885//2759 1771//2682
f 1885//2759 1969//2758 1771//2682
f 1969//2758 1773//2684 1771//2682
f 1775//2685 1965//2743 1766//2678
f 1775//2685 1971//2760 1965//2743
f 1775//2685 1972//2761 1971//2760
f 1891//2762 1889//2763 1974//2764
f 1889//2763 1971//2760 1974//2764
f 1971//2760 1972//2761 1974//2764
f 1972//2761 1775//2685 1777//2687
f 1777//2765 1976//2766 1972//2767
f 1893//2768 1892//2769 1976//2770
f 1892//2771 1974//2772 1976//2773
f 1974//2772 1972//2774 1976//2773
f 1891//2775 1977//2776 1895//2777
f 1974//2764 1977//2778 1891//2762
f 1895//2777 1977//2776 1897//2779
f 1892//2771 1977//2780 1974//2772
f 1892//2771 1899//2781 1977//2780
f 1899//2782 1979//2783 1977//2784
f 1897//2779 1979//2785 1901//2786
f 1977//2776 1979//2785 1897//2779
f 1976//2766 1777//2765 1778//2787
f 1903//2788 1976//2789 1779//2694
f 1976//2789 1778//2688 1779//2694
f 1903//2790 1893//2791 1976//2792
f 1899//2782 1779//2793 1979//2783
f 1779//2794 1782//2795 1979//2796
f 1782//2797 1981//2798 1979//2799
f 1899//2782 1903//2800 1779//2793
f 1901//2801 1981//2802 1905//2803
f 1979//2799 1981//2798 1901//2804
f 1908//2805 1907//2806 1982//2807
f 1907//2806 1981//2802 1982//2807
f 1981//2802 1783//2697 1982//2807
f 1981//2798 1782//2797 1783//2808
f 1905//2803 1981//2802 1907//2806
f 1982//2807 1783//2697 1785//2698
f 1789//2699 1788//2701 1912//2809
f 1912//2809 1913//2810 1789//2699
f 1913//2810 1791//2703 1789//2699
f 1913//2810 1915//2811 1791//2703
f 1915//2811 1984//2812 1791//2703
f 1793//2705 1791//2703 1984//2812
f 1987//2813 1984//2812 1915//2811
f 1915//2811 1917//2814 1987//2813
f 1989//2815 1987//2813 1917//2814
f 1917//2814 1919//2816 1989//2815
f 1795//2707 1984//2812 1987//2813
f 1793//2705 1984//2812 1795//2707
f 1989//2815 1990//2817 1987//2813
f 1990//2817 1797//2708 1987//2813
f 1797//2708 1795//2707 1987//2813
f 1780//2709 1797//2708 1990//2817
f 1990//2817 1973//2818 1780//2709
f 1923//2819 1992//2820 1922//2821
f 1922//2821 1992//2820 1925//2822
f 1927//2823 1992//2824 1923//2825
f 1925//2826 1992//2824 1927//2823
f 1994//2827 1969//2758 1886//2757
f 1886//2757 1929//2828 1994//2827
f 1800//2710 1969//2758 1994//2827
f 1773//2684 1969//2758 1800//2710
f 1931//2829 1994//2827 1929//2828
f 1996//2830 1803//2711 1802//2713
f 1931//2829 1800//2710 1994//2827
f 1931//2829 1802//2713 1800//2710
f 1931//2829 1933//2831 1802//2713
f 1933//2831 1996//2830 1802//2713
f 1805//2714 1803//2711 1996//2830
f 1933//2831 1805//2714 1996//2830
f 1933//2832 1808//2833 1805//2834
f 1933//2832 1935//2835 1808//2833
f 1938//2836 1998//2837 1939//2838
f 1941//2839 1999//2840 1943//2841
f 1941//2839 1998//2837 1999//2840
f 1998//2837 1810//2722 1999//2840
f 1810//2722 1812//2724 1999//2840
f 1941//2839 1939//2838 1998//2837
f 1935//2842 1999//2840 1808//2843
f 1999//2840 1814//2725 1808//2718
f 1935//2842 1943//2841 1999//2840
f 1999//2840 1812//2724 1814//2725
f 1945//2844 1989//2815 1919//2816
f 1947//2845 1989//2815 1945//2844
f 1990//2817 1989//2815 1947//2845
f 1973//2818 1990//2817 1947//2845
f 1947//2845 1909//2846 1973//2818
f 1952//2847 2002//2848 1949//2849
f 1953//2850 1818//2727 1816//2729
f 1953//2850 2002//2848 1818//2727
f 1953//2850 1949//2849 2002//2848
f 1876//2851 2002//2852 1952//2853
f 1966//2854 2002//2852 1876//2851
f 1818//2732 2002//2852 1966//2854
f 1966//2854 1767//2733 1818//2732
f 1816//2729 1820//2735 1955//2855
f 1955//2855 1953//2850 1816//2729
f 1916//2856 1820//2735 1983//2857
f 1820//2735 1822//2736 1983//2857
f 1916//2856 1955//2855 1820//2735
f 1983//2857 1822//2736 1806//2739
f 2018//2858 2017//2859 2006//2860
f 2006//2860 2007//2861 2018//2858
f 1726//2862 2017//2859 2018//2858
f 2018//2858 1727//2863 1726//2862
f 2020//2864 2018//2858 2007//2861
f 2007//2861 2008//2865 2020//2864
f 1727//2863 2018//2858 2020//2864
f 2020//2864 1717//2866 1727//2863
f 1875//2741 1965//2743 2010//2867
f 2010//2868 1971//2869 1889//2870
f 1965//2743 1971//2760 2010//2867
f 2023//2871 2020//2864 2008//2865
f 2008//2865 2012//2872 2023//2871
f 1717//2866 2020//2864 2023//2871
f 2023//2871 1719//2873 1717//2866
f 2012//2872 1788//2701 2023//2871
f 1788//2701 1848//2700 2023//2871
f 2012//2872 1912//2809 1788//2701
f 1638//2578 2023//2871 1848//2700
f 1719//2873 2023//2871 1638//2578
f 2028//2874 1875//2875 2025//2876
f 1877//2877 1875//2875 2028//2874
f 2028//2878 2031//2879 1877//2880
f 2031//2881 2121//2882 1877//2883
f 2121//2884 1879//2885 1877//2886
f 2033//2887 2036//2888 2121//2889
f 2036//2888 1882//2890 2121//2889
f 1882//2891 1879//2885 2121//2884
f 1886//2757 1885//2759 2124//2892
f 2036//2888 1885//2759 1882//2890
f 2036//2888 2038//2893 1885//2759
f 2038//2893 2124//2892 1885//2759
f 2127//2894 1889//2870 1891//2895
f 2040//2896 2121//2897 2031//2898
f 2130//2899 2121//2897 2040//2896
f 2040//2896 2041//2900 2130//2899
f 2041//2900 1892//2901 2130//2899
f 1892//2769 1893//2768 2130//2902
f 2047//2903 2127//2894 2132//2904
f 2127//2894 1891//2895 2132//2904
f 1891//2905 1895//2906 2132//2907
f 2047//2903 2044//2908 2127//2894
f 2132//2907 1895//2906 1897//2909
f 2041//2910 1899//2911 1892//2912
f 2041//2910 2135//2913 1899//2911
f 2041//2914 2047//2915 2135//2916
f 2047//2917 2132//2918 2135//2919
f 2135//2920 1897//2921 1901//2922
f 2132//2923 1897//2924 2135//2925
f 2121//2889 2130//2926 2049//2927
f 2049//2927 2033//2887 2121//2889
f 2052//2928 2130//2929 1903//2930
f 2130//2931 1893//2791 1903//2790
f 2052//2932 2049//2927 2130//2926
f 2054//2933 2052//2934 2135//2935
f 2052//2934 1903//2936 2135//2935
f 1903//2937 1899//2938 2135//2939
f 2056//2940 2054//2941 1905//2942
f 2054//2943 2135//2944 1905//2945
f 2135//2920 1901//2922 1905//2946
f 2059//2947 1908//2805 2061//2948
f 1907//2806 1908//2805 2059//2947
f 1905//2803 1907//2806 2059//2947
f 2059//2947 2056//2949 1905//2803
f 2065//2950 1915//2811 2064//2951
f 1917//2814 1915//2811 2065//2950
f 1919//2816 1917//2814 2065//2950
f 2065//2950 2067//2952 1919//2816
f 2146//2953 2144//2954 2070//2955
f 2070//2955 2071//2956 2146//2953
f 2149//2957 2144//2954 2146//2953
f 2147//2958 2144//2954 2149//2957
f 2151//2959 2146//2953 2071//2956
f 2071//2956 2073//2960 2151//2959
f 2153//2961 2146//2953 2151//2959
f 2149//2957 2146//2953 2153//2961
f 2156//2962 2147//2958 2149//2957
f 2155//2963 2147//2958 2156//2962
f 2155//2963 2156//2962 2075//2964
f 2075//2964 2074//2965 2155//2963
f 2077//2966 2149//2967 2153//2968
f 2077//2969 2076//2970 2149//2971
f 2076//2970 2156//2972 2149//2971
f 2075//2973 2156//2972 2076//2970
f 2073//2960 2078//2974 2151//2959
f 2078//2975 1922//2976 2151//2977
f 2078//2978 1923//2819 1922//2821
f 1925//2979 2151//2980 1922//2981
f 1925//2979 2153//2982 2151//2980
f 1925//2983 2159//2984 2153//2968
f 1927//2985 1923//2986 2078//2987
f 2078//2987 2079//2988 1927//2985
f 2079//2989 1925//2990 1927//2991
f 2079//2989 2159//2992 1925//2990
f 2079//2993 2080//2994 2159//2995
f 2153//2968 2159//2984 2081//2996
f 2081//2996 2077//2966 2153//2968
f 2081//2996 2159//2984 2080//2997
f 1886//2757 2124//2892 2162//2998
f 2162//2998 1929//2828 1886//2757
f 2083//2999 2124//2892 2038//2893
f 2162//2998 2124//2892 2083//2999
f 1931//2829 1929//2828 2162//2998
f 2083//2999 1931//2829 2162//2998
f 2083//2999 2084//3000 1931//2829
f 2084//3000 1933//2831 1931//2829
f 2086//3001 2164//3002 2085//3003
f 2087//3004 1933//3005 2084//3006
f 1935//2835 1933//2832 2087//3007
f 2164//3008 2088//3009 2085//3010
f 2090//3011 2164//3012 2086//3013
f 2088//3014 2164//3015 2090//3016
f 2091//3017 1939//2838 2093//3018
f 1938//2836 1939//2838 2091//3017
f 2094//3019 1943//2841 2096//3020
f 1941//2839 1943//2841 2094//3019
f 1939//2838 1941//2839 2094//3019
f 2094//3019 2093//3018 1939//2838
f 2100//3021 2167//3022 2098//3023
f 2101//3024 2167//3022 2100//3021
f 2067//3025 1945//2844 1919//2816
f 2067//3025 2169//3026 1945//2844
f 2067//3025 2103//3027 2169//3026
f 2104//3028 2169//3029 2103//3030
f 2171//3031 2169//3029 2104//3028
f 1947//2845 1945//2844 2169//3032
f 2169//3032 2173//3033 1947//2845
f 1909//2846 1947//2845 2173//3033
f 2173//3033 2139//3034 1909//2846
f 2173//3035 2169//3029 2171//3031
f 2171//3036 2175//3037 2173//3038
f 2145//3039 2173//3038 2175//3037
f 2139//3034 2173//3038 2145//3039
f 2106//3040 2098//3023 1949//2849
f 2098//3023 1952//2847 1949//2849
f 2098//3023 2167//3022 1952//2847
f 2104//3028 1949//2849 2171//3041
f 1949//2849 1953//2850 2171//3041
f 2104//3028 2106//3040 1949//2849
f 2101//3024 1952//2853 2167//3022
f 2101//3024 1876//2851 1952//2853
f 2101//3024 2034//3042 1876//2851
f 2171//3041 1953//2850 1955//2855
f 1955//2855 2175//3043 2171//3041
f 2145//3044 1955//2855 1916//2856
f 2175//3043 1955//2855 2145//3044
f 2179//3045 2263//3046 2177//3047
f 2182//3048 2177//3049 2025//3050
f 2177//3047 2263//3046 2025//2876
f 2263//3046 2028//2874 2025//2876
f 2185//3051 2263//3052 2179//3045
f 2185//3053 2031//2879 2263//3054
f 2031//2879 2028//2878 2263//3054
f 2185//3053 2187//3055 2031//2879
f 2193//3056 2033//3057 2190//3058
f 2036//3059 2033//3057 2193//3056
f 2197//3060 2266//3061 2195//3062
f 2193//3063 2266//3061 2036//3064
f 2266//3061 2038//3065 2036//3064
f 2193//3066 2195//3067 2266//3068
f 2203//3069 2268//3070 2205//3071
f 2187//3055 2207//3072 2031//2879
f 2207//3072 2270//3073 2031//2879
f 2270//3073 2040//3074 2031//2879
f 2041//3075 2040//3076 2270//3077
f 2270//3078 2271//3079 2041//3080
f 2209//3081 2268//3070 2047//2903
f 2268//3070 2044//2908 2047//2903
f 2209//3081 2205//3071 2268//3070
f 2211//3082 2271//3083 2274//3084
f 2211//3085 2041//3086 2271//3087
f 2211//3085 2047//3088 2041//3086
f 2211//3089 2209//3081 2047//2903
f 2211//3082 2274//3084 2213//3090
f 2207//3091 2033//3092 2270//3093
f 2033//3094 2049//3095 2270//3096
f 2207//3097 2190//3098 2033//3099
f 2270//3096 2049//3095 2052//3100
f 2052//3100 2271//3101 2270//3096
f 2274//3102 2052//3100 2054//3103
f 2271//3101 2052//3100 2274//3102
f 2215//3104 2054//2941 2056//2940
f 2215//3105 2274//3106 2054//3107
f 2215//3108 2213//3090 2274//3084
f 2217//3109 2061//2948 2219//3110
f 2059//2947 2061//2948 2217//3109
f 2056//2949 2059//2947 2217//3109
f 2217//3109 2215//3111 2056//2949
f 2223//3112 2278//3113 2221//3114
f 2223//3112 2065//2950 2278//3113
f 2065//2950 2064//2951 2278//3115
f 2223//3112 2225//3116 2065//2950
f 2227//3117 2065//2950 2225//3116
f 2067//2952 2065//2950 2227//3117
f 2070//2955 2282//3118 2283//3119
f 2283//3119 2071//2956 2070//2955
f 2073//2960 2283//3119 2285//3120
f 2071//2956 2283//3119 2073//2960
f 2230//3121 2287//3122 2231//3123
f 2291//3124 2074//2965 2075//2964
f 2289//3125 2074//2965 2291//3124
f 2230//3126 2233//3127 2287//3128
f 2233//3127 2077//3129 2287//3128
f 2233//3130 2076//3131 2077//3132
f 2233//3133 2234//3134 2076//2970
f 2234//3134 2075//2973 2076//2970
f 2234//3134 2291//3135 2075//2973
f 2078//2974 2285//3120 2294//3136
f 2073//2960 2285//3120 2078//2974
f 2287//3137 2296//3138 2236//3139
f 2236//3139 2231//3140 2287//3137
f 2237//3141 2239//3142 2294//3136
f 2239//3142 2078//2987 2294//3136
f 2239//3142 2079//2988 2078//2987
f 2239//3143 2236//3144 2079//3145
f 2236//3144 2296//3146 2079//3145
f 2296//3146 2080//3147 2079//3145
f 2287//3137 2077//3148 2081//3149
f 2081//3149 2296//3138 2287//3137
f 2296//3150 2081//3151 2080//3152
f 2241//3153 2266//3061 2197//3060
f 2241//3153 2083//3154 2266//3061
f 2083//3154 2038//3065 2266//3061
f 2241//3155 2243//3156 2083//3157
f 2243//3156 2245//3158 2083//3157
f 2245//3159 2299//3160 2083//3161
f 2299//3162 2084//3163 2083//3164
f 2246//3165 2289//3166 2247//3167
f 2249//3168 2300//3169 2248//3170
f 2086//3171 2085//3172 2302//3173
f 2302//3174 2085//3175 2088//3176
f 2299//3177 2087//3178 2084//3179
f 2248//3180 2300//3181 2250//3182
f 2090//3183 2086//3184 2302//3185
f 2302//3186 2088//3187 2090//3188
f 2251//3189 2304//3190 2252//3191
f 2251//3189 2091//3017 2304//3190
f 2091//3017 2093//3018 2304//3190
f 2251//3189 2253//3192 2091//3017
f 2245//3193 2096//3020 2299//3194
f 2245//3193 2094//3019 2096//3020
f 2245//3193 2304//3190 2094//3019
f 2245//3193 2252//3191 2304//3190
f 2304//3190 2093//3018 2094//3019
f 2247//3195 2291//3124 2254//3196
f 2289//3125 2291//3124 2247//3195
f 2255//3197 2300//3198 2249//3199
f 2254//3200 2291//3135 2234//3134
f 2257//3201 2098//3023 2256//3202
f 2100//3021 2098//3023 2257//3203
f 2257//3203 2101//3024 2100//3021
f 2257//3203 2178//3204 2101//3024
f 2178//3204 2264//3205 2101//3024
f 2103//3206 2067//2952 2227//3117
f 2227//3207 2258//3208 2103//3209
f 2260//3210 2306//3211 2259//3212
f 2258//3213 2306//3211 2103//3030
f 2306//3211 2104//3028 2103//3030
f 2258//3213 2259//3214 2306//3211
f 2260//3210 2098//3023 2306//3211
f 2098//3023 2106//3040 2306//3211
f 2260//3210 2256//3202 2098//3023
f 2106//3040 2104//3028 2306//3211
f 2034//3042 2101//3024 2264//3205
f 2309//3215 2326//3216 2307//3217
f 2328//3218 2326//3216 2309//3215
f 2311//3219 2328//3218 2309//3215
f 2006//2860 2326//3216 2328//3218
f 2328//3218 2007//2861 2006//2860
f 2311//3219 2008//2865 2328//3218
f 2008//2865 2007//2861 2328//3218
f 2311//3219 2313//3220 2008//2865
f 2315//3221 2025//3050 2010//2868
f 2025//2876 1875//2875 2010//3222
f 2315//3221 2182//3048 2025//3050
f 2203//3223 2315//3221 2268//3224
f 2315//3221 2127//2894 2268//3224
f 2315//3221 2010//2868 2127//2894
f 2010//2868 1889//2870 2127//2894
f 2268//3224 2127//2894 2044//3225
f 2318//3226 2008//2865 2313//3220
f 2012//2872 2008//2865 2318//3226
f 1912//2809 2012//2872 2318//3226
f 2318//3226 2320//3227 1912//2809
f 2320//3227 1913//2810 1912//2809
f 2320//3227 2278//3113 1913//2810
f 2278//3228 2064//2951 1913//2810
f 2064//2951 1915//2811 1913//2810
f 2320//3227 2221//3114 2278//3113
f 2322//3229 2332//3230 2321//3231
f 2282//3118 2332//3230 2322//3229
f 2322//3229 2323//3232 2282//3118
f 2321//3231 2332//3230 2324//3233
f 2325//3234 2144//2954 2147//2958
f 2325//3235 2324//3236 2144//3237
f 2324//3233 2070//2955 2144//2954
f 2324//3233 2332//3230 2070//2955
f 2332//3230 2282//3118 2070//2955
f 2246//3165 2074//3238 2289//3166
f 2246//3165 2155//3239 2074//3238
f 2246//3165 2325//3240 2155//3239
f 2325//3234 2147//2958 2155//2963
f 2323//3232 2283//3119 2282//3118
f 2323//3232 2261//3241 2283//3119
f 2261//3241 2285//3120 2283//3119
f 2262//3242 2285//3120 2261//3241
f 2262//3242 2294//3136 2285//3120
f 2262//3242 2237//3141 2294//3136
f 2356//3243 2446//3244 2355//3245
f 2355//3245 2446//3244 2357//3246
f 2363//3247 2449//3248 2360//3249
f 2366//3250 2449//3248 2363//3247
f 2368//3251 2360//3252 2177//3049
f 2360//3249 2179//3045 2177//3047
f 2360//3249 2449//3248 2179//3045
f 2177//3049 2182//3048 2370//3253
f 2370//3253 2368//3251 2177//3049
f 2366//3250 2179//3045 2449//3248
f 2366//3250 2185//3051 2179//3045
f 2366//3250 2452//3254 2185//3051
f 2366//3250 2372//3255 2452//3254
f 2187//3055 2185//3256 2452//3257
f 2452//3257 2453//3258 2187//3055
f 2375//3259 2452//3254 2372//3255
f 2456//3260 2452//3261 2375//3262
f 2381//3263 2452//3264 2456//3265
f 2381//3266 2378//3267 2452//3268
f 2378//3269 2453//3258 2452//3257
f 2193//3270 2190//3271 2458//3272
f 2375//3262 2382//3273 2456//3260
f 2382//3273 2197//3060 2456//3260
f 2197//3060 2195//3062 2456//3260
f 2384//3274 2381//3275 2458//3276
f 2381//3277 2456//3278 2458//3279
f 2456//3278 2193//3280 2458//3279
f 2456//3281 2195//3282 2193//3283
f 2386//3284 2461//3285 2389//3286
f 2391//3287 2203//3069 2205//3071
f 2391//3287 2461//3285 2203//3069
f 2391//3287 2389//3286 2461//3285
f 2207//3072 2187//3055 2453//3258
f 2205//3071 2209//3081 2394//3288
f 2394//3288 2391//3287 2205//3071
f 2396//3289 2394//3288 2465//3290
f 2394//3288 2211//3089 2465//3291
f 2394//3288 2209//3081 2211//3089
f 2465//3291 2211//3089 2213//3292
f 2378//3293 2190//3294 2453//3295
f 2190//3296 2207//3297 2453//3298
f 2378//3293 2458//3299 2190//3294
f 2378//3300 2467//3301 2458//3302
f 2378//3303 2400//3304 2467//3305
f 2468//3306 2467//3305 2400//3304
f 2400//3304 2401//3307 2468//3306
f 2458//3308 2467//3309 2402//3310
f 2402//3310 2384//3311 2458//3308
f 2404//3312 2468//3313 2470//3314
f 2404//3315 2402//3310 2468//3316
f 2402//3310 2467//3309 2468//3316
f 2401//3307 2465//3290 2468//3306
f 2465//3290 2472//3317 2468//3306
f 2401//3307 2396//3289 2465//3290
f 2465//3291 2213//3292 2215//3111
f 2215//3111 2472//3318 2465//3291
f 2219//3110 2470//3314 2217//3109
f 2470//3314 2468//3306 2217//3109
f 2468//3306 2472//3317 2217//3109
f 2472//3318 2215//3111 2217//3109
f 2476//3319 2475//3320 2407//3321
f 2407//3321 2410//3322 2476//3319
f 2262//3242 2475//3320 2476//3319
f 2261//3241 2475//3320 2262//3242
f 2478//3323 2476//3319 2410//3322
f 2410//3322 2411//3324 2478//3323
f 2478//3323 2479//3325 2476//3319
f 2479//3325 2262//3242 2476//3319
f 2479//3325 2237//3141 2262//3242
f 2481//3326 2230//3327 2231//3328
f 2233//3133 2230//3329 2481//3330
f 2481//3330 2483//3331 2233//3133
f 2413//3332 2234//3333 2483//3334
f 2234//3134 2233//3133 2483//3331
f 2413//3335 2365//3336 2234//3337
f 2417//3338 2415//3339 2236//3144
f 2415//3340 2481//3341 2236//3342
f 2481//3343 2231//3344 2236//3345
f 2419//3346 2239//3142 2479//3325
f 2239//3142 2237//3141 2479//3325
f 2417//3347 2239//3348 2419//3346
f 2236//3144 2239//3143 2417//3338
f 2415//3349 2483//3331 2481//3330
f 2415//3349 2420//3350 2483//3331
f 2420//3350 2486//3351 2483//3331
f 2483//3331 2486//3351 2422//3352
f 2422//3353 2413//3354 2483//3355
f 2423//3356 2486//3351 2420//3350
f 2422//3352 2486//3351 2423//3356
f 2426//3357 2478//3323 2411//3324
f 2479//3325 2478//3323 2426//3357
f 2426//3357 2427//3358 2479//3325
f 2419//3346 2479//3325 2427//3358
f 2382//3273 2241//3153 2197//3060
f 2382//3273 2430//3359 2241//3153
f 2430//3359 2491//3360 2241//3153
f 2433//3361 2492//3362 2491//3363
f 2492//3362 2243//3156 2491//3363
f 2243//3364 2241//3365 2491//3366
f 2433//3367 2432//3368 2492//3369
f 2435//3370 2491//3371 2430//3372
f 2433//3373 2491//3374 2435//3375
f 2492//3362 2245//3158 2243//3156
f 2246//3165 2247//3376 2359//3377
f 2359//3377 2437//3378 2246//3165
f 2249//3379 2248//3380 2447//3381
f 2440//3382 2494//3383 2439//3384
f 2439//3385 2494//3386 2441//3387
f 2443//3388 2494//3389 2440//3390
f 2248//3391 2250//3392 2447//3393
f 2441//3394 2494//3395 2443//3396
f 2432//3397 2445//3398 2492//3399
f 2445//3398 2252//3191 2492//3399
f 2445//3398 2251//3189 2252//3191
f 2445//3398 2404//3312 2251//3189
f 2404//3312 2470//3314 2251//3189
f 2470//3314 2253//3192 2251//3189
f 2492//3399 2252//3191 2245//3193
f 2470//3314 2219//3110 2253//3192
f 2507//3400 2608//3401 2505//3402
f 2505//3402 2608//3401 2509//3403
f 2614//3404 2359//3377 2362//3405
f 2612//3406 2359//3377 2614//3404
f 2614//3404 2362//3405 2365//3336
f 2618//3407 2608//3401 2507//3400
f 2507//3400 2513//3408 2618//3407
f 2515//3409 2509//3403 2619//3410
f 2509//3403 2618//3407 2619//3410
f 2509//3403 2608//3401 2618//3407
f 2519//3411 2618//3407 2513//3408
f 2622//3412 2618//3407 2519//3411
f 2619//3410 2618//3407 2622//3413
f 2622//3413 2625//3414 2619//3410
f 2522//3415 2622//3416 2519//3417
f 2525//3418 2622//3416 2522//3415
f 2625//3419 2622//3416 2525//3418
f 2532//3420 2629//3421 2530//3422
f 2629//3421 2631//3423 2536//3424
f 2536//3424 2530//3422 2629//3421
f 2633//3425 2629//3421 2532//3420
f 2532//3420 2538//3426 2633//3425
f 2631//3423 2629//3421 2633//3425
f 2633//3427 2635//3428 2631//3429
f 2541//3430 2374//3431 2371//3432
f 2541//3433 2631//3423 2374//3434
f 2541//3433 2536//3424 2631//3423
f 2541//3435 2377//3436 2543//3437
f 2371//3438 2377//3439 2541//3440
f 2380//3441 2631//3442 2635//3443
f 2374//3444 2631//3442 2380//3441
f 2549//3445 2377//3436 2639//3446
f 2377//3436 2385//3447 2639//3446
f 2549//3445 2543//3437 2377//3436
f 2639//3446 2385//3447 2388//3448
f 2549//3445 2641//3449 2551//3450
f 2639//3446 2641//3449 2549//3445
f 2643//3451 2641//3449 2392//3452
f 2641//3449 2388//3448 2392//3452
f 2641//3449 2639//3446 2388//3448
f 2538//3426 2515//3453 2633//3425
f 2515//3453 2619//3410 2633//3425
f 2619//3410 2645//3454 2633//3425
f 2645//3454 2398//3455 2633//3425
f 2398//3456 2635//3428 2633//3427
f 2398//3456 2397//3457 2635//3428
f 2645//3454 2619//3410 2625//3414
f 2625//3419 2647//3458 2645//3454
f 2647//3458 2398//3455 2645//3454
f 2647//3458 2399//3459 2398//3455
f 2647//3458 2649//3460 2399//3459
f 2397//3457 2380//3461 2635//3428
f 2403//3462 2399//3459 2649//3460
f 2652//3463 2405//3464 2406//3465
f 2647//3458 2625//3419 2525//3418
f 2525//3418 2554//3466 2647//3458
f 2649//3460 2647//3458 2554//3466
f 2554//3466 2556//3467 2649//3460
f 2556//3467 2558//3468 2649//3460
f 2558//3468 2403//3462 2649//3460
f 2558//3468 2409//3469 2403//3462
f 2558//3468 2406//3470 2409//3469
f 2558//3468 2560//3471 2406//3470
f 2560//3471 2652//3472 2406//3470
f 2551//3473 2656//3474 2563//3475
f 2641//3449 2656//3474 2551//3473
f 2414//3476 2641//3449 2412//3477
f 2641//3449 2643//3451 2412//3477
f 2414//3476 2656//3474 2641//3449
f 2565//3478 2405//3479 2652//3480
f 2565//3481 2416//3482 2405//3483
f 2565//3484 2563//3475 2416//3485
f 2563//3475 2656//3474 2416//3485
f 2656//3474 2414//3476 2416//3485
f 2565//3486 2652//3487 2560//3488
f 2568//3489 2421//3490 2659//3491
f 2568//3489 2570//3492 2421//3490
f 2570//3492 2424//3493 2421//3490
f 2572//3494 2424//3493 2570//3492
f 2425//3495 2424//3493 2572//3494
f 2428//3496 2425//3495 2572//3494
f 2572//3497 2574//3498 2428//3499
f 2429//3500 2428//3499 2574//3498
f 2574//3498 2576//3501 2429//3500
f 2576//3501 2578//3502 2429//3500
f 2578//3502 2662//3503 2429//3500
f 2662//3503 2431//3504 2429//3500
f 2664//3505 2662//3503 2578//3506
f 2578//3506 2581//3507 2664//3505
f 2582//3508 2664//3505 2581//3507
f 2666//3509 2664//3505 2582//3508
f 2434//3510 2431//3504 2662//3503
f 2436//3511 2662//3503 2664//3505
f 2434//3510 2662//3503 2436//3511
f 2666//3509 2438//3512 2664//3505
f 2438//3512 2436//3511 2664//3505
f 2666//3509 2668//3513 2438//3512
f 2442//3514 2438//3512 2668//3513
f 2668//3513 2670//3515 2442//3514
f 2444//3516 2442//3514 2670//3515
f 2585//3517 2666//3509 2582//3508
f 2668//3513 2666//3509 2585//3517
f 2585//3517 2587//3518 2668//3513
f 2670//3515 2668//3513 2587//3518
f 2587//3518 2589//3519 2670//3515
f 2510//3520 2610//3521 2678//3522
f 2678//3523 2610//3524 2680//3525
f 2680//3525 2611//3526 2514//3527
f 2610//3524 2611//3526 2680//3525
f 2681//3528 2617//3529 2646//3530
f 2681//3528 2615//3531 2617//3529
f 2681//3528 2517//3532 2615//3531
f 2682//3533 2627//3534 2531//3535
f 2636//3536 2654//3537 2632//3538
f 2654//3537 2650//3539 2632//3538
f 2650//3539 2646//3530 2632//3538
f 2646//3530 2617//3529 2632//3538
f 2683//3540 2640//3541 2644//3542
f 2683//3540 2545//3543 2640//3541
f 2545//3543 2636//3536 2640//3541
f 2545//3543 2654//3537 2636//3536
f 2686//3544 2701//3545 2685//3546
f 2702//3547 2701//3545 2686//3544
f 2309//3215 2701//3545 2702//3547
f 2307//3217 2701//3545 2309//3215
f 2703//3548 2702//3547 2686//3544
f 2686//3544 2687//3549 2703//3548
f 2703//3548 2311//3219 2702//3547
f 2311//3219 2309//3215 2702//3547
f 2703//3548 2704//3550 2311//3219
f 2313//3220 2311//3219 2704//3550
f 2689//3551 2648//3552 2653//3553
f 2689//3554 2681//3528 2648//3555
f 2681//3528 2646//3530 2648//3555
f 2690//3556 2370//3253 2315//3221
f 2370//3253 2182//3048 2315//3221
f 2690//3556 2658//3557 2370//3253
f 2690//3556 2689//3551 2658//3557
f 2689//3551 2653//3553 2658//3557
f 2555//3558 2690//3556 2386//3284
f 2690//3556 2315//3221 2386//3284
f 2315//3221 2461//3285 2386//3284
f 2315//3221 2203//3223 2461//3285
f 2692//3559 2703//3548 2687//3549
f 2704//3550 2703//3548 2692//3559
f 2692//3559 2694//3560 2704//3550
f 2694//3560 2318//3226 2704//3550
f 2318//3226 2313//3220 2704//3550
f 2694//3560 2593//3561 2318//3226
f 2595//3562 2320//3227 2594//3563
f 2320//3227 2318//3226 2594//3563
f 2318//3226 2593//3561 2594//3564
f 2595//3562 2597//3565 2320//3227
f 2598//3566 2320//3227 2597//3565
f 2598//3566 2221//3567 2320//3227
f 2598//3568 2706//3569 2221//3570
f 2598//3568 2599//3571 2706//3569
f 2600//3572 2706//3569 2599//3571
f 2457//3573 2223//3574 2706//3569
f 2223//3574 2221//3570 2706//3569
f 2457//3573 2225//3575 2223//3574
f 2457//3573 2227//3576 2225//3575
f 2602//3577 2457//3573 2601//3578
f 2457//3573 2706//3569 2601//3578
f 2706//3569 2600//3572 2601//3578
f 2602//3577 2659//3491 2457//3573
f 2602//3577 2596//3579 2659//3491
f 2708//3580 2627//3534 2682//3533
f 2682//3533 2696//3581 2708//3580
f 2708//3580 2628//3582 2627//3534
f 2708//3580 2322//3229 2628//3582
f 2322//3229 2321//3231 2628//3582
f 2321//3231 2356//3243 2628//3582
f 2321//3231 2446//3244 2356//3243
f 2698//3583 2708//3580 2696//3581
f 2698//3583 2323//3232 2708//3580
f 2323//3232 2322//3229 2708//3580
f 2698//3583 2699//3584 2323//3232
f 2324//3585 2709//3586 2321//3587
f 2709//3588 2357//3246 2321//3231
f 2357//3246 2446//3244 2321//3231
f 2709//3588 2644//3589 2357//3246
f 2644//3590 2642//3591 2357//3592
f 2644//3593 2709//3594 2603//3595
f 2603//3596 2683//3540 2644//3542
f 2709//3586 2324//3585 2325//3240
f 2571//3597 2437//3378 2612//3406
f 2571//3597 2605//3598 2437//3378
f 2605//3598 2604//3599 2437//3378
f 2604//3599 2246//3165 2437//3378
f 2604//3599 2709//3586 2246//3165
f 2709//3586 2325//3240 2246//3165
f 2604//3600 2603//3595 2709//3594
f 2699//3584 2407//3321 2323//3232
f 2407//3321 2475//3320 2323//3232
f 2475//3320 2261//3241 2323//3232
f 2699//3584 2566//3601 2407//3321
f 2679//3602 2673//3603 2569//3604
f 2713//3605 2819//3606 2711//3607
f 2821//3608 2819//3606 2713//3605
f 2825//3609 2819//3606 2821//3608
f 2824//3610 2819//3606 2825//3609
f 2713//3605 2828//3611 2821//3608
f 2713//3605 2715//3612 2828//3611
f 2715//3612 2826//3613 2828//3611
f 2830//3614 2821//3608 2828//3611
f 2825//3609 2821//3608 2830//3614
f 2833//3615 2832//3616 2718//3617
f 2718//3617 2720//3618 2833//3615
f 2835//3619 2832//3616 2833//3615
f 2826//3613 2832//3616 2835//3619
f 2724//3620 2833//3621 2720//3622
f 2727//3623 2723//3624 2836//3625
f 2724//3620 2835//3626 2833//3621
f 2724//3627 2730//3628 2835//3629
f 2730//3628 2837//3630 2835//3629
f 2732//3631 2826//3613 2835//3619
f 2732//3631 2731//3632 2826//3613
f 2731//3632 2828//3611 2826//3613
f 2501//3633 2499//3634 2840//3635
f 2830//3614 2828//3611 2731//3632
f 2731//3632 2733//3636 2830//3614
f 2840//3637 2499//3638 2503//3639
f 2732//3631 2837//3640 2736//3641
f 2835//3619 2837//3640 2732//3631
f 2840//3635 2506//3642 2501//3633
f 2840//3643 2503//3644 2506//3645
f 2843//3646 2824//3610 2825//3609
f 2825//3609 2844//3647 2843//3646
f 2512//3648 2843//3646 2844//3647
f 2510//3520 2843//3646 2512//3648
f 2844//3647 2825//3609 2830//3614
f 2830//3614 2846//3649 2844//3647
f 2846//3649 2512//3648 2844//3647
f 2846//3649 2849//3650 2512//3648
f 2849//3650 2514//3527 2512//3648
f 2733//3636 2853//3651 2830//3614
f 2853//3651 2846//3649 2830//3614
f 2733//3636 2739//3652 2853//3651
f 2853//3651 2517//3532 2846//3649
f 2517//3532 2849//3650 2846//3649
f 2853//3651 2518//3653 2517//3532
f 2741//3654 2853//3651 2739//3652
f 2855//3655 2853//3651 2741//3654
f 2518//3653 2853//3651 2855//3655
f 2855//3655 2521//3656 2518//3653
f 2742//3657 2858//3658 2859//3659
f 2742//3660 2727//3623 2858//3661
f 2727//3623 2836//3625 2858//3661
f 2730//3628 2742//3662 2837//3630
f 2742//3662 2860//3663 2837//3630
f 2742//3657 2859//3659 2860//3664
f 2862//3665 2858//3666 2861//3667
f 2859//3668 2858//3666 2862//3665
f 2864//3669 2859//3668 2862//3665
f 2860//3670 2859//3668 2864//3669
f 2746//3671 2860//3670 2866//3672
f 2746//3671 2837//3640 2860//3670
f 2746//3671 2736//3641 2837//3640
f 2746//3671 2867//3673 2747//3674
f 2866//3672 2867//3673 2746//3671
f 2866//3672 2860//3670 2864//3669
f 2864//3669 2868//3675 2866//3672
f 2870//3676 2866//3672 2868//3675
f 2867//3673 2866//3672 2870//3676
f 2871//3677 2526//3678 2864//3669
f 2526//3678 2524//3679 2864//3669
f 2524//3679 2868//3675 2864//3669
f 2868//3675 2524//3679 2528//3680
f 2528//3680 2870//3676 2868//3675
f 2531//3535 2526//3678 2871//3677
f 2741//3654 2535//3681 2855//3655
f 2741//3654 2747//3682 2535//3681
f 2747//3682 2867//3683 2535//3681
f 2867//3683 2537//3684 2535//3681
f 2535//3681 2521//3656 2855//3655
f 2537//3684 2867//3683 2870//3676
f 2870//3676 2540//3685 2537//3684
f 2528//3680 2540//3685 2870//3676
f 2875//3686 2545//3543 2873//3687
f 2547//3688 2545//3543 2875//3686
f 2548//3689 2547//3688 2875//3686
f 2875//3690 2876//3691 2548//3692
f 2750//3693 2873//3687 2839//3694
f 2750//3693 2875//3686 2873//3687
f 2750//3693 2752//3695 2875//3686
f 2755//3696 2875//3686 2752//3695
f 2876//3691 2875//3690 2755//3697
f 2878//3698 2548//3692 2876//3691
f 2550//3699 2548//3692 2878//3698
f 2552//3700 2550//3699 2878//3698
f 2756//3701 2876//3691 2755//3697
f 2878//3698 2876//3691 2756//3702
f 2756//3702 2758//3703 2878//3698
f 2758//3704 2552//3700 2878//3698
f 2758//3704 2553//3705 2552//3700
f 2880//3706 2555//3558 2557//3707
f 2763//3708 2761//3709 2559//3710
f 2761//3709 2880//3706 2559//3711
f 2880//3706 2557//3707 2559//3711
f 2766//3712 2561//3713 2881//3714
f 2766//3712 2559//3710 2561//3713
f 2766//3712 2763//3708 2559//3710
f 2766//3712 2881//3714 2767//3715
f 2771//3716 2770//3717 2562//3718
f 2770//3717 2881//3714 2562//3718
f 2881//3714 2561//3713 2562//3718
f 2564//3719 2553//3720 2758//3721
f 2758//3721 2773//3722 2564//3719
f 2562//3718 2564//3723 2773//3724
f 2773//3724 2771//3716 2562//3718
f 2767//3725 2881//3726 2770//3727
f 2780//3728 2882//3729 2778//3730
f 2782//3731 2882//3729 2780//3728
f 2883//3732 2882//3729 2782//3731
f 2782//3731 2594//3564 2883//3732
f 2594//3564 2593//3561 2883//3732
f 2782//3731 2786//3733 2594//3564
f 2786//3733 2788//3734 2594//3564
f 2788//3734 2595//3562 2594//3564
f 2788//3734 2884//3735 2595//3562
f 2597//3565 2595//3562 2884//3735
f 2790//3736 2884//3735 2788//3734
f 2790//3736 2598//3566 2884//3735
f 2598//3566 2597//3565 2884//3735
f 2790//3736 2792//3737 2598//3566
f 2793//3738 2598//3566 2792//3737
f 2599//3739 2598//3566 2793//3738
f 2600//3740 2599//3739 2793//3738
f 2793//3738 2795//3741 2600//3740
f 2797//3742 2600//3740 2795//3741
f 2601//3743 2600//3740 2797//3742
f 2602//3744 2601//3743 2797//3742
f 2797//3742 2799//3745 2602//3744
f 2800//3746 2602//3744 2799//3745
f 2596//3747 2602//3744 2800//3746
f 2804//3748 2802//3749 2604//3600
f 2802//3749 2885//3750 2604//3600
f 2885//3750 2603//3595 2604//3600
f 2805//3751 2885//3750 2802//3749
f 2807//3752 2804//3753 2886//3754
f 2804//3755 2605//3598 2886//3756
f 2804//3755 2604//3599 2605//3598
f 2886//3754 2605//3598 2571//3597
f 2810//3757 2566//3758 2809//3759
f 2567//3760 2566//3758 2810//3757
f 2810//3757 2569//3604 2567//3760
f 2810//3757 2827//3761 2569//3604
f 2810//3762 2734//3763 2827//3764
f 2886//3754 2887//3765 2812//3766
f 2812//3766 2807//3752 2886//3754
f 2887//3765 2571//3597 2573//3767
f 2886//3754 2571//3597 2887//3765
f 2812//3766 2887//3765 2813//3768
f 2719//3769 2813//3768 2575//3770
f 2813//3768 2573//3767 2575//3770
f 2813//3768 2887//3765 2573//3767
f 2711//3607 2986//3771 2988//3772
f 2988//3772 2713//3605 2711//3607
f 2715//3612 2713//3605 2988//3772
f 2718//3617 2993//3773 2996//3774
f 2996//3774 2720//3618 2718//3617
f 2727//3623 2720//3775 2723//3624
f 2720//3618 2996//3774 2723//3624
f 2727//3623 2724//3776 2720//3775
f 2727//3623 2998//3777 2724//3778
f 2730//3628 2724//3779 2998//3780
f 2731//3781 2732//3782 2891//3783
f 2891//3784 2888//3785 2731//3786
f 2893//3787 2731//3788 2888//3789
f 2733//3790 2731//3788 2893//3787
f 2895//3791 2732//3631 3002//3792
f 2732//3631 2736//3641 3002//3792
f 2895//3791 2891//3793 2732//3631
f 3002//3792 3006//3794 2898//3795
f 2898//3795 2895//3796 3002//3792
f 2739//3797 2733//3790 2893//3787
f 2893//3798 2900//3799 2739//3800
f 2900//3799 2898//3801 2739//3800
f 2898//3801 3006//3802 2739//3800
f 3006//3803 2741//3654 2739//3652
f 2998//3777 2727//3623 2742//3660
f 2742//3662 2730//3628 2998//3780
f 3002//3792 2736//3641 2746//3671
f 3006//3794 2746//3671 2747//3674
f 3002//3792 2746//3671 3006//3794
f 2747//3682 2741//3654 3006//3803
f 3012//3804 2752//3695 2750//3693
f 3014//3805 2752//3695 3012//3804
f 2755//3696 2752//3695 3014//3805
f 2896//3806 2756//3807 3014//3808
f 2756//3809 2755//3696 3014//3805
f 2896//3806 2905//3810 2756//3807
f 2905//3811 2907//3812 2756//3813
f 2907//3812 3015//3814 2756//3813
f 3015//3815 2758//3703 2756//3702
f 2916//3816 2914//3817 2763//3708
f 2914//3817 3019//3818 2763//3708
f 3019//3819 2761//3709 2763//3708
f 2918//3820 2766//3821 3023//3822
f 2918//3823 2916//3816 2766//3824
f 2916//3816 2763//3708 2766//3712
f 2920//3825 3019//3826 2914//3827
f 3023//3822 2766//3821 2767//3828
f 2922//3829 2918//3823 2771//3716
f 2918//3823 3023//3830 2771//3716
f 3023//3830 2770//3717 2771//3716
f 2926//3831 2773//3832 3015//3833
f 2773//3834 2758//3703 3015//3815
f 2926//3835 2924//3836 2773//3724
f 2771//3716 2773//3724 2924//3836
f 2924//3836 2922//3829 2771//3716
f 3023//3830 2767//3837 2770//3717
f 3028//3838 3027//3839 2928//3840
f 2928//3840 2930//3841 3028//3838
f 2930//3841 2933//3842 3028//3838
f 2933//3842 3030//3843 3028//3838
f 2933//3844 3031//3845 3030//3846
f 2935//3847 3031//3848 2933//3842
f 3031//3849 2778//3730 3030//3843
f 3031//3850 3032//3851 2778//3852
f 3032//3853 2780//3728 2778//3730
f 3034//3854 2780//3728 3032//3853
f 2782//3731 2780//3728 3034//3854
f 3032//3855 3031//3856 2935//3857
f 2935//3847 2937//3858 3032//3859
f 2937//3858 2939//3860 3032//3853
f 2939//3860 3036//3861 3032//3853
f 3036//3861 3034//3854 3032//3853
f 2786//3733 2782//3731 3034//3854
f 2788//3734 3034//3854 3036//3861
f 2786//3733 3034//3854 2788//3734
f 2942//3862 3036//3861 2939//3860
f 2942//3862 3039//3863 3036//3861
f 3039//3863 2790//3736 3036//3861
f 2790//3736 2788//3734 3036//3861
f 2942//3862 2946//3864 3039//3863
f 2792//3737 2790//3736 3039//3863
f 2947//3865 3039//3863 2946//3864
f 2947//3865 2950//3866 3039//3863
f 2950//3866 2792//3737 3039//3863
f 2950//3866 3041//3867 2792//3737
f 3041//3867 2793//3738 2792//3737
f 2795//3741 2793//3738 3041//3867
f 2952//3868 3041//3867 2950//3866
f 2952//3868 3043//3869 3041//3867
f 3043//3869 2797//3742 3041//3867
f 2797//3742 2795//3741 3041//3867
f 2952//3868 2953//3870 3043//3869
f 2799//3745 2797//3742 3043//3869
f 3042//3871 3043//3869 2953//3870
f 2953//3870 2955//3872 3042//3871
f 3042//3871 3044//3873 3043//3869
f 3044//3873 2800//3746 3043//3869
f 2800//3746 2799//3745 3043//3869
f 3046//3874 2802//3749 2804//3748
f 2956//3875 2949//3876 3046//3874
f 2949//3876 3024//3877 3046//3874
f 3024//3877 2805//3751 3046//3874
f 2805//3751 2802//3749 3046//3874
f 2959//3878 2957//3879 2807//3880
f 2957//3881 3046//3874 2807//3882
f 3046//3874 2804//3748 2807//3882
f 2956//3875 3046//3874 2957//3883
f 2809//3884 3049//3885 3051//3886
f 3051//3886 2810//3762 2809//3884
f 3051//3886 2985//3887 2990//3888
f 3049//3885 2985//3887 3051//3886
f 2810//3762 3051//3886 3011//3889
f 3011//3889 2734//3763 2810//3762
f 3011//3889 2990//3888 3000//3890
f 3051//3886 2990//3888 3011//3889
f 2961//3891 3052//3892 2962//3893
f 2965//3894 2985//3887 2964//3895
f 2987//3896 2985//3887 2965//3894
f 2965//3894 2962//3893 2987//3896
f 2962//3893 3052//3892 2987//3896
f 3052//3892 2994//3897 2987//3896
f 2961//3898 2807//3752 3052//3899
f 2807//3752 2812//3766 3052//3899
f 2961//3900 2959//3878 2807//3880
f 3007//3901 2994//3897 2813//3768
f 2994//3897 3052//3899 2813//3768
f 3052//3899 2812//3766 2813//3768
f 3007//3901 2813//3768 2719//3769
f 3055//3902 3088//3903 3054//3904
f 3058//3905 2986//3771 3056//3906
f 3055//3907 2711//3607 3088//3908
f 2711//3607 2819//3606 3088//3908
f 2819//3606 2824//3610 3088//3908
f 3055//3907 3056//3906 2711//3607
f 3056//3906 2986//3771 2711//3607
f 3054//3909 3088//3910 3060//3911
f 3062//3912 3060//3911 2678//3913
f 3060//3911 3088//3910 2678//3913
f 3088//3908 2843//3646 2678//3522
f 2843//3646 2510//3520 2678//3522
f 3088//3908 2824//3610 2843//3646
f 3062//3912 2680//3914 3063//3915
f 2678//3913 2680//3914 3062//3912
f 3067//3916 2993//3773 3065//3917
f 3070//3918 3090//3919 3069//3920
f 3067//3916 2996//3774 2993//3773
f 3067//3916 3069//3920 2996//3774
f 3069//3920 3090//3919 2996//3774
f 3090//3919 2723//3624 2996//3774
f 3090//3919 2836//3625 2723//3624
f 3091//3921 3090//3919 3070//3918
f 3070//3918 3072//3922 3091//3921
f 3091//3921 2858//3666 3090//3919
f 2858//3666 2836//3625 3090//3919
f 3091//3921 2861//3667 2858//3666
f 3073//3923 3091//3921 3072//3922
f 3073//3923 3092//3924 3091//3921
f 3092//3924 2861//3667 3091//3921
f 3073//3923 3074//3925 3092//3924
f 3058//3905 2988//3772 2986//3771
f 3058//3905 2718//3617 2988//3772
f 2718//3617 2832//3616 2988//3772
f 2832//3616 2715//3612 2988//3772
f 2832//3616 2826//3613 2715//3612
f 3058//3905 3065//3917 2718//3617
f 3065//3917 2993//3773 2718//3617
f 3075//3926 2680//3927 3093//3928
f 2680//3525 2514//3527 3093//3929
f 2514//3527 2849//3650 3093//3929
f 3075//3930 3063//3915 2680//3914
f 3093//3929 2517//3532 2681//3528
f 2849//3650 2517//3532 3093//3929
f 3092//3924 2862//3665 2861//3667
f 3092//3924 2682//3533 2862//3665
f 2682//3533 2871//3677 2862//3665
f 2871//3677 2864//3669 2862//3665
f 2682//3533 2531//3535 2871//3677
f 2839//3694 2545//3543 2683//3540
f 2873//3931 2545//3932 2839//3933
f 3095//3934 3094//3935 3076//3936
f 3076//3936 3077//3937 3095//3934
f 3078//3938 3095//3934 3077//3937
f 3096//3939 3095//3934 3078//3938
f 2685//3546 3094//3935 3095//3934
f 3095//3934 2686//3544 2685//3546
f 2687//3549 3095//3934 3096//3939
f 2686//3544 3095//3934 2687//3549
f 3093//3929 3097//3940 3079//3941
f 3079//3941 3075//3930 3093//3929
f 3079//3941 3098//3942 3080//3943
f 3097//3940 3098//3942 3079//3941
f 3097//3940 2681//3528 2689//3554
f 3093//3929 2681//3528 3097//3940
f 3098//3942 2689//3554 2690//3944
f 3097//3940 2689//3554 3098//3942
f 3098//3942 3099//3945 3081//3946
f 3081//3946 3080//3943 3098//3942
f 3078//3938 3027//3947 3096//3939
f 3078//3948 3081//3946 3027//3949
f 3081//3946 3099//3945 3027//3949
f 2761//3709 3099//3950 2880//3706
f 3099//3945 3098//3942 2880//3951
f 3098//3942 2690//3944 2880//3951
f 2690//3556 2555//3558 2880//3706
f 2761//3709 3019//3819 3099//3950
f 2984//3952 3019//3826 2920//3825
f 2984//3953 3099//3950 3019//3819
f 2984//3952 2983//3954 3099//3955
f 2983//3954 3027//3839 3099//3955
f 2983//3954 2928//3840 3027//3839
f 3028//3838 3096//3939 3027//3839
f 3028//3838 2687//3549 3096//3939
f 3028//3838 2692//3559 2687//3549
f 3028//3838 3030//3843 2692//3559
f 3030//3843 2778//3730 2692//3559
f 2778//3730 2882//3729 2692//3559
f 2882//3729 2694//3560 2692//3559
f 2882//3729 2883//3732 2694//3560
f 2593//3561 2694//3560 2883//3732
f 3082//3956 3092//3924 3074//3925
f 3100//3957 3092//3924 3082//3956
f 3083//3958 3100//3957 3082//3956
f 2696//3581 3092//3924 3100//3957
f 2682//3533 3092//3924 2696//3581
f 3083//3958 2696//3581 3100//3957
f 3083//3958 3084//3959 2696//3581
f 3084//3960 2698//3961 2696//3962
f 3085//3963 2698//3964 3084//3965
f 2699//3966 2698//3967 3085//3968
f 2805//3751 3017//3969 2885//3750
f 3017//3969 2753//3970 2885//3750
f 2753//3970 2683//3540 2885//3750
f 2683//3540 2603//3595 2885//3750
f 2753//3970 2839//3694 2683//3540
f 2805//3751 3024//3877 3017//3969
f 3085//3968 2809//3759 2699//3966
f 2809//3759 2566//3758 2699//3966
f 3085//3971 3049//3885 2809//3884
f 3085//3971 2964//3895 3049//3885
f 2964//3895 2985//3887 3049//3885
f 2679//3602 2569//3604 2827//3761
f 3188//3972 2888//3973 2891//3974
f 3191//3975 2888//3976 3188//3977
f 2893//3978 2888//3976 3191//3975
f 3188//3979 2891//3793 2895//3791
f 3188//3977 2895//3796 2898//3795
f 2898//3795 3191//3975 3188//3977
f 2900//3980 2893//3978 3191//3975
f 2898//3795 2900//3980 3191//3975
f 3200//3981 2928//3840 2983//3954
f 2984//3952 2920//3825 3124//3982
f 3124//3982 3122//3983 2984//3952
f 3122//3983 3127//3984 2984//3952
f 3127//3984 2983//3954 2984//3952
f 3127//3984 3200//3981 2983//3954
f 3203//3985 2905//3810 2896//3806
f 3139//3986 3204//3987 3203//3988
f 3204//3987 2907//3989 3203//3988
f 2907//3812 2905//3811 3203//3990
f 3139//3991 3136//3992 3204//3993
f 3124//3994 2914//3817 3143//3995
f 2920//3825 2914//3827 3124//3982
f 3146//3996 3206//3997 3148//3998
f 3146//3996 2918//3823 3206//3997
f 2918//3823 2922//3829 3206//3997
f 3146//3996 3151//3999 2918//3823
f 3136//3992 2924//3836 3204//3993
f 2924//3836 2926//4000 3204//3993
f 3136//3992 3148//3998 2924//3836
f 3148//3998 3206//3997 2924//3836
f 3206//3997 2922//3829 2924//3836
f 3208//4001 2928//3840 3200//3981
f 2930//3841 2928//3840 3208//4001
f 2933//3842 2930//3841 3208//4001
f 3156//4002 3200//3981 3127//3984
f 3208//4001 3200//3981 3156//4002
f 3156//4002 2933//3842 3208//4001
f 3156//4002 3157//4003 2933//3842
f 3157//4003 2935//3847 2933//3842
f 3157//4003 3158//4004 2935//3847
f 3158//4004 3211//4005 2935//3847
f 3211//4005 2937//3858 2935//3847
f 2939//3860 2937//3858 3211//4005
f 3213//4006 3211//4005 3158//4004
f 3158//4004 3159//4007 3213//4006
f 3213//4006 2939//3860 3211//4005
f 3213//4006 2942//3862 2939//3860
f 3213//4006 3215//4008 2942//3862
f 3161//4009 3213//4006 3159//4007
f 3161//4009 3217//4010 3213//4006
f 3217//4010 3215//4008 3213//4006
f 3161//4009 3162//4011 3217//4010
f 3219//4012 3217//4010 3162//4011
f 3162//4011 3164//4013 3219//4012
f 3202//4014 3219//4012 3164//4013
f 3164//4013 3138//4015 3202//4014
f 2946//3864 2942//3862 3215//4008
f 3217//4010 2946//3864 3215//4008
f 3217//4010 2947//3865 2946//3864
f 3217//4010 3221//4016 2947//3865
f 2950//3866 2947//3865 3221//4016
f 3222//4017 3217//4010 3219//4012
f 3221//4016 3217//4010 3222//4017
f 3222//4017 2950//3866 3221//4016
f 3222//4017 2952//3868 2950//3866
f 3222//4017 3223//4018 2952//3868
f 3207//4019 3219//4012 3202//4014
f 3222//4017 3219//4012 3207//4019
f 3209//4020 3222//4017 3207//4019
f 3223//4018 3222//4017 3209//4020
f 2953//3870 2952//3868 3223//4018
f 2955//3872 3223//4018 3209//4020
f 2953//3870 3223//4018 2955//3872
f 3226//4021 2949//3876 2956//3875
f 3166//4022 3169//4023 3227//4024
f 3169//4023 2959//4025 3227//4024
f 3169//4026 2957//3883 2959//4027
f 3169//4026 3226//4021 2957//3883
f 3226//4021 2956//3875 2957//3883
f 3169//4026 3171//4028 3226//4021
f 3227//4029 2959//3878 2961//3900
f 3230//4030 2889//4031 2892//4032
f 3232//4033 2896//4034 2902//4035
f 3203//4036 2896//4034 3232//4033
f 3174//4037 3232//4038 3233//4039
f 3174//4040 3139//4041 3232//4033
f 3139//4041 3203//4036 3232//4033
f 3204//4042 2921//4043 2907//4044
f 3230//4045 2940//4046 2889//4047
f 2940//4046 2902//4048 2889//4049
f 2940//4046 2931//4050 2902//4048
f 2931//4051 3232//4033 2902//4035
f 2944//4052 3233//4053 2931//4051
f 3233//4053 3232//4033 2931//4051
f 2944//4052 3190//4054 3233//4053
f 2951//4055 2949//3876 3226//4021
f 3226//4021 3236//4056 2951//4055
f 3236//4056 3238//4057 2951//4055
f 3238//4058 3230//4030 2951//4059
f 3230//4030 2892//4032 2951//4059
f 3236//4056 3226//4021 3171//4028
f 3171//4028 3176//4060 3236//4056
f 3179//4061 3236//4056 3176//4060
f 3238//4057 3236//4056 3179//4061
f 3238//4057 2954//4062 3230//4045
f 2954//4062 2940//4046 3230//4045
f 3238//4057 3240//4063 2954//4062
f 3240//4063 3194//4064 2954//4062
f 3194//4064 2944//4052 2954//4062
f 3194//4064 3190//4054 2944//4052
f 3179//4061 3199//4065 3238//4057
f 3199//4065 3240//4063 3238//4057
f 3179//4061 3132//4066 3199//4065
f 3135//4067 3130//4068 3199//4069
f 3130//4068 3240//4070 3199//4069
f 3130//4071 3194//4072 3240//4073
f 3174//4037 3233//4039 3182//4074
f 3204//3993 2926//4000 2921//4075
f 3184//4076 3182//4077 3193//4078
f 3182//4077 3233//4053 3193//4078
f 3233//4053 3190//4054 3193//4078
f 3184//4079 3193//4080 3128//4081
f 3310//4082 3122//3983 3124//3982
f 3127//3984 3122//3983 3310//4082
f 3310//4082 3312//4083 3127//3984
f 3315//4084 3136//4085 3139//4086
f 3242//4087 3246//4088 3143//3995
f 3246//4088 3310//4082 3143//3995
f 3310//4082 3124//3982 3143//3995
f 3312//4083 3310//4082 3246//4088
f 3246//4088 3248//4089 3312//4083
f 3253//4090 3146//3996 3148//3998
f 3253//4090 3319//4091 3146//3996
f 3253//4090 3251//4092 3319//4091
f 3319//4091 3151//3999 3146//3996
f 3257//4093 3136//4094 3315//4095
f 3257//4093 3253//4096 3136//4094
f 3253//4090 3148//3998 3136//3992
f 3323//4097 3127//3984 3312//4083
f 3156//4002 3127//3984 3323//4097
f 3325//4098 3156//4002 3323//4097
f 3157//4003 3156//4002 3325//4098
f 3158//4004 3157//4003 3325//4098
f 3323//4097 3312//4083 3248//4089
f 3248//4089 3260//4099 3323//4097
f 3260//4099 3328//4100 3323//4097
f 3328//4100 3325//4098 3323//4097
f 3260//4099 3263//4101 3328//4100
f 3265//4102 3328//4100 3263//4101
f 3329//4103 3328//4100 3265//4102
f 3159//4007 3325//4098 3328//4100
f 3158//4004 3325//4098 3159//4007
f 3329//4103 3159//4007 3328//4100
f 3329//4103 3161//4009 3159//4007
f 3329//4103 3331//4104 3161//4009
f 3162//4011 3161//4009 3331//4104
f 3268//4105 3329//4103 3265//4102
f 3333//4106 3329//4103 3268//4105
f 3334//4107 3333//4106 3268//4105
f 3268//4105 3269//4108 3334//4107
f 3331//4104 3329//4103 3333//4106
f 3333//4106 3336//4109 3331//4104
f 3164//4013 3331//4104 3336//4109
f 3162//4011 3331//4104 3164//4013
f 3335//4110 3333//4106 3334//4107
f 3336//4109 3333//4106 3335//4110
f 3138//4015 3336//4109 3335//4110
f 3164//4013 3336//4109 3138//4015
f 3341//4111 3166//4112 3339//4113
f 3169//4026 3166//4112 3341//4111
f 3171//4028 3169//4026 3341//4111
f 3341//4111 3317//4114 3171//4028
f 3275//4115 3339//4113 3274//4116
f 3341//4111 3339//4113 3275//4115
f 3254//4117 3341//4111 3275//4115
f 3317//4114 3341//4111 3254//4117
f 3315//4084 3139//4086 3174//4118
f 3176//4060 3171//4028 3317//4114
f 3317//4114 3320//4119 3176//4060
f 3179//4061 3176//4060 3320//4119
f 3320//4119 3321//4120 3179//4061
f 3132//4121 3179//4122 3321//4123
f 3311//4124 3130//4068 3135//4067
f 3280//4125 3174//4037 3182//4074
f 3280//4126 3257//4093 3174//4127
f 3257//4093 3315//4095 3174//4127
f 3280//4128 3184//4129 3282//4130
f 3182//4074 3184//4131 3280//4125
f 3184//4129 3128//4132 3244//4133
f 3244//4133 3282//4130 3184//4129
f 3365//4134 3366//4135 3390//4136
f 3367//4137 3392//4138 3368//4139
f 3391//4140 3392//4138 3367//4137
f 3368//4139 3393//4141 3369//4142
f 3392//4138 3393//4141 3368//4139
f 3395//4143 3391//4140 3394//4144
f 3392//4138 3391//4140 3395//4143
f 3396//4145 3392//4138 3395//4143
f 3393//4141 3392//4138 3396//4145
f 3369//4142 3397//4146 3370//4147
f 3393//4141 3397//4146 3369//4142
f 3397//4146 3398//4148 3371//4149
f 3371//4149 3370//4147 3397//4146
f 3399//4150 3393//4141 3396//4145
f 3397//4146 3393//4141 3399//4150
f 3400//4151 3397//4146 3399//4150
f 3398//4148 3397//4146 3400//4151
f 3398//4148 3401//4152 3372//4153
f 3372//4153 3371//4149 3398//4148
f 3373//4154 3055//4155 3054//4156
f 3373//4154 3401//4152 3055//4155
f 3373//4154 3372//4153 3401//4152
f 3400//4151 3058//3905 3398//4148
f 3058//3905 3056//3906 3398//4148
f 3056//3906 3401//4152 3398//4148
f 3056//3906 3055//3907 3401//4152
f 3054//4157 3060//4158 3374//4159
f 3374//4159 3373//4154 3054//4157
f 3374//4159 3062//4160 3375//4161
f 3060//4158 3062//4160 3374//4159
f 3376//4162 3062//3912 3402//4163
f 3062//3912 3063//3915 3402//4163
f 3376//4164 3375//4161 3062//4160
f 3404//4165 3396//4145 3403//4166
f 3399//4150 3396//4145 3404//4165
f 3404//4165 3067//3916 3399//4150
f 3067//3916 3065//3917 3399//4150
f 3065//3917 3400//4151 3399//4150
f 3405//4167 3070//3918 3403//4166
f 3070//3918 3069//3920 3403//4166
f 3069//3920 3404//4165 3403//4166
f 3069//3920 3067//3916 3404//4165
f 3072//3922 3405//4167 3406//4168
f 3070//3918 3405//4167 3072//3922
f 3385//4169 3072//3922 3406//4168
f 3385//4169 3073//3923 3072//3922
f 3385//4169 3386//4170 3073//3923
f 3074//3925 3073//3923 3386//4170
f 3065//3917 3058//3905 3400//4151
f 3402//4163 3063//3915 3075//3930
f 3377//4171 3390//4136 3366//4135
f 3407//4172 3390//4136 3377//4171
f 3087//4173 3390//4136 3407//4172
f 3086//4174 3390//4136 3087//4173
f 3408//4175 3407//4172 3377//4171
f 3377//4171 3378//4176 3408//4175
f 3076//3936 3407//4172 3408//4175
f 3087//4173 3407//4172 3076//3936
f 3380//4177 3409//4178 3379//4179
f 3379//4179 3409//4178 3381//4180
f 3380//4177 3410//4181 3409//4178
f 3380//4177 3376//4182 3410//4181
f 3376//4183 3402//4163 3410//4181
f 3382//4184 3381//4180 3411//4185
f 3381//4180 3410//4181 3411//4185
f 3381//4180 3409//4178 3410//4181
f 3383//4186 3408//4175 3378//4176
f 3412//4187 3408//4175 3383//4186
f 3076//3936 3408//4175 3412//4187
f 3412//4187 3077//3937 3076//3936
f 3383//4186 3413//4188 3412//4187
f 3383//4186 3411//4185 3413//4188
f 3383//4186 3382//4184 3411//4185
f 3077//3937 3412//4187 3413//4188
f 3413//4188 3078//3948 3077//3937
f 3410//4181 3075//3930 3079//3941
f 3402//4163 3075//3930 3410//4181
f 3411//4185 3079//3941 3080//3943
f 3410//4181 3079//3941 3411//4185
f 3413//4188 3080//3943 3081//3946
f 3411//4185 3080//3943 3413//4188
f 3081//3946 3078//3948 3413//4188
f 3469//4189 3242//4087 3305//4190
f 3414//4191 3251//4092 3416//4192
f 3306//4193 3251//4092 3414//4191
f 3414//4191 3305//4190 3306//4193
f 3414//4191 3469//4189 3305//4190
f 3414//4191 3418//4194 3469//4189
f 3246//4088 3242//4087 3469//4189
f 3469//4189 3472//4195 3246//4088
f 3473//4196 3246//4088 3472//4195
f 3248//4089 3246//4088 3473//4196
f 3472//4195 3469//4189 3418//4194
f 3418//4194 3420//4197 3472//4195
f 3421//4198 3472//4195 3420//4199
f 3473//4196 3472//4195 3421//4198
f 3423//4200 3253//4090 3476//4201
f 3423//4200 3416//4192 3253//4090
f 3416//4192 3251//4092 3253//4090
f 3476//4201 3253//4090 3257//4202
f 3257//4202 3478//4203 3476//4201
f 3479//4204 3248//4089 3473//4196
f 3260//4099 3248//4089 3479//4204
f 3263//4101 3260//4099 3479//4204
f 3421//4198 3479//4204 3473//4196
f 3421//4198 3481//4205 3479//4204
f 3421//4198 3426//4206 3481//4205
f 3265//4102 3479//4204 3481//4205
f 3263//4101 3479//4204 3265//4102
f 3483//4207 3481//4205 3426//4206
f 3426//4206 3428//4208 3483//4207
f 3268//4105 3481//4205 3483//4207
f 3265//4102 3481//4205 3268//4105
f 3430//4209 3483//4207 3428//4208
f 3485//4210 3483//4207 3430//4209
f 3269//4108 3483//4207 3485//4210
f 3268//4105 3483//4207 3269//4108
f 3489//4211 3487//4212 3432//4213
f 3432//4213 3434//4214 3489//4211
f 3436//4215 3489//4211 3434//4214
f 3491//4216 3489//4211 3436//4215
f 3437//4217 3491//4216 3436//4215
f 3493//4218 3491//4216 3437//4217
f 3437//4217 3439//4219 3493//4218
f 3439//4219 3307//4220 3493//4218
f 3439//4219 3274//4116 3307//4220
f 3275//4115 3274//4116 3439//4219
f 3439//4219 3442//4221 3275//4115
f 3444//4222 3275//4115 3442//4221
f 3254//4117 3275//4115 3444//4222
f 3494//4223 3257//4202 3280//4224
f 3478//4203 3257//4202 3494//4223
f 3448//4225 3446//4226 3495//4227
f 3446//4226 3282//4130 3495//4227
f 3446//4226 3494//4223 3282//4130
f 3494//4223 3280//4224 3282//4130
f 3495//4227 3282//4130 3244//4133
f 3448//4225 3495//4227 3450//4228
f 3452//4229 3450//4228 3247//4230
f 3450//4228 3495//4227 3247//4230
f 3495//4227 3244//4133 3247//4230
f 3452//4229 3250//4231 3454//4232
f 3247//4230 3250//4231 3452//4229
f 3444//4222 3455//4233 3254//4117
f 3455//4233 3496//4234 3254//4117
f 3496//4234 3256//4235 3254//4117
f 3258//4236 3256//4235 3496//4234
f 3456//4237 3496//4234 3455//4233
f 3456//4237 3457//4238 3496//4234
f 3457//4238 3258//4236 3496//4234
f 3457//4238 3261//4239 3258//4236
f 3457//4238 3458//4240 3261//4239
f 3458//4240 3264//4241 3261//4239
f 3458//4240 3497//4242 3264//4241
f 3460//4243 3267//4244 3497//4242
f 3267//4245 3264//4241 3497//4242
f 3460//4243 3459//4246 3267//4247
f 3461//4248 3497//4242 3458//4240
f 3460//4243 3497//4242 3461//4248
f 3462//4249 3498//4250 3463//4251
f 3462//4252 3270//4253 3498//4254
f 3462//4249 3250//4231 3270//4255
f 3462//4249 3454//4232 3250//4231
f 3459//4246 3272//4256 3267//4247
f 3459//4246 3463//4251 3272//4256
f 3463//4257 3498//4258 3272//4259
f 3498//4260 3270//4261 3272//4262
f 3464//4263 3485//4210 3430//4209
f 3464//4263 3269//4108 3485//4210
f 3464//4264 3465//4265 3269//4266
f 3465//4267 3277//4268 3269//4269
f 3465//4265 3466//4270 3277//4271
f 3466//4270 3499//4272 3277//4271
f 3499//4272 3279//4273 3277//4271
f 3281//4274 3279//4273 3499//4272
f 3467//4275 3499//4272 3466//4270
f 3467//4275 3281//4274 3499//4272
f 3467//4275 3284//4276 3281//4274
f 3467//4275 3415//4277 3284//4276
f 3414//4191 3416//4192 3503//4278
f 3503//4278 3501//4279 3414//4191
f 3418//4194 3414//4191 3501//4279
f 3501//4279 3505//4280 3418//4281
f 3505//4280 3507//4282 3418//4281
f 3507//4282 3577//4283 3418//4281
f 3577//4284 3420//4197 3418//4194
f 3579//4285 3420//4197 3577//4284
f 3421//4198 3420//4197 3579//4285
f 3416//4192 3423//4200 3509//4286
f 3509//4286 3503//4278 3416//4192
f 3511//4287 3577//4284 3507//4282
f 3511//4287 3582//4288 3577//4284
f 3582//4288 3579//4285 3577//4284
f 3511//4287 3513//4289 3582//4288
f 3583//4290 3582//4288 3513//4289
f 3513//4289 3515//4291 3583//4290
f 3426//4206 3421//4198 3579//4285
f 3428//4208 3579//4285 3582//4288
f 3426//4206 3579//4285 3428//4208
f 3430//4209 3582//4288 3583//4290
f 3428//4208 3582//4288 3430//4209
f 3434//4214 3432//4213 3517//4292
f 3517//4292 3519//4293 3434//4214
f 3520//4294 3434//4214 3519//4293
f 3436//4215 3434//4214 3520//4294
f 3521//4295 3436//4215 3520//4294
f 3437//4217 3436//4215 3521//4295
f 3439//4219 3437//4217 3521//4295
f 3521//4295 3523//4296 3439//4219
f 3442//4221 3439//4219 3523//4296
f 3523//4296 3525//4297 3442//4221
f 3525//4297 3444//4222 3442//4221
f 3525//4297 3587//4298 3444//4222
f 3525//4297 3527//4299 3587//4298
f 3529//4300 3587//4298 3527//4299
f 3532//4301 3590//4302 3533//4303
f 3590//4304 3591//4305 3536//4306
f 3536//4306 3533//4307 3590//4304
f 3536//4308 3594//4309 3538//4310
f 3591//4311 3594//4309 3536//4308
f 3540//4312 3594//4309 3596//4313
f 3594//4309 3595//4314 3596//4313
f 3540//4312 3538//4310 3594//4309
f 3540//4312 3596//4313 3541//4315
f 3595//4314 3446//4226 3448//4225
f 3542//4316 3583//4290 3515//4291
f 3599//4317 3596//4313 3450//4228
f 3596//4313 3448//4225 3450//4228
f 3596//4313 3595//4314 3448//4225
f 3599//4317 3450//4228 3452//4229
f 3543//4318 3599//4317 3600//4319
f 3543//4318 3596//4313 3599//4317
f 3543//4318 3541//4320 3596//4313
f 3600//4319 3452//4229 3454//4232
f 3599//4317 3452//4229 3600//4319
f 3455//4233 3444//4222 3587//4298
f 3529//4300 3544//4321 3587//4298
f 3544//4321 3456//4237 3587//4298
f 3456//4237 3455//4233 3587//4298
f 3544//4321 3603//4322 3456//4237
f 3457//4238 3456//4237 3603//4322
f 3603//4322 3604//4323 3457//4238
f 3545//4324 3606//4325 3546//4326
f 3548//4327 3458//4240 3604//4328
f 3458//4240 3457//4238 3604//4323
f 3548//4327 3608//4329 3458//4240
f 3548//4327 3547//4330 3608//4329
f 3547//4330 3459//4246 3608//4329
f 3459//4246 3460//4243 3608//4329
f 3547//4330 3546//4326 3459//4246
f 3546//4326 3606//4325 3459//4246
f 3549//4331 3603//4322 3544//4321
f 3549//4331 3604//4323 3603//4322
f 3549//4331 3550//4332 3604//4323
f 3550//4332 3610//4333 3604//4323
f 3551//4334 3610//4333 3550//4332
f 3604//4323 3610//4333 3552//4335
f 3552//4335 3548//4336 3604//4323
f 3608//4329 3461//4248 3458//4240
f 3608//4329 3460//4243 3461//4248
f 3552//4335 3610//4333 3551//4334
f 3545//4324 3543//4318 3606//4325
f 3543//4318 3463//4251 3606//4325
f 3543//4318 3462//4249 3463//4251
f 3543//4318 3600//4319 3462//4249
f 3600//4319 3454//4232 3462//4249
f 3606//4325 3463//4251 3459//4246
f 3542//4316 3553//4337 3583//4290
f 3553//4337 3464//4264 3583//4338
f 3464//4263 3430//4209 3583//4290
f 3553//4337 3554//4339 3464//4264
f 3554//4339 3465//4265 3464//4264
f 3554//4339 3612//4340 3465//4265
f 3555//4341 3612//4340 3554//4339
f 3466//4270 3465//4265 3612//4340
f 3555//4341 3500//4342 3612//4340
f 3500//4342 3466//4270 3612//4340
f 3500//4342 3467//4275 3466//4270
f 3500//4342 3576//4343 3467//4275
f 3580//4344 3467//4275 3576//4343
f 3415//4277 3467//4275 3580//4344
f 3640//4345 3641//4346 3362//4347
f 3643//4348 3644//4349 3365//4134
f 3366//4135 3365//4134 3644//4349
f 3641//4346 3640//4345 3645//4350
f 3645//4350 3646//4351 3641//4346
f 3642//4352 3641//4346 3646//4351
f 3646//4351 3647//4353 3642//4352
f 3646//4351 3645//4350 3648//4354
f 3648//4354 3649//4355 3646//4351
f 3647//4353 3646//4351 3649//4355
f 3649//4355 3650//4356 3647//4353
f 3628//4357 3647//4353 3632//4358
f 3642//4352 3647//4353 3628//4357
f 3556//4359 3650//4356 3651//4360
f 3556//4359 3632//4358 3650//4356
f 3632//4358 3647//4353 3650//4356
f 3556//4359 3651//4360 3557//4361
f 3649//4355 3367//4137 3368//4139
f 3648//4354 3367//4137 3649//4355
f 3650//4356 3368//4139 3369//4142
f 3649//4355 3368//4139 3650//4356
f 3651//4360 3369//4142 3370//4147
f 3650//4356 3369//4142 3651//4360
f 3558//4362 3651//4360 3371//4149
f 3651//4360 3370//4147 3371//4149
f 3558//4362 3557//4363 3651//4360
f 3560//4364 3559//4365 3372//4153
f 3559//4365 3371//4149 3372//4153
f 3559//4365 3558//4362 3371//4149
f 3562//4366 3561//4367 3373//4154
f 3561//4367 3372//4153 3373//4154
f 3561//4367 3560//4364 3372//4153
f 3565//4368 3652//4369 3564//4370
f 3565//4368 3566//4371 3652//4369
f 3566//4371 3374//4159 3652//4372
f 3566//4371 3373//4154 3374//4159
f 3566//4371 3563//4373 3373//4154
f 3563//4373 3562//4366 3373//4154
f 3568//4374 3567//4375 3653//4376
f 3567//4375 3652//4369 3653//4376
f 3567//4375 3564//4370 3652//4369
f 3652//4372 3374//4159 3375//4161
f 3653//4377 3375//4378 3376//4379
f 3652//4372 3375//4161 3653//4380
f 3570//4381 3643//4348 3569//4382
f 3570//4381 3644//4349 3643//4348
f 3570//4381 3633//4383 3644//4349
f 3633//4383 3654//4384 3644//4349
f 3572//4385 3655//4386 3571//4387
f 3633//4383 3656//4388 3654//4384
f 3633//4383 3571//4387 3656//4388
f 3571//4387 3655//4386 3656//4388
f 3377//4171 3644//4349 3654//4384
f 3366//4135 3644//4349 3377//4171
f 3378//4176 3654//4384 3656//4388
f 3377//4171 3654//4384 3378//4176
f 3572//4385 3380//4177 3655//4386
f 3380//4177 3379//4179 3655//4386
f 3572//4385 3653//4376 3380//4177
f 3572//4385 3568//4374 3653//4376
f 3381//4180 3655//4386 3379//4179
f 3381//4180 3656//4388 3655//4386
f 3381//4180 3657//4389 3656//4390
f 3376//4182 3380//4177 3653//4376
f 3657//4389 3381//4180 3382//4184
f 3378//4176 3656//4388 3657//4389
f 3657//4389 3383//4186 3378//4176
f 3382//4184 3383//4186 3657//4389
f 3705//4391 3790//4392 3702//4393
f 3798//4394 3793//4395 3797//4396
f 3795//4397 3793//4395 3798//4394
f 3805//4398 3795//4397 3798//4394
f 3802//4399 3795//4397 3805//4398
f 3808//4400 3797//4396 3806//4401
f 3798//4394 3797//4396 3808//4400
f 3810//4402 3798//4394 3808//4400
f 3805//4398 3798//4394 3810//4402
f 3814//4403 3806//4401 3812//4404
f 3808//4400 3806//4401 3814//4403
f 3714//4405 3808//4400 3814//4403
f 3714//4405 3712//4406 3808//4400
f 3712//4406 3810//4402 3808//4400
f 3557//4361 3815//4407 3556//4359
f 3815//4407 3814//4403 3556//4359
f 3814//4403 3812//4404 3556//4359
f 3717//4408 3815//4409 3816//4410
f 3717//4411 3714//4405 3815//4407
f 3714//4405 3814//4403 3815//4407
f 3720//4412 3805//4398 3723//4413
f 3802//4399 3805//4398 3720//4412
f 3805//4398 3810//4402 3725//4414
f 3725//4414 3723//4413 3805//4398
f 3725//4414 3810//4402 3712//4406
f 3816//4410 3817//4415 3728//4416
f 3728//4416 3717//4408 3816//4410
f 3728//4416 3818//4417 3733//4418
f 3817//4415 3818//4417 3728//4416
f 3733//4418 3819//4419 3736//4420
f 3818//4417 3819//4419 3733//4418
f 3736//4420 3821//4421 3738//4422
f 3819//4419 3821//4421 3736//4420
f 3738//4422 3821//4421 3741//4423
f 3747//4424 3822//4425 3746//4426
f 3753//4427 3823//4428 3751//4429
f 3747//4424 3751//4429 3822//4425
f 3751//4429 3823//4428 3822//4425
f 3823//4428 3826//4430 3822//4425
f 3817//4415 3558//4362 3559//4365
f 3816//4410 3558//4362 3817//4415
f 3817//4415 3559//4365 3560//4364
f 3560//4364 3818//4417 3817//4415
f 3819//4419 3560//4364 3561//4431
f 3818//4417 3560//4364 3819//4419
f 3821//4421 3561//4431 3562//4432
f 3819//4419 3561//4431 3821//4421
f 3756//4433 3563//4373 3828//4434
f 3756//4433 3741//4423 3563//4373
f 3741//4423 3821//4421 3563//4373
f 3821//4421 3562//4432 3563//4373
f 3759//4435 3565//4368 3564//4370
f 3759//4435 3828//4434 3565//4368
f 3759//4435 3756//4433 3828//4434
f 3828//4434 3563//4373 3566//4371
f 3566//4371 3565//4368 3828//4434
f 3753//4427 3759//4435 3823//4428
f 3759//4435 3567//4375 3823//4428
f 3759//4435 3564//4370 3567//4375
f 3826//4430 3567//4375 3568//4374
f 3823//4436 3567//4375 3826//4430
f 3764//4437 3831//4438 3762//4439
f 3764//4437 3833//4440 3831//4438
f 3833//4440 3570//4381 3831//4438
f 3570//4381 3569//4382 3831//4438
f 3764//4437 3765//4441 3833//4440
f 3767//4442 3833//4440 3765//4441
f 3834//4443 3833//4440 3767//4442
f 3746//4426 3837//4444 3768//4445
f 3822//4425 3837//4444 3746//4426
f 3767//4442 3768//4445 3834//4443
f 3768//4445 3840//4446 3834//4443
f 3768//4445 3837//4444 3840//4446
f 3842//4447 3822//4425 3826//4430
f 3837//4444 3822//4425 3842//4447
f 3842//4447 3572//4385 3837//4444
f 3572//4385 3840//4446 3837//4444
f 3572//4385 3571//4387 3840//4446
f 3844//4448 3573//4449 3574//4450
f 3770//4451 3509//4286 3844//4448
f 3509//4286 3573//4449 3844//4448
f 3770//4451 3769//4452 3509//4286
f 3699//4453 3575//4454 3792//4455
f 3699//4453 3771//4456 3575//4454
f 3771//4456 3844//4448 3575//4454
f 3844//4448 3574//4450 3575//4454
f 3770//4451 3844//4448 3771//4456
f 3847//4457 3501//4279 3503//4278
f 3505//4280 3501//4279 3847//4457
f 3847//4457 3849//4458 3505//4280
f 3507//4282 3505//4280 3849//4458
f 3769//4452 3503//4278 3509//4286
f 3769//4459 3772//4460 3503//4278
f 3772//4460 3847//4457 3503//4278
f 3772//4460 3773//4461 3847//4457
f 3773//4461 3849//4458 3847//4457
f 3773//4461 3850//4462 3849//4458
f 3774//4463 3850//4462 3773//4461
f 3850//4462 3507//4282 3849//4458
f 3850//4462 3511//4287 3507//4282
f 3850//4462 3852//4464 3511//4287
f 3513//4289 3511//4287 3852//4464
f 3774//4463 3800//4465 3850//4462
f 3800//4465 3852//4464 3850//4462
f 3774//4463 3704//4466 3800//4465
f 3515//4291 3852//4464 3800//4465
f 3513//4289 3852//4464 3515//4291
f 3856//4467 3517//4292 3855//4468
f 3519//4293 3517//4292 3856//4467
f 3857//4469 3519//4293 3856//4467
f 3520//4294 3519//4293 3857//4469
f 3856//4467 3855//4468 3859//4470
f 3859//4470 3860//4471 3856//4467
f 3861//4472 3856//4467 3860//4471
f 3857//4469 3856//4467 3861//4472
f 3776//4473 3859//4470 3775//4474
f 3860//4471 3859//4470 3776//4473
f 3861//4472 3860//4471 3776//4473
f 3776//4473 3777//4475 3861//4472
f 3779//4476 3863//4477 3778//4478
f 3778//4478 3863//4477 3780//4479
f 3864//4480 3520//4294 3857//4469
f 3521//4295 3520//4294 3864//4480
f 3866//4481 3521//4295 3864//4480
f 3523//4296 3521//4295 3866//4481
f 3782//4482 3864//4480 3861//4472
f 3864//4480 3857//4469 3861//4472
f 3782//4482 3781//4483 3864//4480
f 3783//4484 3864//4480 3781//4483
f 3866//4481 3864//4480 3783//4484
f 3869//4485 3523//4296 3866//4481
f 3525//4297 3523//4296 3869//4485
f 3527//4299 3525//4297 3869//4485
f 3784//4486 3866//4481 3783//4484
f 3869//4485 3866//4481 3784//4486
f 3784//4486 3785//4487 3869//4485
f 3785//4487 3811//4488 3869//4485
f 3811//4488 3527//4299 3869//4485
f 3811//4488 3529//4300 3527//4299
f 3782//4482 3861//4472 3777//4475
f 3786//4489 3811//4488 3785//4487
f 3836//4490 3811//4488 3786//4489
f 3729//4491 3836//4490 3786//4489
f 3871//4492 3863//4477 3779//4476
f 3779//4476 3787//4493 3871//4492
f 3863//4477 3871//4492 3788//4494
f 3788//4494 3780//4479 3863//4477
f 3789//4495 3871//4496 3787//4497
f 3788//4498 3871//4496 3789//4495
f 3963//4499 3965//4500 3881//4501
f 3881//4501 3878//4502 3963//4499
f 3884//4503 3961//4504 3876//4505
f 3886//4506 3881//4507 3965//4508
f 3884//4503 3970//4509 3961//4504
f 3884//4510 3891//4511 3970//4512
f 3891//4513 3973//4514 3970//4515
f 3973//4516 3975//4517 3970//4518
f 3975//4517 3702//4393 3970//4518
f 3975//4517 3705//4391 3702//4393
f 3978//4519 3712//4406 3714//4520
f 3978//4521 3714//4522 3717//4523
f 3985//4524 3720//4412 3723//4413
f 3984//4525 3720//4412 3985//4524
f 3963//4499 3984//4525 3985//4524
f 3985//4524 3987//4526 3963//4499
f 3988//4527 3723//4413 3725//4414
f 3985//4524 3723//4413 3988//4527
f 3987//4526 3985//4524 3988//4527
f 3988//4527 3990//4528 3987//4526
f 3965//4500 3963//4499 3987//4526
f 3987//4526 3991//4529 3965//4500
f 3893//4530 3991//4531 3993//4532
f 3893//4530 3886//4506 3991//4531
f 3886//4506 3965//4508 3991//4531
f 3994//4533 3987//4526 3990//4528
f 3991//4529 3987//4526 3994//4533
f 3993//4534 3991//4529 3994//4533
f 3994//4533 3996//4535 3993//4534
f 3900//4536 3896//4537 3978//4538
f 3896//4539 3725//4414 3978//4519
f 3725//4414 3712//4406 3978//4519
f 3896//4539 3988//4540 3725//4414
f 3896//4539 3990//4541 3988//4540
f 3896//4542 3902//4543 3990//4544
f 3902//4543 3998//4545 3990//4544
f 3905//4546 3717//4547 3728//4548
f 3905//4549 3978//4521 3717//4523
f 3905//4549 3900//4550 3978//4521
f 3902//4551 3728//4552 3998//4553
f 3728//4416 3733//4418 3998//4554
f 3902//4551 3905//4555 3728//4552
f 4000//4556 3990//4544 3998//4545
f 3994//4533 3990//4528 4000//4557
f 4001//4558 3994//4533 4000//4557
f 3996//4535 3994//4533 4001//4558
f 3998//4554 3733//4418 3736//4420
f 3736//4420 4000//4559 3998//4554
f 4001//4558 3736//4420 3738//4422
f 4000//4557 3736//4420 4001//4558
f 3891//4513 4003//4560 3973//4514
f 3891//4561 3893//4530 4003//4562
f 3893//4530 3993//4532 4003//4562
f 4004//4563 3973//4516 4003//4564
f 3975//4517 3973//4516 4004//4563
f 4006//4565 3993//4534 3996//4535
f 4003//4564 3993//4534 4006//4565
f 4007//4566 4003//4564 4006//4565
f 4004//4563 4003//4564 4007//4566
f 4010//4567 3975//4517 4004//4563
f 4009//4568 3975//4517 4010//4567
f 3911//4569 3909//4570 4010//4567
f 3909//4570 4009//4568 4010//4567
f 3909//4571 4011//4572 4009//4573
f 3916//4574 4004//4575 4007//4576
f 3916//4577 3914//4578 4004//4563
f 3914//4578 4010//4567 4004//4563
f 3911//4569 4010//4567 3914//4578
f 3921//4579 3996//4580 4001//4558
f 3921//4581 3919//4582 3996//4535
f 3919//4582 4006//4565 3996//4535
f 3919//4582 3922//4583 4006//4565
f 3922//4583 4007//4566 4006//4565
f 3922//4584 4013//4585 4007//4586
f 3923//4587 3921//4579 4015//4588
f 3921//4579 4001//4558 4015//4588
f 4001//4558 3738//4422 4015//4588
f 3738//4422 3741//4423 4015//4588
f 3922//4584 4017//4589 4013//4585
f 3922//4590 4015//4588 4017//4589
f 3922//4590 3923//4587 4015//4588
f 3926//4591 4013//4592 4019//4593
f 3926//4591 3916//4594 4013//4595
f 3916//4574 4007//4576 4013//4596
f 3928//4597 3926//4591 3746//4426
f 3926//4591 3747//4424 3746//4426
f 3926//4591 4019//4593 3747//4424
f 4017//4589 3753//4427 4013//4585
f 3753//4427 3751//4429 4013//4585
f 3751//4429 4019//4598 4013//4585
f 3751//4429 3747//4424 4019//4598
f 4015//4588 3741//4423 3756//4433
f 4017//4589 3756//4433 3759//4435
f 4015//4588 3756//4433 4017//4589
f 3759//4435 3753//4427 4017//4589
f 3909//4599 3929//4600 4011//4601
f 3929//4602 3762//4603 4011//4604
f 3929//4602 3764//4437 3762//4603
f 3929//4602 4023//4605 3764//4437
f 3765//4441 3764//4437 4023//4605
f 4025//4606 4023//4605 3929//4602
f 3929//4607 3930//4608 4025//4609
f 3767//4442 4023//4605 4025//4606
f 3765//4441 4023//4605 3767//4442
f 3930//4610 3746//4426 4025//4611
f 3746//4426 3768//4445 4025//4611
f 3930//4610 3928//4597 3746//4426
f 3768//4445 3767//4442 4025//4612
f 4027//4613 3769//4452 3770//4451
f 3972//4614 3771//4456 3699//4453
f 3972//4614 4027//4613 3771//4456
f 4027//4613 3770//4451 3771//4456
f 3972//4614 3977//4615 4027//4616
f 4029//4617 3769//4459 4027//4618
f 3772//4460 3769//4459 4029//4617
f 3773//4461 3772//4460 4029//4617
f 4029//4617 4027//4619 3977//4615
f 3977//4615 3979//4620 4029//4617
f 3979//4620 3773//4461 4029//4617
f 3979//4620 3774//4463 3773//4461
f 3979//4620 3981//4621 3774//4463
f 3704//4466 3774//4463 3981//4621
f 4031//4622 3775//4474 4030//4623
f 3776//4473 3775//4474 4031//4622
f 4032//4624 3776//4625 4031//4626
f 3777//4475 3776//4627 4032//4628
f 4033//4629 3779//4630 4030//4631
f 3779//4476 4031//4632 4030//4633
f 3779//4476 3778//4478 4031//4632
f 3935//4634 3778//4635 3780//4636
f 3935//4637 4031//4638 3778//4639
f 3935//4640 4032//4624 4031//4626
f 3935//4640 3933//4641 4032//4624
f 4034//4642 3781//4483 3782//4482
f 3783//4484 3781//4483 4034//4642
f 4034//4642 4035//4643 3783//4484
f 4036//4644 3783//4484 4035//4643
f 3784//4486 3783//4484 4036//4644
f 3785//4487 3784//4486 4036//4644
f 3938//4645 3937//4646 4032//4628
f 3937//4646 3777//4475 4032//4628
f 3937//4646 3782//4482 3777//4475
f 3937//4646 4034//4642 3782//4482
f 3940//4647 4034//4642 3937//4648
f 4035//4643 4034//4642 3940//4647
f 3938//4649 4032//4624 3933//4641
f 3940//4647 3941//4650 4035//4643
f 3941//4650 4037//4651 4035//4643
f 4037//4651 4036//4644 4035//4643
f 3786//4489 4036//4644 4037//4651
f 3785//4487 4036//4644 3786//4489
f 3943//4652 4037//4651 3941//4650
f 3943//4652 3729//4491 4037//4651
f 3729//4491 3786//4489 4037//4651
f 3943//4652 3967//4653 3729//4491
f 3943//4652 3873//4654 3967//4653
f 3946//4655 3787//4656 4033//4629
f 3787//4656 3779//4630 4033//4629
f 3946//4657 4038//4658 3787//4659
f 3946//4657 3948//4660 4038//4658
f 3948//4661 3780//4662 4038//4663
f 3780//4662 3788//4664 4038//4663
f 3948//4665 3935//4640 3780//4666
f 3789//4667 3787//4659 4038//4658
f 4038//4658 3788//4668 3789//4667
f 3878//4502 3984//4669 3963//4499
f 4009//4568 3705//4391 3975//4517
f 4009//4568 3790//4392 3705//4391
f 3632//4358 3797//4396 3628//4357
f 3797//4396 3793//4395 3628//4357
f 3632//4358 3806//4401 3797//4396
f 3806//4401 3632//4358 3556//4359
f 3556//4670 3812//4671 3806//4672
f 3816//4410 3557//4363 3558//4362
f 3815//4673 3557//4674 3816//4675
f 3633//4383 3833//4440 3834//4443
f 3570//4381 3833//4440 3633//4383
f 3633//4383 3834//4443 3840//4446
f 3840//4446 3571//4387 3633//4383
f 3568//4374 3842//4447 3826//4430
f 3572//4385 3842//4447 3568//4374
f 4132//4676 3878//4502 3881//4501
f 4130//4677 3878//4502 4132//4676
f 3886//4506 3876//4678 3881//4679
f 3876//4680 4132//4676 3881//4501
f 3886//4506 4134//4681 3876//4678
f 4134//4681 3884//4510 3876//4678
f 3891//4511 3884//4510 4134//4681
f 4134//4681 3886//4506 3893//4530
f 4146//4682 3896//4542 3900//4683
f 3902//4543 3896//4542 4146//4682
f 4146//4684 3900//4685 3905//4686
f 3905//4686 3902//4687 4146//4684
f 3893//4530 3891//4561 4134//4688
f 4063//4689 4150//4690 4065//4691
f 4067//4692 4150//4690 4063//4689
f 4152//4693 3909//4694 3911//4695
f 4153//4696 3914//4697 3916//4698
f 4153//4696 4155//4699 3914//4697
f 4155//4700 3911//4569 3914//4578
f 4155//4701 4152//4693 3911//4695
f 4069//1131 3919//4702 4157//4703
f 3919//4582 3921//4581 4157//4704
f 4069//1131 4150//4705 3919//4702
f 4069//4706 4065//4707 4150//4708
f 4067//4709 4069//4710 4150//4711
f 4157//4712 3922//4583 3919//4582
f 4157//4713 3921//4579 3923//4587
f 3923//4587 3922//4590 4157//4713
f 4153//4714 3916//4594 3926//4591
f 4153//4714 3926//4591 3928//4597
f 3928//4597 4155//4715 4153//4714
f 3929//4600 3909//4599 4152//4716
f 3929//4717 4152//4718 4155//4719
f 4155//4720 3930//4608 3929//4607
f 3928//4597 3930//4610 4155//4715
f 4158//4721 3933//4641 3935//4640
f 4159//4722 3937//4648 3938//4723
f 3940//4647 3937//4648 4159//4722
f 4159//4722 4160//4724 3940//4647
f 4158//4721 4159//4722 3933//4641
f 4159//4722 3938//4723 3933//4641
f 4158//4721 4161//4725 4159//4722
f 4160//4724 4159//4722 4161//4725
f 4161//4725 4163//4726 4160//4724
f 3941//4650 3940//4647 4160//4724
f 4163//4726 3941//4650 4160//4724
f 4163//4726 4165//4727 3941//4650
f 4165//4727 3943//4652 3941//4650
f 3873//4654 3943//4652 4165//4727
f 3948//4728 3946//4729 4168//4730
f 4168//4730 4169//4731 3948//4728
f 4075//4732 4158//4721 4169//4731
f 4158//4721 3935//4640 4169//4731
f 3935//4640 3948//4665 4169//4731
f 4075//4732 4073//4733 4158//4721
f 4080//4734 4168//4730 4078//4735
f 4169//4731 4168//4730 4080//4734
f 4075//4732 4169//4731 4080//4734
f 4083//4736 4158//4721 4073//4733
f 4161//4725 4158//4721 4083//4736
f 4086//4737 4161//4725 4083//4736
f 4163//4726 4161//4725 4086//4737
f 4165//4727 4163//4726 4086//4737
f 4086//4737 4087//4738 4165//4727
f 4087//4738 4154//4739 4165//4727
f 4154//4739 3873//4654 4165//4727
f 4154//4739 3875//4740 3873//4654
f 4087//4738 4089//4741 4154//4739
f 4092//4742 4154//4739 4089//4741
f 4171//4743 3880//4744 3883//4745
f 3887//4746 3880//4744 4171//4743
f 4171//4743 4124//4747 3887//4746
f 4098//4748 4095//4749 4172//4750
f 4095//4749 4171//4743 4172//4750
f 4171//4743 3889//4751 4172//4750
f 4171//4743 3883//4745 3889//4751
f 4064//4752 4171//4743 4095//4753
f 4124//4747 4171//4743 4064//4752
f 4098//4754 4172//4750 4101//4755
f 3959//4756 3924//4757 4090//4758
f 4090//4758 4107//4759 3959//4756
f 4238//4760 4063//4761 4065//4762
f 4067//4763 4063//4761 4238//4760
f 4238//4764 4065//4765 4069//4766
f 4069//4766 4067//4767 4238//4764
f 4243//4768 4073//4733 4075//4732
f 4179//4769 4078//4735 4177//4770
f 4080//4734 4078//4735 4179//4769
f 4179//4769 4181//4771 4080//4734
f 4181//4771 4075//4732 4080//4734
f 4181//4771 4243//4768 4075//4732
f 4083//4736 4073//4733 4243//4768
f 4243//4768 4246//4772 4083//4736
f 4249//4773 4083//4736 4246//4772
f 4086//4737 4083//4736 4249//4773
f 4246//4772 4243//4768 4181//4771
f 4181//4771 4184//4774 4246//4772
f 4249//4773 4246//4772 4184//4774
f 4184//4774 4186//4775 4249//4773
f 4087//4738 4086//4737 4249//4773
f 4249//4773 4252//4776 4087//4738
f 4089//4741 4087//4738 4252//4776
f 4186//4775 4190//4777 4249//4773
f 4190//4777 4254//4778 4249//4773
f 4254//4778 4252//4776 4249//4773
f 4254//4778 4089//4741 4252//4776
f 4254//4778 4092//4742 4089//4741
f 4254//4778 4256//4779 4092//4742
f 4193//4780 4254//4778 4190//4777
f 4256//4779 4254//4778 4193//4780
f 4193//4780 4195//4781 4256//4779
f 4201//4782 4260//4783 4199//4784
f 4176//4785 4241//4786 4203//4787
f 4201//4788 4205//4789 4260//4790
f 4201//4791 4206//4792 4205//4793
f 4206//4792 4208//4794 4205//4793
f 4206//4795 4095//4749 4208//4796
f 4095//4749 4098//4748 4208//4796
f 4206//4795 4203//4797 4095//4749
f 4203//4787 4241//4786 4095//4798
f 4241//4786 4064//4752 4095//4798
f 4211//4799 4101//4755 4262//4800
f 4211//4799 4208//4801 4101//4755
f 4208//4801 4098//4754 4101//4755
f 4196//4802 4107//4759 4090//4758
f 4196//4802 4211//4799 4107//4759
f 4211//4799 4262//4800 4107//4759
f 4370//4803 4181//4771 4369//4804
f 4184//4805 4181//4771 4370//4803
f 4370//4803 4371//4806 4184//4805
f 4371//4806 4404//4807 4184//4805
f 4404//4807 4186//4808 4184//4805
f 4190//4777 4186//4808 4404//4807
f 4201//4809 4199//4810 4405//4811
f 4406//4812 4176//4785 4203//4787
f 4373//4813 4206//4795 4208//4814
f 4201//4815 4405//4816 4205//4817
f 4373//4813 4372//4818 4206//4795
f 4372//4818 4203//4797 4206//4795
f 4372//4819 4406//4812 4203//4787
f 4372//4820 4374//4821 4406//4822
f 4374//4823 4407//4824 4406//4825
f 4373//4826 4211//4799 4375//4827
f 4208//4801 4211//4799 4373//4828
f 4376//4829 4407//4824 4374//4823
f 4408//4830 4407//4824 4376//4829
f 4377//4831 4211//4799 4409//4832
f 4211//4799 4196//4802 4409//4832
f 4377//4831 4375//4827 4211//4799
f 4376//4829 4410//4833 4408//4830
f 4376//4829 4409//4834 4410//4833
f 4376//4835 4377//4836 4409//4837
f 4411//4838 4176//4785 4406//4812
f 4178//4839 4176//4785 4411//4838
f 4180//4840 4178//4839 4411//4838
f 4411//4841 4406//4842 4407//4843
f 4407//4843 4412//4844 4411//4841
f 4183//4845 4411//4841 4412//4844
f 4180//4846 4411//4841 4183//4845
f 4408//4830 4189//4847 4407//4824
f 4189//4847 4412//4848 4407//4824
f 4189//4847 4187//4849 4412//4848
f 4187//4849 4183//4850 4412//4848
f 4189//4847 4408//4830 4410//4833
f 4410//4833 4192//4851 4189//4847
f 4409//4832 4196//4802 4198//4852
f 4198//4852 4413//4853 4409//4832
f 4414//4854 4409//4834 4413//4855
f 4410//4833 4409//4834 4414//4854
f 4379//4856 4378//4857 4202//4858
f 4378//4857 4198//4852 4202//4858
f 4378//4857 4413//4853 4198//4852
f 4378//4859 4414//4854 4413//4855
f 4378//4859 4380//4860 4414//4854
f 4380//4861 4415//4862 4414//4863
f 4202//4864 4207//4865 4381//4866
f 4381//4867 4379//4856 4202//4858
f 4382//4868 4415//4862 4380//4861
f 4416//4869 4415//4862 4382//4868
f 4383//4870 4207//4871 4417//4872
f 4207//4873 4210//4874 4417//4875
f 4383//4876 4381//4866 4207//4865
f 4382//4868 4418//4877 4416//4869
f 4382//4878 4383//4879 4418//4880
f 4383//4881 4417//4882 4418//4883
f 4212//4884 4410//4833 4414//4854
f 4192//4851 4410//4833 4212//4884
f 4214//4885 4414//4854 4415//4886
f 4212//4884 4414//4854 4214//4885
f 4416//4887 4214//4885 4415//4886
f 4416//4887 4215//4888 4214//4885
f 4416//4887 4419//4889 4215//4888
f 4216//4890 4215//4888 4419//4889
f 4420//4891 4416//4887 4418//4892
f 4419//4889 4416//4887 4420//4891
f 4420//4891 4216//4890 4419//4889
f 4420//4891 4218//4893 4216//4890
f 4420//4891 4421//4894 4218//4893
f 4220//4895 4218//4893 4421//4894
f 4422//4896 4221//4897 4222//4898
f 4423//4899 4210//4874 4224//4900
f 4417//4875 4210//4874 4423//4899
f 4385//4901 4417//4875 4423//4899
f 4385//4902 4384//4903 4417//4904
f 4384//4903 4418//4905 4417//4904
f 4387//4906 4386//4907 4422//4896
f 4386//4907 4224//4900 4422//4896
f 4224//4900 4221//4897 4422//4896
f 4386//4907 4423//4899 4224//4900
f 4385//4901 4423//4899 4386//4907
f 4226//4908 4195//4781 4424//4909
f 4425//4910 4222//4898 4227//4911
f 4422//4896 4222//4898 4425//4910
f 4388//4912 4389//4913 4424//4909
f 4389//4913 4226//4908 4424//4909
f 4389//4914 4426//4915 4226//4916
f 4426//4915 4229//4917 4226//4916
f 4389//4913 4231//4918 4426//4919
f 4389//4913 4427//4920 4231//4918
f 4427//4921 4425//4910 4231//4922
f 4425//4910 4227//4911 4231//4922
f 4389//4913 4390//4923 4427//4920
f 4387//4906 4425//4910 4391//4924
f 4422//4896 4425//4910 4387//4906
f 4391//4924 4427//4921 4392//4925
f 4425//4910 4427//4921 4391//4924
f 4384//4926 4420//4891 4418//4892
f 4384//4926 4428//4927 4420//4891
f 4384//4926 4393//4928 4428//4927
f 4421//4894 4420//4891 4428//4927
f 4428//4927 4429//4929 4421//4894
f 4394//4930 4428//4927 4393//4928
f 4394//4930 4429//4929 4428//4927
f 4394//4930 4395//4931 4429//4929
f 4395//4931 4430//4932 4429//4929
f 4232//4933 4421//4894 4429//4929
f 4220//4895 4421//4894 4232//4933
f 4430//4932 4431//4934 4429//4929
f 4431//4934 4232//4933 4429//4929
f 4431//4934 4233//4935 4232//4933
f 4234//4936 4233//4935 4431//4934
f 4432//4937 4430//4932 4395//4931
f 4395//4931 4396//4938 4432//4937
f 4433//4939 4432//4937 4396//4938
f 4396//4938 4397//4940 4433//4939
f 4431//4934 4430//4932 4432//4937
f 4432//4937 4434//4941 4431//4934
f 4235//4942 4431//4934 4434//4941
f 4234//4936 4431//4934 4235//4942
f 4434//4941 4432//4937 4433//4939
f 4433//4939 4435//4943 4434//4941
f 4435//4943 4436//4944 4434//4941
f 4436//4944 4236//4945 4434//4941
f 4236//4945 4235//4942 4434//4941
f 4237//4946 4229//4947 4426//4919
f 4398//4948 4427//4949 4390//4950
f 4426//4919 4231//4918 4237//4946
f 4392//4951 4427//4952 4398//4953
f 4399//4954 4433//4939 4397//4940
f 4435//4943 4433//4939 4399//4954
f 4399//4954 4400//4955 4435//4943
f 4436//4944 4435//4943 4400//4955
f 4400//4955 4401//4956 4436//4944
f 4182//4957 4236//4945 4436//4944
f 4401//4956 4182//4958 4436//4944
f 4401//4956 4185//4959 4182//4958
f 4401//4956 4402//4960 4185//4959
f 4188//4961 4185//4959 4402//4960
f 4402//4960 4403//4962 4188//4961
f 4437//4963 4438//4964 4369//4804
f 4438//4964 4461//4965 4369//4804
f 4461//4965 4370//4803 4369//4804
f 4371//4806 4370//4803 4461//4965
f 4462//4966 4372//4967 4373//4968
f 4374//4821 4372//4820 4462//4969
f 4462//4970 4373//4826 4375//4827
f 4375//4827 4463//4971 4462//4970
f 4374//4972 4462//4973 4463//4974
f 4463//4971 4376//4835 4374//4975
f 4463//4971 4375//4827 4377//4836
f 4377//4836 4376//4835 4463//4971
f 4464//4976 4378//4977 4379//4978
f 4380//4979 4378//4977 4464//4976
f 4465//4980 4379//4978 4381//4981
f 4464//4976 4379//4978 4465//4980
f 4382//4982 4464//4976 4465//4983
f 4380//4979 4464//4976 4382//4982
f 4440//4984 4439//4985 4466//4986
f 4439//4987 4465//4988 4466//4989
f 4465//4988 4383//4990 4466//4989
f 4465//4991 4381//4992 4383//4993
f 4439//4994 4383//4995 4465//4996
f 4383//4997 4382//4998 4465//4999
f 4439//4994 4466//5000 4383//4995
f 4439//5001 4441//5002 4466//5003
f 4440//5004 4466//5005 4442//5006
f 4442//5007 4466//5008 4441//5009
f 4384//4926 4385//5010 4467//5011
f 4443//5012 4387//5013 4444//5014
f 4386//5015 4387//5013 4443//5012
f 4443//5012 4385//5016 4386//5015
f 4443//5017 4467//5018 4385//5019
f 4443//5020 4445//5021 4467//5011
f 4445//5021 4468//5022 4467//5011
f 4389//4913 4388//4912 4469//5023
f 4469//5023 4470//5024 4389//4913
f 4447//5025 4390//5026 4470//5027
f 4390//4923 4389//4913 4470//5024
f 4447//5025 4471//5028 4390//5026
f 4447//5029 4446//5030 4471//5031
f 4387//5013 4391//5032 4448//5033
f 4448//5033 4444//5014 4387//5013
f 4472//5034 4468//5022 4445//5021
f 4445//5021 4449//5035 4472//5034
f 4446//5030 4448//5033 4471//5031
f 4448//5033 4391//5032 4471//5031
f 4391//5032 4392//5036 4471//5031
f 4473//5037 4472//5034 4449//5035
f 4449//5035 4450//5038 4473//5037
f 4393//4928 4384//4926 4467//5011
f 4468//5022 4393//4928 4467//5011
f 4468//5022 4394//4930 4393//4928
f 4468//5022 4474//5039 4394//4930
f 4395//4931 4394//4930 4474//5039
f 4474//5039 4468//5022 4472//5034
f 4472//5034 4475//5040 4474//5039
f 4396//4938 4474//5039 4475//5040
f 4395//4931 4474//5039 4396//4938
f 4475//5040 4472//5034 4473//5037
f 4473//5037 4476//5041 4475//5040
f 4397//4940 4475//5040 4476//5041
f 4396//4938 4475//5040 4397//4940
f 4452//5042 4469//5023 4451//5043
f 4470//5024 4469//5023 4452//5042
f 4447//5044 4470//5024 4452//5042
f 4471//5045 4398//4948 4390//4950
f 4471//5046 4392//4951 4398//4953
f 4453//5047 4473//5037 4450//5038
f 4476//5041 4473//5037 4453//5047
f 4453//5047 4454//5048 4476//5041
f 4454//5048 4455//5049 4476//5041
f 4455//5049 4397//4940 4476//5041
f 4455//5049 4399//4954 4397//4940
f 4455//5049 4456//5050 4399//4954
f 4456//5050 4400//4955 4399//4954
f 4456//5050 4477//5051 4400//4955
f 4401//4956 4400//4955 4477//5051
f 4477//5051 4478//5052 4401//4956
f 4457//5053 4477//5051 4456//5050
f 4478//5052 4477//5051 4457//5053
f 4457//5053 4458//5054 4478//5052
f 4402//4960 4401//4956 4478//5052
f 4478//5052 4479//5055 4402//4960
f 4403//4962 4402//4960 4479//5055
f 4479//5055 4480//5056 4403//4962
f 4479//5055 4478//5052 4458//5054
f 4458//5054 4459//5057 4479//5055
f 4480//5056 4479//5055 4459//5057
f 4459//5057 4460//5058 4480//5056
f 4535//5059 4439//5060 4440//5061
f 4441//5062 4439//5060 4535//5059
f 4535//5059 4440//5061 4442//5063
f 4442//5063 4441//5062 4535//5059
f 4536//5064 4443//5065 4444//5066
f 4445//5021 4443//5020 4536//5067
f 4537//5068 4446//5069 4447//5044
f 4538//5070 4444//5066 4448//5071
f 4536//5064 4444//5066 4538//5070
f 4449//5035 4536//5067 4538//5072
f 4445//5021 4536//5067 4449//5035
f 4537//5068 4539//5073 4446//5069
f 4539//5074 4448//5071 4446//5075
f 4539//5074 4538//5070 4448//5071
f 4450//5038 4538//5072 4539//5073
f 4449//5035 4538//5072 4450//5038
f 4452//5042 4451//5043 4525//5076
f 4525//5076 4526//5077 4452//5042
f 4526//5077 4527//5078 4452//5042
f 4527//5078 4537//5068 4452//5042
f 4537//5068 4447//5044 4452//5042
f 4539//5073 4537//5068 4527//5078
f 4527//5078 4528//5079 4539//5073
f 4528//5079 4529//5080 4539//5073
f 4529//5080 4453//5047 4539//5073
f 4453//5047 4450//5038 4539//5073
f 4529//5080 4540//5081 4453//5047
f 4530//5082 4540//5081 4529//5080
f 4454//5048 4453//5047 4540//5081
f 4540//5081 4541//5083 4454//5048
f 4455//5049 4454//5048 4541//5083
f 4541//5083 4542//5084 4455//5049
f 4541//5083 4540//5081 4530//5082
f 4530//5082 4531//5085 4541//5083
f 4542//5084 4541//5083 4531//5085
f 4531//5085 4532//5086 4542//5084
f 4456//5050 4455//5049 4542//5084
f 4532//5086 4456//5050 4542//5084
f 4532//5086 4533//5087 4456//5050
f 4533//5087 4457//5053 4456//5050
f 4458//5054 4457//5053 4533//5087
f 4533//5087 4534//5088 4458//5054
f 4553//5089 4525//5076 4552//5090
f 4526//5077 4525//5076 4553//5089
f 4527//5078 4526//5077 4553//5089
f 4553//5089 4554//5091 4527//5078
f 4544//5092 4552//5090 4543//5093
f 4553//5089 4552//5090 4544//5092
f 4545//5094 4553//5089 4544//5092
f 4554//5091 4553//5089 4545//5094
f 4555//5095 4527//5078 4554//5091
f 4528//5079 4527//5078 4555//5095
f 4529//5080 4528//5079 4555//5095
f 4546//5096 4554//5091 4545//5094
f 4555//5095 4554//5091 4546//5096
f 4546//5096 4529//5080 4555//5095
f 4546//5096 4547//5097 4529//5080
f 4547//5097 4530//5082 4529//5080
f 4531//5085 4530//5082 4547//5097
f 4547//5097 4548//5098 4531//5085
f 4549//5099 4531//5085 4548//5098
f 4532//5086 4531//5085 4549//5099
f 4550//5100 4532//5086 4549//5099
f 4533//5087 4532//5086 4550//5100
f 4550//5100 4551//5101 4533//5087
f 4551//5101 4534//5088 4533//5087
f 4551//5101 4556//5102 4534//5088
f 4631//5103 4634//5104 4632//5105
f 4632//5106 4634//5107 4633//5108
f 4636//5109 4642//5110 4644//5111
f 4636//5109 4635//5112 4642//5110
f 4635//5112 4643//5113 4642//5110
f 4645//5114 4643//5113 4635//5112
f 4635//5112 4637//5115 4645//5114
f 4636//5109 4644//5111 4638//5116
f 4646//5117 4631//5118 4632//5119
f 4646//5120 4632//5121 4633//5122
f 4637//5123 4647//5124 4645//5125
f 4637//5123 4639//5126 4647//5124
f 4639//5126 4648//5127 4647//5124
f 4649//5128 4647//5124 4648//5127
f 4648//5127 4650//5129 4649//5128
f 4640//5130 4648//5127 4639//5126
f 4650//5129 4648//5127 4640//5130
f 4640//5130 4641//5131 4650//5129
f 4560//5132 4558//5133 4673//5134
f 4673//5134 4675//5135 4560//5132
f 4562//5136 4560//5132 4675//5135
f 4652//5137 4675//5135 4673//5134
f 4652//5137 4676//5138 4675//5135
f 4652//5137 4654//5139 4676//5138
f 4676//5138 4562//5136 4675//5135
f 4676//5138 4678//5140 4562//5136
f 4678//5140 4563//5141 4562//5136
f 4642//5110 4563//5141 4678//5140
f 4566//5142 4563//5141 4642//5110
f 4643//5113 4566//5142 4642//5110
f 4643//5113 4567//5143 4566//5142
f 4643//5113 4645//5114 4567//5143
f 4679//5144 4676//5138 4654//5139
f 4654//5139 4656//5145 4679//5144
f 4678//5140 4676//5138 4679//5144
f 4679//5144 4680//5146 4678//5140
f 4658//5147 4679//5144 4656//5148
f 4659//5149 4679//5144 4658//5147
f 4680//5146 4679//5144 4659//5149
f 4661//5150 4644//5111 4680//5146
f 4644//5111 4678//5140 4680//5146
f 4644//5111 4642//5110 4678//5140
f 4661//5150 4638//5116 4644//5111
f 4646//5151 4634//5152 4631//5153
f 4661//5150 4680//5146 4659//5149
f 4633//5154 4634//5152 4646//5151
f 4647//5124 4567//5143 4645//5125
f 4647//5124 4569//5155 4567//5143
f 4647//5124 4649//5128 4569//5155
f 4681//5156 4569//5155 4649//5128
f 4571//5157 4569//5155 4681//5156
f 4573//5158 4571//5157 4681//5156
f 4641//5131 4663//5159 4650//5129
f 4663//5159 4681//5156 4650//5129
f 4681//5156 4649//5128 4650//5129
f 4663//5159 4573//5158 4681//5156
f 4663//5159 4575//5160 4573//5158
f 4663//5159 4664//5161 4575//5160
f 4543//5093 4575//5160 4664//5161
f 4664//5161 4665//5162 4543//5093
f 4665//5162 4544//5092 4543//5093
f 4665//5162 4666//5163 4544//5092
f 4666//5163 4682//5164 4544//5092
f 4682//5164 4545//5094 4544//5092
f 4682//5164 4546//5096 4545//5094
f 4682//5164 4683//5165 4546//5096
f 4683//5165 4547//5097 4546//5096
f 4667//5166 4682//5164 4666//5163
f 4668//5167 4682//5164 4667//5166
f 4683//5165 4682//5164 4668//5167
f 4683//5165 4548//5098 4547//5097
f 4683//5165 4684//5168 4548//5098
f 4684//5168 4549//5099 4548//5098
f 4551//5101 4549//5099 4684//5168
f 4550//5169 4549//5170 4551//5171
f 4669//5172 4683//5165 4668//5167
f 4684//5168 4683//5165 4669//5172
f 4669//5172 4551//5101 4684//5168
f 4669//5172 4670//5173 4551//5101
f 4670//5173 4578//5174 4551//5101
f 4580//5175 4578//5174 4670//5173
f 4670//5176 4671//5177 4580//5178
f 4657//5179 4580//5178 4671//5177
f 4557//5180 4580//5178 4657//5179
f 4691//5181 4635//5112 4636//5109
f 4637//5115 4635//5112 4691//5181
f 4691//5181 4692//5182 4637//5115
f 4693//5183 4694//5184 4638//5116
f 4694//5184 4636//5109 4638//5116
f 4694//5184 4691//5181 4636//5109
f 4695//5185 4691//5181 4694//5184
f 4692//5182 4691//5181 4695//5185
f 4694//5184 4693//5183 4696//5186
f 4696//5186 4697//5187 4694//5184
f 4695//5185 4694//5184 4697//5187
f 4697//5187 4698//5188 4695//5185
f 4697//5187 4696//5186 4685//5189
f 4685//5189 4686//5190 4697//5187
f 4698//5188 4697//5187 4686//5190
f 4686//5190 4687//5191 4698//5188
f 4639//5126 4637//5123 4692//5192
f 4695//5185 4639//5126 4692//5192
f 4695//5185 4699//5193 4639//5126
f 4699//5193 4640//5130 4639//5126
f 4700//5194 4640//5130 4699//5193
f 4641//5131 4640//5130 4700//5194
f 4699//5193 4695//5185 4698//5188
f 4698//5188 4701//5195 4699//5193
f 4689//5196 4699//5193 4701//5195
f 4689//5196 4688//5197 4699//5193
f 4688//5197 4700//5194 4699//5193
f 4690//5198 4698//5188 4687//5191
f 4701//5195 4698//5188 4690//5198
f 4689//5196 4701//5195 4690//5198
f 4686//5190 4685//5189 4705//5199
f 4705//5199 4706//5200 4686//5190
f 4707//5201 4686//5190 4706//5200
f 4687//5191 4686//5190 4707//5201
f 4708//5202 4688//5197 4689//5196
f 4703//5203 4687//5191 4707//5201
f 4703//5203 4690//5198 4687//5191
f 4703//5203 4702//5204 4690//5198
f 4702//5204 4689//5196 4690//5198
f 4702//5204 4708//5202 4689//5196
f 4702//5204 4704//5205 4708//5202
f 4710//5206 4730//5207 4709//5208
f 4654//5139 4652//5137 4730//5207
f 4710//5209 4656//5210 4730//5211
f 4656//5145 4654//5139 4730//5207
f 4710//5206 4711//5212 4656//5213
f 4713//5214 4656//5213 4711//5212
f 4658//5215 4656//5213 4713//5214
f 4714//5216 4658//5215 4713//5214
f 4659//5217 4658//5215 4714//5216
f 4693//5218 4638//5116 4661//5150
f 4714//5216 4685//5189 4659//5217
f 4685//5189 4696//5186 4659//5149
f 4696//5186 4661//5150 4659//5149
f 4696//5186 4693//5218 4661//5150
f 4714//5216 4716//5219 4685//5189
f 4716//5219 4705//5199 4685//5189
f 4663//5159 4641//5131 4700//5194
f 4700//5194 4734//5220 4663//5159
f 4704//5205 4718//5221 4708//5202
f 4718//5221 4688//5197 4708//5202
f 4718//5221 4734//5220 4688//5197
f 4734//5220 4700//5194 4688//5197
f 4664//5161 4663//5159 4734//5220
f 4734//5220 4736//5222 4664//5161
f 4737//5223 4664//5161 4736//5222
f 4665//5162 4664//5161 4737//5223
f 4736//5222 4734//5220 4718//5221
f 4718//5221 4719//5224 4736//5222
f 4737//5223 4736//5222 4719//5224
f 4719//5224 4720//5225 4737//5223
f 4666//5163 4665//5162 4737//5223
f 4720//5225 4666//5163 4737//5223
f 4720//5225 4722//5226 4666//5163
f 4722//5226 4667//5166 4666//5163
f 4668//5167 4667//5166 4722//5226
f 4722//5226 4724//5227 4668//5167
f 4669//5172 4668//5167 4724//5227
f 4724//5227 4725//5228 4669//5172
f 4726//5229 4669//5172 4725//5228
f 4670//5176 4669//5172 4726//5229
f 4728//5230 4670//5176 4726//5229
f 4671//5177 4670//5176 4728//5230
f 4657//5179 4671//5177 4728//5230
f 4728//5230 4712//5231 4657//5179
f 4711//5212 4710//5206 4776//5232
f 4776//5232 4777//5233 4711//5212
f 4778//5234 4711//5212 4777//5233
f 4713//5214 4711//5212 4778//5234
f 4779//5235 4713//5214 4778//5234
f 4714//5216 4713//5214 4779//5235
f 4716//5219 4714//5216 4779//5235
f 4779//5235 4780//5236 4716//5219
f 4799//5237 4702//5204 4703//5203
f 4704//5205 4702//5204 4799//5237
f 4718//5221 4704//5205 4799//5237
f 4799//5237 4800//5238 4718//5221
f 4801//5239 4718//5221 4800//5238
f 4719//5224 4718//5221 4801//5239
f 4720//5225 4719//5224 4801//5239
f 4801//5239 4802//5240 4720//5225
f 4722//5226 4720//5225 4802//5240
f 4802//5240 4803//5241 4722//5226
f 4724//5227 4722//5226 4803//5241
f 4803//5241 4804//5242 4724//5227
f 4782//5243 4724//5227 4804//5242
f 4782//5243 4725//5228 4724//5227
f 4782//5243 4781//5244 4725//5228
f 4726//5229 4725//5228 4781//5244
f 4781//5244 4783//5245 4726//5229
f 4783//5245 4784//5246 4726//5229
f 4784//5246 4728//5247 4726//5229
f 4784//5246 4805//5248 4728//5247
f 4712//5249 4728//5247 4805//5248
f 4805//5248 4806//5250 4712//5249
f 4807//5251 4712//5249 4806//5250
f 4715//5252 4712//5249 4807//5251
f 4808//5253 4715//5252 4807//5251
f 4717//5254 4715//5252 4808//5253
f 4809//5255 4717//5254 4808//5253
f 4721//5256 4717//5254 4809//5255
f 4723//5257 4721//5256 4809//5255
f 4809//5255 4810//5258 4723//5257
f 4785//5259 4716//5219 4780//5236
f 4727//5260 4716//5219 4785//5259
f 4786//5261 4727//5260 4785//5259
f 4729//5262 4727//5260 4786//5261
f 4786//5261 4703//5203 4729//5262
f 4786//5261 4799//5237 4703//5203
f 4786//5261 4787//5263 4799//5237
f 4800//5238 4799//5237 4787//5263
f 4787//5263 4788//5264 4800//5238
f 4789//5265 4800//5238 4788//5264
f 4801//5239 4800//5238 4789//5265
f 4790//5266 4801//5239 4789//5265
f 4802//5240 4801//5239 4790//5266
f 4803//5241 4802//5240 4790//5266
f 4790//5266 4791//5267 4803//5241
f 4804//5242 4803//5241 4791//5267
f 4791//5267 4792//5268 4804//5242
f 4782//5243 4804//5242 4792//5268
f 4793//5269 4805//5248 4784//5246
f 4794//5270 4805//5248 4793//5269
f 4806//5250 4805//5248 4794//5270
f 4795//5271 4806//5250 4794//5270
f 4807//5251 4806//5250 4795//5271
f 4808//5253 4807//5251 4795//5271
f 4795//5271 4796//5272 4808//5253
f 4809//5255 4808//5253 4796//5272
f 4796//5272 4797//5273 4809//5255
f 4798//5274 4809//5255 4797//5273
f 4810//5258 4809//5255 4798//5274
f 4777//5233 4776//5232 4832//5275
f 4811//5276 4778//5234 4832//5275
f 4778//5234 4777//5233 4832//5275
f 4811//5276 4812//5277 4778//5234
f 4812//5277 4833//5278 4778//5234
f 4779//5235 4778//5234 4833//5278
f 4833//5278 4834//5279 4779//5235
f 4780//5236 4779//5235 4834//5279
f 4835//5280 4781//5244 4782//5243
f 4836//5281 4781//5244 4835//5280
f 4783//5245 4781//5244 4836//5281
f 4784//5246 4783//5245 4836//5281
f 4813//5282 4833//5278 4812//5277
f 4834//5279 4833//5278 4813//5282
f 4813//5282 4814//5283 4834//5279
f 4814//5283 4815//5284 4834//5279
f 4815//5284 4780//5236 4834//5279
f 4815//5284 4785//5259 4780//5236
f 4816//5285 4785//5259 4815//5284
f 4786//5261 4785//5259 4816//5285
f 4817//5286 4786//5261 4816//5285
f 4787//5263 4786//5261 4817//5286
f 4818//5287 4787//5263 4817//5286
f 4788//5264 4787//5263 4818//5287
f 4819//5288 4788//5264 4818//5287
f 4789//5265 4788//5264 4819//5288
f 4820//5289 4789//5265 4819//5288
f 4790//5266 4789//5265 4820//5289
f 4821//5290 4790//5266 4820//5289
f 4791//5267 4790//5266 4821//5290
f 4822//5291 4791//5267 4821//5290
f 4792//5268 4791//5267 4822//5291
f 4822//5291 4782//5243 4792//5268
f 4822//5291 4823//5292 4782//5243
f 4823//5292 4837//5293 4782//5243
f 4837//5293 4835//5280 4782//5243
f 4838//5294 4835//5280 4837//5293
f 4836//5281 4835//5280 4838//5294
f 4824//5295 4837//5293 4823//5292
f 4838//5294 4837//5293 4824//5295
f 4824//5295 4825//5296 4838//5294
f 4838//5294 4784//5246 4836//5281
f 4838//5294 4839//5297 4784//5246
f 4839//5297 4793//5269 4784//5246
f 4840//5298 4793//5269 4839//5297
f 4794//5270 4793//5269 4840//5298
f 4839//5297 4838//5294 4825//5296
f 4825//5296 4826//5299 4839//5297
f 4840//5298 4839//5297 4826//5299
f 4826//5299 4827//5300 4840//5298
f 4795//5271 4794//5270 4840//5298
f 4840//5298 4841//5301 4795//5271
f 4796//5272 4795//5271 4841//5301
f 4841//5301 4842//5302 4796//5272
f 4841//5301 4840//5298 4827//5300
f 4827//5300 4828//5303 4841//5301
f 4829//5304 4841//5301 4828//5303
f 4842//5302 4841//5301 4829//5304
f 4797//5273 4796//5272 4842//5302
f 4842//5302 4843//5305 4797//5273
f 4798//5274 4797//5273 4843//5305
f 4843//5305 4844//5306 4798//5274
f 4830//5307 4842//5302 4829//5304
f 4843//5305 4842//5302 4830//5307
f 4844//5306 4843//5305 4830//5307
f 4830//5307 4831//5308 4844//5306
f 4753//5309 4747//5310 4860//5311
f 4860//5311 4861//5312 4753//5309
f 4755//5313 4753//5309 4861//5312
f 4861//5312 4862//5314 4755//5313
f 4862//5314 4863//5315 4755//5313
f 4863//5315 4756//5316 4755//5313
f 4863//5315 4871//5317 4756//5316
f 4757//5318 4756//5316 4871//5317
f 4871//5317 4873//5319 4757//5318
f 4758//5320 4757//5318 4873//5319
f 4864//5321 4871//5317 4863//5315
f 4873//5319 4871//5317 4864//5321
f 4864//5321 4865//5322 4873//5319
f 4865//5322 4758//5320 4873//5319
f 4865//5322 4759//5323 4758//5320
f 4865//5322 4866//5324 4759//5323
f 4709//5208 4759//5323 4866//5324
f 4866//5324 4867//5325 4709//5208
f 4867//5325 4776//5232 4709//5208
f 4776//5232 4710//5206 4709//5208
f 4867//5325 4832//5275 4776//5232
f 4867//5325 4811//5276 4832//5275
f 4812//5277 4811//5276 4902//5326
f 4884//5327 4885//5328 4902//5326
f 4885//5328 4813//5282 4902//5326
f 4813//5282 4812//5277 4902//5326
f 4885//5328 4903//5329 4813//5282
f 4814//5283 4813//5282 4903//5329
f 4903//5329 4904//5330 4814//5283
f 4886//5331 4903//5329 4885//5328
f 4887//5332 4903//5329 4886//5331
f 4904//5330 4903//5329 4887//5332
f 4905//5333 4814//5283 4904//5330
f 4815//5284 4814//5283 4905//5333
f 4906//5334 4815//5284 4905//5333
f 4816//5285 4815//5284 4906//5334
f 4888//5335 4904//5330 4887//5332
f 4905//5333 4904//5330 4888//5335
f 4889//5336 4905//5333 4888//5335
f 4906//5334 4905//5333 4889//5336
f 4907//5337 4816//5285 4906//5334
f 4817//5286 4816//5285 4907//5337
f 4908//5338 4817//5286 4907//5337
f 4818//5287 4817//5286 4908//5338
f 4907//5337 4906//5334 4889//5336
f 4889//5336 4890//5339 4907//5337
f 4908//5338 4907//5337 4890//5339
f 4890//5339 4891//5340 4908//5338
f 4909//5341 4818//5287 4908//5338
f 4819//5288 4818//5287 4909//5341
f 4820//5289 4819//5288 4909//5341
f 4909//5341 4910//5342 4820//5289
f 4909//5341 4908//5338 4891//5340
f 4891//5340 4892//5343 4909//5341
f 4893//5344 4909//5341 4892//5343
f 4910//5342 4909//5341 4893//5344
f 4911//5345 4820//5289 4910//5342
f 4821//5290 4820//5289 4911//5345
f 4822//5291 4821//5290 4911//5345
f 4911//5345 4912//5346 4822//5291
f 4894//5347 4910//5342 4893//5344
f 4911//5345 4910//5342 4894//5347
f 4895//5348 4911//5345 4894//5347
f 4912//5346 4911//5345 4895//5348
f 4823//5292 4822//5291 4912//5346
f 4895//5348 4823//5292 4912//5346
f 4895//5348 4896//5349 4823//5292
f 4896//5349 4824//5350 4823//5292
f 4825//5351 4824//5350 4896//5349
f 4896//5349 4897//5352 4825//5351
f 4826//5353 4825//5351 4897//5352
f 4897//5352 4898//5354 4826//5353
f 4827//5355 4826//5353 4898//5354
f 4898//5354 4899//5356 4827//5355
f 4900//5357 4827//5355 4899//5356
f 4828//5358 4827//5355 4900//5357
f 4901//5359 4828//5358 4900//5357
f 4829//5360 4828//5358 4901//5359
f 4885//5328 4884//5327 4930//5361
f 4913//5362 4914//5363 4930//5361
f 4914//5363 4885//5328 4930//5361
f 4914//5363 4886//5331 4885//5328
f 4887//5332 4886//5331 4914//5363
f 4914//5363 4915//5364 4887//5332
f 4888//5335 4887//5332 4915//5364
f 4915//5364 4916//5365 4888//5335
f 4889//5336 4888//5335 4916//5365
f 4916//5365 4917//5366 4889//5336
f 4890//5339 4889//5336 4917//5366
f 4917//5366 4918//5367 4890//5339
f 4891//5340 4890//5339 4918//5367
f 4918//5367 4919//5368 4891//5340
f 4920//5369 4891//5340 4919//5368
f 4892//5343 4891//5340 4920//5369
f 4921//5370 4892//5343 4920//5369
f 4893//5344 4892//5343 4921//5370
f 4922//5371 4893//5344 4921//5370
f 4894//5347 4893//5344 4922//5371
f 4923//5372 4894//5347 4922//5371
f 4895//5348 4894//5347 4923//5372
f 4924//5373 4895//5348 4923//5372
f 4896//5349 4895//5348 4924//5373
f 4925//5374 4896//5349 4924//5373
f 4897//5352 4896//5349 4925//5374
f 4926//5375 4897//5352 4925//5374
f 4898//5354 4897//5352 4926//5375
f 4927//5376 4898//5354 4926//5375
f 4899//5356 4898//5354 4927//5376
f 4900//5357 4899//5356 4927//5376
f 4927//5376 4928//5377 4900//5357
f 4901//5359 4900//5357 4928//5377
f 4928//5377 4929//5378 4901//5359
f 4959//5379 4860//5311 4958//5380
f 4861//5312 4860//5311 4959//5379
f 4862//5314 4861//5312 4959//5379
f 4959//5379 4960//5381 4862//5314
f 4945//5382 4958//5380 4943//5383
f 4959//5379 4958//5380 4945//5382
f 4946//5384 4959//5379 4945//5382
f 4960//5381 4959//5379 4946//5384
f 4863//5315 4862//5314 4960//5381
f 4946//5384 4863//5315 4960//5381
f 4946//5384 4950//5385 4863//5315
f 4950//5385 4864//5321 4863//5315
f 4950//5385 4961//5386 4864//5321
f 4962//5387 4864//5321 4961//5386
f 4865//5322 4864//5321 4962//5387
f 4951//5388 4961//5386 4950//5385
f 4953//5389 4961//5386 4951//5388
f 4962//5387 4961//5386 4953//5389
f 4964//5390 4865//5322 4962//5387
f 4866//5324 4865//5322 4964//5390
f 4867//5325 4866//5324 4964//5390
f 4953//5389 4963//5391 4962//5387
f 4963//5391 4964//5390 4962//5387
f 4953//5389 4954//5392 4963//5391
f 4963//5391 4867//5325 4964//5390
f 4963//5391 4811//5276 4867//5325
f 4963//5391 4902//5326 4811//5276
f 4947//5393 4941//5394 5001//5395
f 5001//5395 5012//5396 4947//5393
f 5014//5397 4947//5393 5012//5396
f 4949//5398 4947//5393 5014//5397
f 5012//5396 5001//5395 4967//5399
f 4967//5399 4972//5400 5012//5396
f 4976//5401 5012//5396 4972//5400
f 5014//5397 5012//5396 4976//5401
f 4952//5402 4949//5398 5014//5397
f 4976//5401 4952//5402 5014//5397
f 4986//5403 5017//5404 4984//5405
f 4986//5403 5019//5406 5017//5404
f 4986//5403 4987//5407 5019//5406
f 4987//5407 5020//5408 5019//5406
f 4988//5409 5020//5408 4987//5407
f 5020//5408 4954//5392 5019//5406
f 5020//5408 5021//5410 4954//5392
f 5021//5410 4955//5411 4954//5392
f 4913//5362 4955//5411 5021//5410
f 5021//5410 5022//5412 4913//5362
f 5021//5410 5020//5408 4988//5409
f 4988//5409 4989//5413 5021//5410
f 4990//5414 5021//5410 4989//5413
f 5022//5412 5021//5410 4990//5414
f 5022//5412 4914//5363 4913//5362
f 5022//5412 5023//5415 4914//5363
f 5023//5415 4915//5364 4914//5363
f 5023//5415 4916//5365 4915//5364
f 5023//5415 5024//5416 4916//5365
f 5024//5416 4917//5366 4916//5365
f 4991//5417 5022//5412 4990//5414
f 5023//5415 5022//5412 4991//5417
f 4992//5418 5023//5415 4991//5417
f 5024//5416 5023//5415 4992//5418
f 5024//5416 4918//5367 4917//5366
f 5024//5416 5025//5419 4918//5367
f 5025//5419 4919//5368 4918//5367
f 5025//5419 4920//5369 4919//5368
f 5025//5419 5026//5420 4920//5369
f 5026//5420 4921//5370 4920//5369
f 5025//5419 5024//5416 4992//5418
f 4992//5418 4993//5421 5025//5419
f 4994//5422 5025//5419 4993//5421
f 5026//5420 5025//5419 4994//5422
f 5026//5420 4922//5371 4921//5370
f 5026//5420 5027//5423 4922//5371
f 5027//5423 4923//5372 4922//5371
f 5027//5423 4924//5373 4923//5372
f 5027//5423 5028//5424 4924//5373
f 5028//5424 4925//5425 4924//5373
f 4995//5426 5026//5420 4994//5422
f 5027//5423 5026//5420 4995//5426
f 4996//5427 5027//5423 4995//5426
f 5028//5424 5027//5423 4996//5427
f 5028//5424 4926//5428 4925//5425
f 5028//5424 5029//5429 4926//5428
f 5029//5429 4927//5430 4926//5428
f 5029//5429 4928//5431 4927//5430
f 5029//5429 4998//5432 4928//5431
f 4998//5432 4929//5433 4928//5431
f 4997//5434 5028//5424 4996//5427
f 5029//5429 5028//5424 4997//5434
f 4998//5432 5029//5429 4997//5434
f 4997//5434 4965//5435 4998//5432
f 5134//5436 5086//5437 5083//5438
f 5134//5436 5136//5439 5086//5437
f 5136//5439 5165//5440 5086//5437
f 5166//5441 5086//5437 5165//5440
f 5088//5442 5086//5437 5166//5441
f 5140//5443 5165//5440 5136//5439
f 5142//5444 5165//5440 5140//5443
f 5166//5441 5165//5440 5142//5444
f 5168//5445 5088//5442 5166//5441
f 5090//5446 5088//5442 5168//5445
f 5092//5447 5090//5446 5168//5445
f 5168//5445 5169//5448 5092//5447
f 5095//5449 5092//5447 5169//5448
f 5169//5448 5170//5450 5095//5449
f 5096//5451 5095//5449 5170//5450
f 5170//5450 5171//5452 5096//5451
f 5145//5453 5166//5441 5142//5444
f 5168//5445 5166//5441 5145//5453
f 5145//5453 5146//5454 5168//5445
f 5146//5454 5172//5455 5168//5445
f 5172//5455 5169//5448 5168//5445
f 5147//5456 5172//5455 5146//5454
f 5170//5450 5169//5448 5172//5455
f 5172//5455 5173//5457 5170//5450
f 5174//5458 5170//5450 5173//5457
f 5171//5452 5170//5450 5174//5458
f 5149//5459 5172//5455 5147//5456
f 5173//5457 5172//5455 5149//5459
f 5174//5458 5173//5457 5149//5459
f 5149//5459 5152//5460 5174//5458
f 5098//5461 5096//5451 5171//5452
f 5171//5452 5175//5462 5098//5461
f 5100//5463 5098//5461 5175//5462
f 5175//5462 5176//5464 5100//5463
f 5101//5465 5100//5463 5176//5464
f 5177//5466 5171//5452 5174//5458
f 5175//5462 5171//5452 5177//5466
f 5176//5464 5175//5462 5177//5466
f 5177//5466 5178//5467 5176//5464
f 5177//5466 5174//5458 5152//5460
f 5152//5460 5155//5468 5177//5466
f 5178//5467 5177//5466 5155//5468
f 5155//5468 5156//5469 5178//5467
f 5178//5467 5101//5465 5176//5464
f 5178//5467 5179//5470 5101//5465
f 5179//5470 5102//5471 5101//5465
f 5103//5472 5102//5471 5179//5470
f 5179//5470 5180//5473 5103//5472
f 5179//5470 5178//5467 5156//5469
f 5156//5469 5158//5474 5179//5470
f 5180//5473 5179//5470 5158//5474
f 5158//5474 5160//5475 5180//5473
f 5104//5476 5103//5472 5180//5473
f 5180//5473 5181//5477 5104//5476
f 5105//5478 5104//5476 5181//5477
f 5181//5477 5182//5479 5105//5478
f 5181//5477 5180//5473 5160//5475
f 5160//5475 5161//5480 5181//5477
f 5162//5481 5181//5477 5161//5480
f 5182//5479 5181//5477 5162//5481
f 5106//5482 5105//5478 5182//5479
f 5182//5479 5183//5483 5106//5482
f 5163//5484 5106//5482 5183//5483
f 5163//5484 5076//5485 5106//5482
f 5163//5484 5132//5486 5076//5485
f 5164//5487 5182//5479 5162//5481
f 5183//5483 5182//5479 5164//5487
f 5163//5484 5183//5483 5164//5487
f 5136//5439 5134//5436 5217//5488
f 5184//5489 5186//5490 5217//5488
f 5186//5490 5136//5439 5217//5488
f 5186//5490 5140//5443 5136//5439
f 5142//5444 5140//5443 5186//5490
f 5186//5490 5188//5491 5142//5444
f 5188//5491 5218//5492 5142//5444
f 5218//5492 5145//5493 5142//5444
f 5188//5491 5190//5494 5218//5492
f 5146//5495 5145//5493 5218//5492
f 5193//5496 5218//5492 5190//5494
f 5193//5496 5194//5497 5218//5492
f 5194//5497 5147//5456 5218//5492
f 5147//5456 5146//5495 5218//5492
f 5198//5498 5147//5456 5194//5497
f 5149//5459 5147//5456 5198//5498
f 5200//5499 5149//5459 5198//5498
f 5152//5460 5149//5459 5200//5499
f 5203//5500 5152//5460 5200//5499
f 5155//5468 5152//5460 5203//5500
f 5205//5501 5155//5468 5203//5500
f 5156//5469 5155//5468 5205//5501
f 5206//5502 5156//5469 5205//5501
f 5158//5474 5156//5469 5206//5502
f 5207//5503 5158//5474 5206//5502
f 5160//5475 5158//5474 5207//5503
f 5210//5504 5160//5475 5207//5503
f 5161//5480 5160//5475 5210//5504
f 5212//5505 5161//5480 5210//5504
f 5162//5481 5161//5480 5212//5505
f 5219//5506 5132//5486 5163//5484
f 5214//5507 5162//5481 5212//5505
f 5164//5487 5162//5481 5214//5507
f 5214//5507 5163//5484 5164//5487
f 5214//5507 5219//5506 5163//5484
f 5214//5507 5185//5508 5219//5506
f 5302//5509 5243//5510 5300//5511
f 5246//5512 5243//5510 5302//5509
f 5297//5513 5246//5512 5302//5509
f 5241//5514 5246//5512 5297//5513
f 5386//5515 5299//5516 5379//5517
f 5308//5518 5299//5516 5386//5515
f 5310//5519 5308//5518 5386//5515
f 5386//5515 5389//5520 5310//5519
f 5390//5521 5379//5517 5384//5522
f 5386//5515 5379//5517 5390//5521
f 5392//5523 5386//5515 5390//5521
f 5389//5520 5386//5515 5392//5523
f 5347//5524 5384//5522 5394//5525
f 5347//5524 5344//5526 5384//5522
f 5344//5526 5390//5521 5384//5522
f 5349//5527 5390//5521 5344//5526
f 5392//5523 5390//5521 5349//5527
f 5394//5525 5393//5528 5352//5529
f 5352//5529 5347//5524 5394//5525
f 5316//5530 5310//5519 5389//5520
f 5389//5520 5395//5531 5316//5530
f 5396//5532 5316//5530 5395//5531
f 5317//5533 5316//5530 5396//5532
f 5395//5531 5389//5520 5392//5523
f 5392//5523 5397//5534 5395//5531
f 5398//5535 5395//5531 5397//5534
f 5396//5532 5395//5531 5398//5535
f 5320//5536 5317//5533 5396//5532
f 5396//5532 5399//5537 5320//5536
f 5400//5538 5320//5536 5399//5537
f 5322//5539 5320//5536 5400//5538
f 5401//5540 5396//5532 5398//5535
f 5399//5537 5396//5532 5401//5540
f 5400//5538 5399//5537 5401//5540
f 5401//5540 5402//5541 5400//5538
f 5354//5542 5392//5523 5349//5527
f 5397//5534 5392//5523 5354//5542
f 5356//5543 5397//5534 5354//5542
f 5398//5535 5397//5534 5356//5543
f 5359//5544 5398//5535 5356//5543
f 5401//5540 5398//5535 5359//5544
f 5361//5545 5401//5540 5359//5544
f 5402//5541 5401//5540 5361//5545
f 5403//5546 5322//5539 5400//5538
f 5324//5547 5322//5539 5403//5546
f 5325//5548 5324//5547 5403//5546
f 5403//5546 5404//5549 5325//5548
f 5403//5546 5400//5538 5402//5541
f 5402//5541 5405//5550 5403//5546
f 5406//5551 5403//5546 5405//5550
f 5404//5549 5403//5546 5406//5551
f 5326//5552 5325//5548 5404//5549
f 5404//5549 5407//5553 5326//5552
f 5408//5554 5326//5552 5407//5553
f 5327//5555 5326//5552 5408//5554
f 5407//5553 5404//5549 5406//5551
f 5406//5551 5409//5556 5407//5553
f 5408//5554 5407//5553 5409//5556
f 5409//5556 5383//5557 5408//5554
f 5365//5558 5402//5541 5361//5545
f 5405//5550 5402//5541 5365//5558
f 5367//5559 5405//5550 5365//5558
f 5406//5551 5405//5550 5367//5559
f 5369//5560 5406//5551 5367//5559
f 5409//5556 5406//5551 5369//5560
f 5350//5561 5409//5556 5369//5560
f 5383//5557 5409//5556 5350//5561
f 5328//5562 5327//5555 5408//5554
f 5408//5554 5410//5563 5328//5562
f 5300//5564 5328//5562 5410//5563
f 5410//5563 5375//5565 5300//5564
f 5385//5566 5408//5554 5383//5557
f 5410//5563 5408//5554 5385//5566
f 5380//5567 5410//5563 5385//5566
f 5375//5565 5410//5563 5380//5567
f 5348//5568 5342//5569 5440//5570
f 5440//5570 5443//5571 5348//5568
f 5351//5572 5348//5568 5443//5571
f 5443//5571 5452//5573 5351//5572
f 5358//5574 5351//5572 5452//5573
f 5452//5573 5455//5575 5358//5574
f 5457//5576 5358//5574 5455//5575
f 5360//5577 5358//5574 5457//5576
f 5414//5578 5440//5570 5412//5579
f 5443//5571 5440//5570 5414//5578
f 5416//5580 5443//5571 5414//5578
f 5452//5581 5443//5571 5416//5580
f 5418//5582 5452//5581 5416//5580
f 5455//5583 5452//5581 5418//5582
f 5419//5584 5455//5583 5418//5582
f 5457//5585 5455//5583 5419//5584
f 5362//5586 5360//5577 5457//5576
f 5457//5576 5460//5587 5362//5586
f 5461//5588 5362//5586 5460//5587
f 5364//5589 5362//5586 5461//5588
f 5366//5590 5364//5589 5461//5588
f 5461//5588 5462//5591 5366//5590
f 5368//5592 5366//5590 5462//5591
f 5462//5591 5463//5593 5368//5592
f 5422//5594 5457//5585 5419//5584
f 5460//5595 5457//5585 5422//5594
f 5425//5596 5460//5595 5422//5594
f 5461//5597 5460//5595 5425//5596
f 5427//5598 5461//5597 5425//5596
f 5462//5599 5461//5597 5427//5598
f 5429//5600 5462//5599 5427//5598
f 5463//5601 5462//5599 5429//5600
f 5370//5602 5368//5592 5463//5593
f 5463//5593 5464//5603 5370//5602
f 5371//5604 5370//5602 5464//5603
f 5464//5603 5465//5605 5371//5604
f 5372//5606 5371//5604 5465//5605
f 5465//5605 5466//5607 5372//5606
f 5373//5608 5372//5606 5466//5607
f 5466//5607 5445//5609 5373//5608
f 5429//5600 5464//5610 5463//5601
f 5429//5600 5431//5611 5464//5610
f 5431//5611 5467//5612 5464//5610
f 5465//5613 5464//5610 5467//5612
f 5467//5612 5468//5614 5465//5613
f 5433//5615 5467//5616 5431//5611
f 5433//5615 5468//5617 5467//5616
f 5433//5615 5434//5618 5468//5617
f 5434//5618 5469//5619 5468//5617
f 5470//5620 5465//5613 5468//5614
f 5466//5621 5465//5613 5470//5620
f 5445//5622 5466//5621 5470//5620
f 5470//5620 5449//5623 5445//5622
f 5470//5624 5468//5617 5469//5619
f 5469//5619 5471//5625 5470//5624
f 5456//5626 5470//5624 5471//5625
f 5449//5627 5470//5624 5456//5626
f 5374//5628 5373//5608 5445//5609
f 5445//5609 5447//5629 5374//5628
f 5442//5630 5374//5628 5447//5629
f 5343//5631 5374//5628 5442//5630
f 5478//5632 5412//5633 5475//5634
f 5414//5635 5412//5633 5478//5632
f 5480//5636 5414//5635 5478//5632
f 5416//5637 5414//5635 5480//5636
f 5478//5632 5475//5634 5473//5638
f 5473//5638 5476//5639 5478//5632
f 5480//5636 5478//5632 5476//5639
f 5476//5639 5483//5640 5480//5636
f 5486//5641 5416//5637 5480//5636
f 5418//5582 5416//5637 5486//5641
f 5419//5584 5418//5582 5486//5641
f 5486//5641 5489//5642 5419//5584
f 5486//5641 5480//5636 5483//5640
f 5483//5640 5492//5643 5486//5641
f 5489//5642 5486//5641 5492//5643
f 5492//5643 5494//5644 5489//5642
f 5497//5645 5419//5584 5489//5642
f 5422//5594 5419//5584 5497//5645
f 5425//5596 5422//5594 5497//5645
f 5497//5645 5499//5646 5425//5596
f 5497//5645 5489//5642 5494//5644
f 5494//5644 5501//5647 5497//5645
f 5503//5648 5497//5645 5501//5647
f 5499//5646 5497//5645 5503//5648
f 5505//5649 5425//5596 5499//5646
f 5427//5598 5425//5596 5505//5649
f 5507//5650 5427//5598 5505//5649
f 5429//5600 5427//5598 5507//5650
f 5508//5651 5499//5646 5503//5648
f 5505//5649 5499//5646 5508//5651
f 5509//5652 5505//5649 5508//5651
f 5507//5650 5505//5649 5509//5652
f 5431//5611 5429//5600 5507//5650
f 5509//5652 5431//5611 5507//5650
f 5509//5652 5433//5615 5431//5611
f 5509//5652 5510//5653 5433//5615
f 5434//5618 5433//5615 5510//5653
f 1522//5654 1583//5655 1520//5656
f 1524//5657 1442//5658 1441//5659
f 1524//5660 1583//5661 1442//5662
f 1524//5663 1520//5664 1583//5665
f 1524//5666 1443//5667 1526//5668
f 1441//5669 1443//5667 1524//5666
f 1528//5670 1526//5671 1585//5672
f 1526//5671 1444//5673 1585//5672
f 1526//5671 1443//5674 1444//5673
f 1530//5675 1583//5676 1522//5677
f 1530//5675 1532//5678 1583//5676
f 1532//5678 1442//5679 1583//5676
f 1532//5678 1587//5680 1442//5679
f 1587//5680 1445//5681 1442//5679
f 1534//5682 1587//5680 1532//5678
f 1446//5683 1445//5681 1587//5680
f 1587//5684 1589//5685 1446//5686
f 1589//5685 1448//5687 1446//5686
f 1448//5688 1444//2516 1446//2511
f 1448//5688 1447//5689 1444//2516
f 1447//5689 1585//5690 1444//2516
f 1589//5691 1587//5680 1534//5682
f 1534//5682 1535//5692 1589//5691
f 1535//5693 1591//5694 1589//5695
f 1591//5694 1448//5696 1589//5695
f 1591//5697 1449//5698 1448//5699
f 1535//5692 1537//5700 1591//5701
f 1542//5702 1594//5703 1540//5704
f 1596//5705 1594//5703 1542//5702
f 1599//5706 1594//5703 1596//5705
f 1598//5707 1594//5703 1599//5706
f 1544//5708 1596//5705 1542//5702
f 1544//5708 1599//5706 1596//5705
f 1544//5708 1546//5709 1599//5706
f 1546//5709 1601//5710 1599//5706
f 1585//5690 1603//5711 1548//5712
f 1548//5713 1528//5714 1585//5715
f 1548//5716 1603//5717 1550//5718
f 1605//5719 1451//5720 1450//5721
f 1552//5722 1601//5710 1546//5709
f 1605//5723 1450//5724 1456//5725
f 1603//5726 1447//5727 1452//2524
f 1585//5690 1447//5689 1603//5711
f 1554//5728 1605//5729 1608//5730
f 1554//5731 1550//5732 1605//5733
f 1550//5734 1451//5735 1605//5736
f 1550//5734 1603//5737 1451//5735
f 1603//5726 1452//2524 1451//2518
f 1557//5738 1453//5739 1591//5701
f 1453//5739 1449//5740 1591//5701
f 1557//5738 1556//5741 1453//5739
f 1556//5741 1554//5742 1453//5739
f 1554//5742 1454//5743 1453//5739
f 1554//5728 1608//5730 1454//5744
f 1484//2546 1483//5745 1728//5746
f 1430//2473 1486//2547 1593//5747
f 1612//5748 1487//5749 1433//2483
f 1617//5750 1487//5749 1612//5748
f 1617//5750 1488//5751 1487//5749
f 1617//5750 1618//5752 1488//5751
f 1619//5753 1488//5751 1618//5752
f 1619//5753 1490//5754 1488//5751
f 1619//5753 1620//5755 1490//5754
f 1491//5756 1490//5754 1620//5755
f 1714//2662 1578//2670 1577//2663
f 1578//2670 1622//5757 1577//2663
f 1622//5757 1621//5758 1577//2663
f 1622//5757 1491//5756 1621//5758
f 1491//5756 1620//5755 1621//5758
f 1622//5757 1492//5759 1491//5756
f 1622//5757 1623//5760 1492//5759
f 1493//5761 1492//5759 1623//5760
f 1705//2675 1540//5704 1581//2674
f 1540//5704 1624//5762 1581//2674
f 1540//5704 1594//5703 1624//5762
f 1594//5703 1493//5761 1624//5762
f 1493//5761 1623//5760 1624//5762
f 1594//5703 1494//5763 1493//5761
f 1594//5703 1598//5707 1494//5763
f 1729//5764 1495//5765 1496//5766
f 1730//5767 1494//5763 1598//5707
f 1497//5768 1494//5763 1730//5767
f 1730//5767 1731//5769 1497//5768
f 1731//5769 1496//5766 1497//5768
f 1731//5769 1729//5764 1496//5766
f 1678//5770 1718//5771 1702//5772
f 1718//5771 1537//5700 1702//5772
f 1718//5771 1591//5701 1537//5700
f 1601//5710 1732//5773 1599//5706
f 1732//5773 1730//5767 1599//5706
f 1730//5767 1598//5707 1599//5706
f 1731//5769 1730//5767 1732//5773
f 1732//5773 1733//5774 1731//5769
f 1688//5775 1732//5773 1552//5722
f 1732//5773 1601//5710 1552//5722
f 1688//5775 1720//5776 1732//5773
f 1733//5774 1732//5773 1720//5776
f 1720//5776 1721//5777 1733//5774
f 1605//5778 1456//5779 1454//5780
f 1454//5781 1608//5730 1605//5729
f 1557//5738 1591//5701 1718//5771
f 1718//5771 1690//5782 1557//5738
f 1724//5783 1731//5769 1733//5774
f 1724//5783 1723//5784 1731//5769
f 1723//5784 1734//5785 1731//5769
f 1725//5786 1734//5785 1723//5784
f 1724//5783 1733//5774 1721//5777
f 1844//5787 1842//2730 1767//2733
f 1767//2733 1769//5788 1844//5787
f 1772//5789 1844//5787 1769//5788
f 1846//5790 1842//5791 1844//5792
f 1844//5792 1847//5793 1846//5790
f 1663//2629 1846//2738 1847//5793
f 1661//2626 1846//2738 1663//2629
f 1774//5794 1844//5792 1772//5795
f 1847//5793 1844//5792 1774//5794
f 1774//5794 1776//5796 1847//5793
f 1776//5796 1663//2629 1847//5793
f 1776//5796 1662//2632 1663//2629
f 1780//2709 1781//5797 1645//2596
f 1781//5797 1849//5798 1645//2596
f 1849//5798 1665//2634 1645//2596
f 1628//2638 1665//2634 1849//5798
f 1667//2642 1668//2641 1786//5799
f 1786//5799 1784//5800 1667//2642
f 1851//5801 1670//2644 1633//5802
f 1787//5803 1786//5799 1851//5801
f 1786//5799 1670//2644 1851//5801
f 1786//5799 1668//2641 1670//2644
f 1853//5804 1672//2656 1673//2655
f 1675//2657 1672//2656 1853//5804
f 1853//5804 1855//5805 1675//2657
f 1856//5806 1675//2657 1855//5805
f 1677//2661 1675//2657 1856//5806
f 1679//2664 1677//2661 1856//5806
f 1784//5800 1673//2652 1667//2642
f 1784//5800 1853//5804 1673//2655
f 1784//5800 1790//5807 1853//5804
f 1792//5808 1853//5804 1790//5807
f 1855//5805 1853//5804 1792//5808
f 1792//5808 1856//5806 1855//5805
f 1792//5808 1794//5809 1856//5806
f 1794//5809 1858//5810 1856//5806
f 1680//2665 1856//5806 1858//5810
f 1679//2664 1856//5806 1680//2665
f 1796//5811 1858//5810 1794//5809
f 1796//5811 1680//2665 1858//5810
f 1796//5811 1682//2667 1680//2665
f 1796//5811 1860//5812 1682//2667
f 1796//5811 1798//5813 1860//5812
f 1681//2672 1682//2667 1860//5812
f 1799//5814 1849//5798 1781//5797
f 1799//5814 1801//5815 1849//5798
f 1801//5815 1628//2638 1849//5798
f 1801//5815 1630//5816 1628//2638
f 1801//5815 1633//5802 1630//5816
f 1801//5815 1851//5801 1633//5802
f 1801//5815 1804//5817 1851//5801
f 1787//5803 1851//5801 1804//5817
f 1806//2739 1637//5818 1807//5819
f 1636//2740 1637//5820 1806//2739
f 1807//5819 1640//5821 1809//5822
f 1637//5818 1640//5821 1807//5819
f 1811//5823 1809//5824 1863//5825
f 1809//5824 1643//5826 1863//5825
f 1809//5822 1640//5821 1643//5827
f 1813//5828 1647//5829 1646//5830
f 1813//5831 1863//5825 1647//5832
f 1813//5831 1811//5823 1863//5825
f 1815//5833 1860//5812 1798//5813
f 1813//5834 1650//5835 1817//5836
f 1646//5837 1650//5835 1813//5834
f 1650//5838 1652//5839 1819//5840
f 1819//5841 1817//5836 1650//5835
f 1821//5842 1654//5843 1865//5844
f 1821//5842 1819//5845 1654//5843
f 1819//5840 1652//5839 1654//5846
f 1865//5844 1654//5843 1656//5847
f 1866//5848 1659//5849 1660//5850
f 1664//5851 1662//5852 1776//5796
f 1776//5796 1823//5853 1664//5851
f 1823//5853 1824//5854 1664//5851
f 1824//5854 1660//5855 1664//5851
f 1824//5854 1866//5856 1660//5855
f 1866//5857 1643//5858 1659//5859
f 1866//5857 1867//5860 1643//5858
f 1867//5860 1863//5861 1643//5858
f 1867//5862 1666//5863 1863//5864
f 1666//5863 1647//5865 1863//5864
f 1867//5866 1868//5867 1666//5868
f 1867//5866 1866//5856 1824//5854
f 1824//5854 1825//5869 1867//5866
f 1826//5870 1867//5866 1825//5869
f 1868//5867 1867//5866 1826//5870
f 1828//5871 1827//5872 1868//5873
f 1827//5874 1669//5875 1868//5876
f 1669//5875 1666//5877 1868//5876
f 1671//5878 1669//5879 1827//5880
f 1827//5881 1829//5882 1671//5883
f 1828//5884 1868//5885 1826//5886
f 1830//5887 1671//5883 1829//5882
f 1674//5888 1671//5889 1830//5890
f 1821//5842 1865//5891 1831//5892
f 1832//5893 1676//5894 1869//5895
f 1832//5893 1831//5892 1676//5894
f 1831//5892 1656//5847 1676//5894
f 1831//5892 1865//5891 1656//5847
f 1830//5896 1678//5770 1674//5897
f 1830//5896 1870//5898 1678//5770
f 1830//5896 1833//5899 1870//5898
f 1833//5899 1871//5900 1870//5898
f 1833//5901 1832//5902 1871//5903
f 1832//5902 1869//5904 1871//5903
f 1815//5833 1834//5905 1860//5812
f 1834//5905 1872//5906 1860//5812
f 1872//5906 1681//2672 1860//5812
f 1872//5906 1683//5907 1681//2672
f 1684//5908 1683//5907 1872//5906
f 1835//5909 1872//5906 1834//5905
f 1835//5909 1685//5910 1872//5906
f 1685//5910 1684//5908 1872//5906
f 1835//5909 1836//5911 1685//5910
f 1836//5911 1873//5912 1685//5910
f 1686//5913 1685//5910 1873//5912
f 1837//5914 1873//5912 1836//5911
f 1837//5914 1686//5913 1873//5912
f 1837//5914 1687//5915 1686//5913
f 1837//5914 1838//5916 1687//5915
f 1839//5917 1687//5915 1838//5916
f 1688//5775 1687//5915 1839//5917
f 1869//5895 1676//5894 1689//5918
f 1869//5904 1689//5918 1690//5782
f 1690//5782 1871//5903 1869//5904
f 1841//5919 1874//5920 1840//5921
f 2180//5922 2267//5923 2176//5924
f 2029//5925 2026//5926 2267//5923
f 2180//5922 2183//5927 2267//5923
f 2183//5927 2029//5925 2267//5923
f 2183//5927 2032//5928 2029//5925
f 2183//5927 2273//5929 2032//5928
f 2035//5930 2032//5928 2273//5929
f 2186//5931 2273//5929 2183//5927
f 2186//5931 2035//5930 2273//5929
f 2186//5931 2189//5932 2035//5930
f 2189//5932 2042//5933 2035//5930
f 2189//5932 2276//5934 2042//5933
f 2045//5935 2042//5933 2276//5934
f 2276//5934 2279//5936 2045//5935
f 2048//5937 2045//5935 2279//5936
f 2279//5936 2281//5938 2048//5937
f 2191//5939 2276//5934 2189//5932
f 2279//5936 2276//5934 2191//5939
f 2191//5939 2194//5940 2279//5936
f 2196//5941 2279//5936 2194//5940
f 2281//5938 2279//5936 2196//5941
f 2290//5942 2053//5943 2057//5944
f 2060//5945 2048//5937 2281//5938
f 2281//5938 2293//5946 2060//5945
f 2293//5946 2297//5947 2060//5945
f 2297//5947 2057//5944 2060//5945
f 2297//5947 2290//5942 2057//5944
f 2199//5948 2281//5938 2196//5941
f 2293//5946 2281//5938 2199//5948
f 2297//5947 2293//5946 2199//5948
f 2199//5948 2201//5949 2297//5947
f 1736//5950 1735//5951 2345//5952
f 2347//5953 1737//5954 1738//5955
f 2348//5956 1737//5954 2347//5953
f 1739//5957 1737//5954 2348//5956
f 2349//5958 1740//5959 1741//5960
f 2021//5961 1742//5962 1725//5786
f 2312//5963 2333//5964 2330//5965
f 2333//5964 2014//5966 2330//5965
f 2333//5964 2349//5958 2014//5966
f 2349//5958 1741//5960 2014//5966
f 1741//5960 1742//5962 2014//5966
f 1742//5962 2021//5961 2014//5966
f 2335//5967 1738//5955 2349//5958
f 1738//5955 1740//5959 2349//5958
f 2335//5967 2347//5953 1738//5955
f 2335//5967 2334//5968 2347//5953
f 2336//5969 2347//5953 2334//5968
f 2348//5956 2347//5953 2336//5969
f 2335//5967 2349//5958 2333//5964
f 2350//5970 1739//5957 2348//5956
f 1743//5971 1739//5957 2350//5970
f 2339//5972 1743//5971 2350//5970
f 2339//5972 1744//5973 1743//5971
f 2339//5972 2338//5974 1744//5973
f 2351//5975 1745//5976 1746//5977
f 2352//5978 1745//5976 2351//5975
f 1747//5979 1745//5976 2352//5978
f 2338//5974 1746//5977 1744//5973
f 2338//5974 2340//5980 1746//5977
f 2340//5980 2351//5975 1746//5977
f 2341//5981 2351//5975 2340//5980
f 2352//5978 2351//5975 2341//5981
f 2342//5982 2348//5956 2336//5969
f 2350//5970 2348//5956 2342//5982
f 2339//5972 2350//5970 2342//5982
f 1748//5983 1747//5979 2352//5978
f 2352//5978 2353//5984 1748//5983
f 1749//5985 1748//5983 2353//5984
f 2353//5984 2354//5986 1749//5985
f 2353//5984 2352//5978 2341//5981
f 2341//5981 2343//5987 2353//5984
f 2344//5988 2353//5984 2343//5987
f 2354//5986 2353//5984 2344//5988
f 2609//5989 2358//5990 2607//5991
f 2361//5992 2358//5990 2609//5989
f 2364//5993 2361//5992 2609//5989
f 2502//5994 2607//5991 2500//5995
f 2609//5989 2607//5991 2502//5994
f 2502//5994 2367//5996 2609//5989
f 2367//5996 2364//5993 2609//5989
f 2502//5994 2504//5997 2367//5996
f 2504//5997 2613//5998 2367//5996
f 2369//5999 2367//5996 2613//5998
f 2616//6000 2613//5998 2504//5997
f 2504//5997 2508//6001 2616//6000
f 2511//6002 2616//6000 2508//6001
f 2616//6000 2620//6003 2613//5998
f 2620//6003 2373//6004 2613//5998
f 2373//6004 2369//5999 2613//5998
f 2376//6005 2373//6004 2620//6003
f 2511//6002 2620//6003 2616//6000
f 2511//6002 2516//6006 2620//6003
f 2516//6006 2624//6007 2620//6003
f 2624//6007 2376//6005 2620//6003
f 2624//6007 2626//6008 2376//6005
f 2626//6008 2379//6009 2376//6005
f 2383//6010 2379//6009 2626//6008
f 2520//6011 2624//6007 2516//6006
f 2626//6008 2624//6007 2520//6011
f 2520//6011 2523//6012 2626//6008
f 2523//6012 2527//6013 2626//6008
f 2527//6013 2383//6010 2626//6008
f 2527//6013 2387//6014 2383//6010
f 2390//6015 2387//6014 2527//6013
f 2527//6013 2529//6016 2390//6015
f 2393//6017 2390//6015 2529//6016
f 2529//6016 2533//6018 2393//6017
f 2534//6019 2393//6017 2533//6018
f 2395//6020 2393//6017 2534//6019
f 2534//6019 2408//6021 2395//6020
f 2534//6019 2637//6022 2408//6021
f 2534//6019 2539//6023 2637//6022
f 2544//6024 2418//6025 2637//6022
f 2418//6025 2408//6021 2637//6022
f 2544//6024 2542//6026 2418//6025
f 2546//6027 2637//6022 2539//6023
f 2544//6024 2637//6022 2546//6027
f 2539//6023 2534//6019 2818//6028
f 2822//6029 2542//6026 2544//6024
f 2712//6030 2714//6031 2818//6028
f 2714//6031 2539//6023 2818//6028
f 2714//6031 2546//6027 2539//6023
f 2714//6031 2716//6032 2546//6027
f 2716//6032 2544//6024 2546//6027
f 2716//6032 2822//6029 2544//6024
f 2990//3888 2987//3896 2991//6033
f 2985//3887 2987//3896 2990//3888
f 2991//6033 2994//3897 2999//6034
f 2987//3896 2994//3897 2991//6033
f 3000//6035 2991//6033 3003//6036
f 2990//3888 2991//6033 3000//6035
f 3003//6036 2999//6034 3005//6037
f 2991//6033 2999//6034 3003//6036
f 2999//6034 3007//3901 3009//6038
f 2994//3897 3007//3901 2999//6034
f 3007//3901 2719//3769 2722//6039
f 2722//6039 3009//6038 3007//3901
f 2728//6040 2999//6034 2726//6041
f 2999//6034 3009//6038 2726//6041
f 2728//6040 3005//6042 2999//6034
f 3009//6038 2722//6039 2726//6041
f 2737//6043 2734//3763 3011//3889
f 2738//6044 3011//3889 3000//6045
f 2737//6043 3011//3889 2738//6044
f 2743//6046 3000//6045 3003//6047
f 2738//6044 3000//6045 2743//6046
f 2743//6046 3003//6047 3005//6048
f 3005//6048 2745//6049 2743//6046
f 3005//6048 2728//6050 2745//6049
f 3017//3969 3018//6051 2753//3970
f 3018//6051 2750//3693 2753//3970
f 3018//6051 3012//3804 2750//3693
f 3014//3805 3012//3804 3018//6051
f 3018//6051 3022//6052 3014//3805
f 3018//6051 3017//3969 3024//3877
f 3024//3877 3025//6053 3018//6051
f 2892//6054 3018//6055 3025//6056
f 2892//4032 2889//4031 3018//6051
f 2889//4031 3022//6052 3018//6051
f 3014//3805 3022//6052 2902//4035
f 2902//4035 2896//4034 3014//3805
f 2921//6057 3015//6058 2907//6059
f 2940//4046 3026//6060 2931//4050
f 2902//4035 3022//6052 2889//4031
f 2931//4051 3026//6061 2944//4052
f 3025//6053 3024//3877 2949//3876
f 2949//3876 2951//4055 3025//6053
f 2892//6054 3025//6056 2951//6062
f 2954//4062 3026//6060 2940//4046
f 2944//4052 3026//6061 2954//4062
f 2926//3831 3015//3833 2921//6063
f 2960//6064 3029//6065 2958//6066
f 2966//6067 2760//6068 2963//6069
f 2762//6070 2760//6068 2966//6067
f 2760//6068 2764//6071 2967//6072
f 2967//6072 2963//6069 2760//6068
f 2966//6073 3029//6065 2762//6074
f 3029//6065 2769//6075 2762//6074
f 2966//6073 2958//6066 3029//6065
f 2968//6076 3029//6065 2960//6077
f 2968//6076 2775//6078 3029//6065
f 2775//6078 2769//6075 3029//6065
f 2968//6076 2969//6079 2775//6080
f 2969//6079 2777//6081 2775//6080
f 2969//6079 3033//6082 2777//6081
f 2969//6079 2970//6083 3033//6082
f 2971//6084 3033//6082 2970//6083
f 3035//6085 3033//6082 2971//6084
f 2781//6086 2777//6081 3033//6082
f 2784//6087 3033//6082 3035//6085
f 2781//6086 3033//6082 2784//6087
f 2972//6088 2789//6089 3037//6090
f 2972//6088 2967//6091 2789//6089
f 2967//6072 2764//6071 2789//6092
f 2789//6089 2791//6093 3038//6094
f 3038//6094 3037//6090 2789//6089
f 2972//6088 3037//6090 2973//6095
f 2973//6095 3038//6094 2974//6096
f 3037//6090 3038//6094 2973//6095
f 3038//6094 2791//6093 2794//6097
f 2975//6098 2974//6096 3040//6099
f 2974//6096 3038//6094 3040//6099
f 3038//6094 2794//6097 3040//6099
f 2794//6097 2796//6100 3040//6099
f 3040//6099 2796//6100 2798//6101
f 2976//6102 3042//3871 2955//3872
f 2976//6102 3044//3873 3042//3871
f 2976//6102 3045//6103 3044//3873
f 2976//6102 2977//6104 3045//6103
f 2978//6105 3045//6103 2977//6106
f 2979//6107 3047//6108 2980//6109
f 2981//6110 3035//6111 2971//6112
f 3048//6113 3035//6111 2981//6110
f 2981//6110 2980//6109 3048//6113
f 2980//6109 3047//6108 3048//6113
f 3047//6108 2803//6114 3048//6113
f 3047//6108 2801//6115 2803//6114
f 2979//6107 3050//6116 3047//6108
f 2979//6107 3040//6099 3050//6116
f 2979//6107 2975//6098 3040//6099
f 3040//6099 2798//6117 2806//6118
f 2806//6118 3050//6116 3040//6099
f 2801//6115 3047//6108 3050//6116
f 3050//6116 2808//6119 2801//6115
f 3050//6116 2806//6118 2808//6119
f 2784//6087 3035//6085 3048//6113
f 3048//6113 2811//6120 2784//6087
f 3048//6113 2803//6114 2811//6120
f 2814//6121 2800//3746 3044//3873
f 3045//6103 2814//6121 3044//3873
f 3045//6103 2815//6122 2814//6121
f 3045//6103 3053//6123 2815//6122
f 2816//6124 2815//6122 3053//6123
f 3053//6123 3045//6103 2978//6105
f 2978//6105 2982//6125 3053//6123
f 2982//6125 2816//6124 3053//6123
f 2982//6125 2717//6126 2816//6124
f 2982//6125 2897//6127 2717//6126
f 2897//6127 2989//6128 2717//6126
f 2707//6129 2333//5964 2312//5963
f 3115//6130 2334//5968 2335//5967
f 3116//6131 2334//5968 3115//6130
f 2336//5969 2334//5968 3116//6131
f 3102//6132 2333//5964 2707//6129
f 3102//6132 3101//6133 2333//5964
f 3101//6133 2335//5967 2333//5964
f 3101//6133 3115//6130 2335//5967
f 3103//6134 3115//6130 3101//6133
f 3116//6131 3115//6130 3103//6134
f 3102//6132 2684//6135 3057//6136
f 2707//6129 2684//6135 3102//6132
f 3117//6137 2338//5974 2339//5972
f 3118//6138 2338//5974 3117//6137
f 2340//5980 2338//5974 3118//6138
f 2341//5981 2340//5980 3118//6138
f 3118//6138 3119//6139 2341//5981
f 3108//6140 2336//5969 3116//6131
f 3108//6140 2342//5982 2336//5969
f 3108//6140 3106//6141 2342//5982
f 3106//6141 2339//5972 2342//5982
f 3106//6141 3109//6142 2339//5972
f 3109//6142 3117//6137 2339//5972
f 3108//6140 3116//6131 3103//6134
f 3118//6138 3117//6137 3109//6142
f 3109//6142 3110//6143 3118//6138
f 3119//6139 3118//6138 3110//6143
f 3110//6143 3111//6144 3119//6139
f 3120//6145 2341//5981 3119//6139
f 2343//5987 2341//5981 3120//6145
f 3121//6146 2343//5987 3120//6145
f 2344//5988 2343//5987 3121//6146
f 3112//6147 3119//6139 3111//6144
f 3120//6145 3119//6139 3112//6147
f 3113//6148 3120//6145 3112//6147
f 3121//6146 3120//6145 3113//6148
f 3129//6149 3189//6150 3126//6151
f 3192//6152 3189//6150 3129//6149
f 3195//6153 3189//6150 3192//6152
f 3192//6154 3196//6155 3195//6156
f 3131//6157 3192//6158 3129//6149
f 3133//6159 3192//6154 3131//6157
f 3196//6155 3192//6154 3133//6159
f 2927//6160 3195//6161 3196//6155
f 2925//6162 3195//6161 2927//6160
f 3133//6159 3137//6163 3196//6155
f 3137//6163 2927//6160 3196//6155
f 3137//6163 2929//6164 2927//6160
f 3137//6163 3198//6165 2929//6164
f 2932//6166 2929//6164 3198//6165
f 3198//6165 3201//6167 2932//6166
f 2934//6168 2932//6166 3201//6167
f 3140//6169 3198//6165 3137//6163
f 3201//6167 3198//6165 3140//6169
f 3140//6169 3142//6170 3201//6167
f 3142//6170 3145//6171 3201//6167
f 3145//6171 2934//6168 3201//6167
f 3145//6171 2936//6172 2934//6168
f 3149//6173 2936//6172 3145//6171
f 2938//6174 2936//6172 3149//6173
f 2941//6175 2943//6176 3167//6177
f 3167//6177 3153//6178 2941//6175
f 3177//6179 2941//6175 3153//6178
f 2945//6180 2941//6175 3177//6179
f 3183//6181 2945//6180 3177//6179
f 2948//6182 2945//6180 3183//6181
f 3185//6183 2948//6182 3183//6181
f 2901//6184 2948//6182 3185//6183
f 3167//6177 2938//6174 3149//6173
f 2943//6176 2938//6174 3167//6177
f 2904//6185 2901//6184 3185//6183
f 3185//6183 3186//6186 2904//6185
f 2908//6187 2904//6185 3186//6186
f 3186//6186 3187//6188 2908//6187
f 3701//6189 3794//6190 3791//6191
f 3701//6189 3703//6192 3794//6190
f 3703//6192 3796//6193 3794//6190
f 3799//6194 3794//6190 3796//6193
f 3796//6193 3801//6195 3799//6194
f 3804//6196 3796//6193 3703//6192
f 3703//6192 3706//6197 3804//6196
f 3710//6198 3796//6193 3804//6196
f 3710//6198 3708//6199 3796//6193
f 3708//6199 3801//6195 3796//6193
f 3801//6195 3514//6200 3799//6194
f 3801//6195 3807//6201 3514//6200
f 3807//6201 3516//6202 3514//6200
f 3809//6203 3516//6202 3807//6201
f 3518//6204 3516//6202 3809//6203
f 3713//6205 3801//6195 3708//6199
f 3807//6201 3801//6195 3713//6205
f 3713//6205 3716//6206 3807//6201
f 3716//6206 3813//6207 3807//6201
f 3813//6207 3809//6203 3807//6201
f 3718//6208 3804//6196 3706//6197
f 3710//6198 3804//6196 3718//6208
f 3721//6209 3813//6207 3716//6206
f 3522//6210 3518//6204 3809//6203
f 3813//6207 3522//6210 3809//6203
f 3813//6207 3820//6211 3522//6210
f 3820//6211 3524//6212 3522//6210
f 3526//6213 3524//6212 3820//6211
f 3820//6211 3825//6214 3526//6213
f 3827//6215 3526//6213 3825//6214
f 3528//6216 3526//6213 3827//6217
f 3530//6218 3528//6216 3827//6217
f 3721//6209 3820//6211 3813//6207
f 3721//6209 3727//6219 3820//6211
f 3727//6219 3829//6220 3820//6211
f 3732//6221 3730//6222 3829//6220
f 3730//6222 3820//6211 3829//6220
f 3730//6222 3825//6214 3820//6211
f 3735//6223 3829//6220 3727//6219
f 3732//6224 3829//6220 3735//6223
f 3740//6225 3825//6214 3730//6222
f 3827//6215 3825//6214 3740//6225
f 3740//6226 3530//6218 3827//6217
f 3740//6226 3742//6227 3530//6218
f 3742//6227 3830//6228 3530//6218
f 3830//6228 3531//6229 3530//6218
f 3744//6230 3830//6228 3742//6227
f 3534//6231 3531//6229 3830//6228
f 3830//6228 3835//6232 3534//6231
f 3535//6233 3534//6231 3835//6232
f 3835//6232 3839//6234 3535//6233
f 3835//6232 3830//6228 3744//6230
f 3744//6230 3749//6235 3835//6232
f 3752//6236 3835//6232 3749//6235
f 3839//6234 3835//6232 3752//6236
f 3537//6237 3535//6233 3839//6234
f 3839//6234 3843//6238 3537//6237
f 3845//6239 3537//6237 3843//6238
f 3539//6240 3537//6237 3845//6239
f 3755//6241 3839//6234 3752//6236
f 3843//6238 3839//6234 3755//6241
f 3758//6242 3843//6238 3755//6241
f 3845//6239 3843//6238 3758//6242
f 3792//6243 3575//6244 3616//6245
f 3622//6246 3619//6247 4056//6248
f 4056//6248 4058//6249 3622//6246
f 3623//6250 3622//6246 4058//6249
f 4058//6249 4056//6248 4039//6251
f 4039//6251 4041//6252 4058//6249
f 4041//6252 3623//6250 4058//6249
f 4041//6252 4043//6253 3623//6250
f 4043//6253 3626//6254 3623//6250
f 4043//6253 4059//6255 3626//6254
f 4044//6256 4059//6255 4043//6253
f 4059//6255 3855//4468 3626//6254
f 3855//4468 3517//4292 3626//6254
f 4059//6255 3859//4470 3855//4468
f 4044//6256 4030//4623 4059//6255
f 4030//4623 3775//4474 4059//6255
f 3775//4474 3859//4470 4059//6255
f 4044//6256 4047//6257 4030//4623
f 4047//6257 4033//6258 4030//4623
f 3946//4729 4033//6258 4047//6257
f 4049//6259 3974//6260 3532//6261
f 3974//6260 3700//6262 3532//6261
f 3700//6262 3616//6263 3532//6261
f 3700//6262 3792//6264 3616//6263
f 4049//6259 3889//4751 3974//6260
f 3959//4756 4049//6259 3536//6265
f 4049//6266 3533//6267 3536//6268
f 4049//6269 3532//6270 3533//6271
f 3924//4757 3959//4756 3715//6272
f 3959//4756 3536//6273 3715//6272
f 3536//4308 3538//4310 3715//6272
f 3538//4310 3824//6274 3715//6272
f 3538//4310 3540//4312 3824//6274
f 3540//4312 3832//6275 3824//6274
f 3540//4312 3541//4315 3832//6275
f 3832//6276 3541//4320 3543//4318
f 3832//6277 3543//4318 3545//4324
f 3920//6278 3934//6279 3995//6280
f 3934//6279 3997//6281 3995//6280
f 3934//6279 4005//6282 3997//6281
f 4012//6283 3997//6281 4005//6282
f 4012//6283 3754//6284 3997//6281
f 4012//6283 3854//6285 3754//6284
f 4012//6283 4014//6286 3854//6285
f 4014//6286 3858//6287 3854//6285
f 3865//6288 3862//6289 3757//6290
f 3862//6289 3858//6287 3757//6290
f 3858//6287 4014//6286 3757//6290
f 3865//6288 3630//6291 3862//6289
f 3630//6291 3506//6292 3862//6289
f 3865//6288 3867//6293 3630//6291
f 3630//6291 3867//6293 3870//6294
f 3870//6294 3508//6295 3630//6291
f 3877//6296 3874//6297 4125//6298
f 4125//6298 4127//6299 3877//6296
f 3879//6300 3877//6296 4127//6299
f 4127//6299 4129//6301 3879//6300
f 4136//6302 3882//6303 3885//6304
f 3888//6305 3882//6306 4136//6307
f 4129//6301 4136//6308 3879//6300
f 4136//6302 3885//6304 3879//6309
f 4129//6301 4138//6310 4136//6308
f 4138//6311 3890//6312 4136//6307
f 3890//6312 3888//6305 4136//6307
f 4138//6311 4139//6313 3890//6312
f 4072//6314 4140//6315 4070//6316
f 4125//6298 4140//6315 4072//6314
f 4072//6314 4076//6317 4125//6298
f 4127//6299 4125//6298 4076//6317
f 4076//6317 4081//6318 4127//6299
f 4084//6319 4127//6299 4081//6318
f 4129//6301 4127//6299 4084//6319
f 4138//6311 4129//6301 4084//6319
f 4084//6319 4088//6320 4138//6311
f 4139//6313 4138//6311 4088//6320
f 4088//6320 4091//6321 4139//6313
f 3895//6322 3890//6312 4139//6313
f 4139//6313 4144//6323 3895//6322
f 3898//6324 3895//6322 4144//6323
f 4144//6323 4145//6325 3898//6324
f 3901//6326 3898//6324 4145//6325
f 4145//6325 4147//6327 3901//6326
f 3904//6328 3901//6326 4147//6327
f 4147//6327 4173//6329 3904//6328
f 3908//6330 3904//6328 4173//6329
f 4173//6329 4174//6331 3908//6330
f 3912//6332 3908//6330 4174//6331
f 4174//6331 4175//6333 3912//6332
f 4144//6323 4139//6313 4091//6321
f 4091//6321 4097//6334 4144//6323
f 4145//6325 4144//6323 4097//6334
f 4097//6334 4100//6335 4145//6325
f 4147//6327 4145//6325 4100//6335
f 4100//6335 4103//6336 4147//6327
f 4173//6329 4147//6327 4103//6336
f 4103//6336 4105//6337 4173//6329
f 4109//6338 4173//6329 4105//6337
f 4174//6331 4173//6329 4109//6338
f 4112//6339 4174//6331 4109//6338
f 4175//6333 4174//6331 4112//6339
f 4520//6340 4294//6341 4295//6342
f 4621//6343 4334//6344 4337//6345
f 4622//6346 4334//6344 4621//6343
f 4339//6347 4334//6344 4622//6346
f 4588//6348 4607//6349 4603//6350
f 4607//6349 4621//6343 4603//6350
f 4621//6343 4508//6351 4603//6350
f 4621//6343 4337//6345 4508//6351
f 4337//6345 4294//6341 4508//6351
f 4294//6341 4520//6340 4508//6351
f 4610//6352 4621//6343 4607//6349
f 4622//6346 4621//6343 4610//6352
f 4616//6353 4339//6347 4622//6346
f 4616//6353 4615//6354 4339//6347
f 4615//6354 4343//6355 4339//6347
f 4617//6356 4343//6355 4615//6354
f 4345//6357 4343//6355 4617//6356
f 4616//6353 4622//6346 4610//6352
f 4347//6358 4345//6357 4617//6356
f 4617//6356 4618//6359 4347//6358
f 4619//6360 4347//6358 4618//6359
f 4349//6361 4347//6358 4619//6360
f 4620//6362 4349//6361 4619//6360
f 4350//6363 4349//6361 4620//6362
f 4604//6364 4350//6363 4620//6362
f 4333//6365 4350//6363 4604//6364
f 4731//6366 4651//6367 4653//6368
f 4655//6369 4651//6367 4731//6366
f 4731//6366 4732//6370 4655//6369
f 4712//5231 4731//6366 4657//5179
f 4731//6366 4653//6368 4657//5179
f 4712//5231 4715//5252 4731//6366
f 4732//6370 4731//6366 4715//5252
f 4715//5252 4717//5254 4732//6370
f 4660//6371 4655//6369 4732//6370
f 4732//6370 4733//6372 4660//6371
f 4662//6373 4660//6371 4733//6372
f 4733//6372 4735//6374 4662//6373
f 4721//6375 4732//6370 4717//5254
f 4733//6372 4732//6370 4721//6375
f 4735//6374 4733//6372 4721//6375
f 4721//6375 4723//6376 4735//6374
f 4727//5260 4705//5199 4716//5219
f 4727//5260 4706//5200 4705//5199
f 4727//5260 4729//5262 4706//5200
f 4729//5262 4707//5201 4706//5200
f 4703//5203 4707//5201 4729//5262
f 5077//6377 5076//5485 5132//5486
f 5132//5486 5133//6378 5077//6377
f 5078//6379 5077//6377 5133//6378
f 5133//6378 5135//6380 5078//6379
f 5079//6381 5078//6379 5135//6380
f 5135//6380 5137//6382 5079//6381
f 5138//6383 5079//6381 5137//6382
f 5080//6384 5079//6381 5138//6383
f 5081//6385 5080//6384 5138//6383
f 5138//6383 5139//6386 5081//6385
f 5082//6387 5081//6385 5139//6386
f 5139//6386 5141//6388 5082//6387
f 5143//6389 5082//6387 5141//6388
f 5084//6390 5082//6387 5143//6389
f 5144//6391 5084//6390 5143//6389
f 5085//6392 5084//6390 5144//6391
f 5167//6393 5087//6394 5089//6395
f 5150//6396 5091//6397 5167//6393
f 5091//6397 5087//6394 5167//6393
f 5150//6396 5148//6398 5091//6397
f 5093//6399 5085//6392 5144//6391
f 5144//6391 5151//6400 5093//6399
f 5094//6401 5093//6399 5151//6400
f 5151//6400 5153//6402 5094//6401
f 5153//6402 5167//6393 5094//6401
f 5167//6393 5089//6395 5094//6401
f 5153//6402 5154//6403 5167//6393
f 5150//6396 5167//6393 5154//6403
f 5097//6404 5091//6397 5148//6398
f 5148//6398 5157//6405 5097//6404
f 5099//6406 5097//6404 5157//6405
f 5157//6405 5159//6407 5099//6406
f 5186//5490 5184//5489 5276//6408
f 5276//6408 5279//6409 5186//5490
f 5188//6410 5186//5490 5279//6409
f 5279//6409 5281//6411 5188//6410
f 5245//6412 5248//6413 5276//6408
f 5248//6413 5279//6409 5276//6408
f 5248//6413 5283//6414 5279//6409
f 5286//6415 5279//6409 5283//6414
f 5281//6411 5279//6409 5286//6415
f 5190//6416 5188//6410 5281//6411
f 5286//6415 5287//6417 5281//6411
f 5287//6417 5190//6416 5281//6411
f 5287//6417 5193//6418 5190//6416
f 5194//6419 5193//6418 5287//6417
f 5287//6417 5288//6420 5194//6419
f 5198//6421 5194//6419 5288//6420
f 5288//6420 5289//6422 5198//6421
f 5200//6423 5198//6421 5289//6422
f 5289//6422 5290//6424 5200//6423
f 5253//6425 5283//6414 5248//6413
f 5255//6426 5283//6414 5253//6425
f 5286//6415 5283//6414 5255//6426
f 5256//6427 5286//6415 5255//6426
f 5287//6417 5286//6415 5256//6427
f 5288//6420 5287//6417 5256//6427
f 5256//6427 5259//6428 5288//6420
f 5289//6422 5288//6420 5259//6428
f 5259//6428 5261//6429 5289//6422
f 5290//6424 5289//6422 5261//6429
f 5261//6429 5263//6430 5290//6424
f 5203//6431 5200//6423 5290//6424
f 5290//6424 5291//6432 5203//6431
f 5292//6433 5203//6431 5291//6432
f 5205//6434 5203//6431 5292//6433
f 5293//6435 5205//6434 5292//6433
f 5206//5502 5205//6434 5293//6435
f 5294//6436 5206//5502 5293//6435
f 5207//5503 5206//5502 5294//6436
f 5210//5504 5207//5503 5294//6436
f 5294//6436 5295//6437 5210//5504
f 5212//5505 5210//5504 5295//6437
f 5295//6437 5272//6438 5212//5505
f 5214//5507 5212//5505 5272//6438
f 5272//6438 5273//6439 5214//5507
f 5185//5508 5214//5507 5273//6439
f 5273//6439 5274//6440 5185//5508
f 5291//6432 5290//6424 5263//6430
f 5263//6430 5264//6441 5291//6432
f 5292//6433 5291//6432 5264//6441
f 5264//6441 5265//6442 5292//6433
f 5266//6443 5292//6433 5265//6442
f 5293//6435 5292//6433 5266//6443
f 5294//6436 5293//6435 5266//6443
f 5266//6443 5268//6444 5294//6436
f 5270//6445 5294//6436 5268//6444
f 5295//6437 5294//6436 5270//6445
f 5243//5510 5295//6437 5270//6445
f 5272//6438 5295//6437 5243//5510
f 548//1101 547//1152 579//6446
f 547//1152 517//906 579//6446
f 517//906 530//908 579//6446
f 547//1152 562//987 517//906
f 547//1152 546//988 562//987
f 449//834 579//6446 448//830
f 579//6446 530//908 448//830
f 530//908 447//6447 448//830
f 459//6448 457//1063 564//1062
f 564//1062 566//1307 459//6448
f 566//1307 461//6449 459//6448
f 566//1307 582//6450 461//6449
f 566//1307 568//1309 582//6450
f 548//1101 582//6450 568//1311
f 583//6451 582//6450 548//1101
f 462//6452 461//6449 582//6450
f 462//6452 582//6450 583//6451
f 583//6451 464//6453 462//6452
f 548//1101 467//6454 583//6451
f 548//1101 465//6455 467//6454
f 548//1101 579//6446 465//6455
f 579//6446 449//834 465//6455
f 583//6451 467//6454 464//6453
f 837//1668 770//1400 724//1304
f 770//1400 696//1305 724//1304
f 837//1668 836//1667 770//1400
f 836//1667 832//1497 770//1400
f 816//1507 837//1672 777//1420
f 837//1672 724//1306 777//1420
f 724//1306 693//1300 777//1420
f 809//1494 832//1497 840//1675
f 831//6456 832//6457 809//6458
f 840//1675 832//1497 836//1667
f 1352//6459 1351//6460 1750//6461
f 1750//6461 1751//6462 1352//6459
f 1353//6463 1352//6459 1751//6462
f 1735//5951 1736//5950 1752//6464
f 1736//5950 1754//6465 1752//6464
f 1736//5950 1753//6466 1754//6465
f 1354//6467 1752//6464 1754//6465
f 1754//6465 1330//6468 1354//6467
f 1728//5746 1483//5745 1753//6466
f 1483//5745 1499//6469 1753//6466
f 1499//6469 1754//6465 1753//6466
f 1499//6469 1501//6470 1754//6465
f 1503//6471 1331//6472 1501//6470
f 1331//6472 1754//6465 1501//6470
f 1331//6472 1330//6468 1754//6465
f 1503//6471 1332//6473 1331//6472
f 1503//6471 1505//6474 1332//6473
f 1333//6475 1332//6473 1505//6474
f 1511//6476 1336//6477 1337//6478
f 1511//6476 1513//6479 1336//6477
f 1513//6479 1335//6480 1336//6477
f 1513//6479 1334//6481 1335//6480
f 1756//6482 1355//6483 1356//6484
f 1757//6485 1355//6483 1756//6482
f 1357//6486 1355//6483 1757//6485
f 1513//6479 1759//6487 1334//6481
f 1759//6487 1356//6484 1334//6481
f 1759//6487 1756//6482 1356//6484
f 1760//6488 1756//6482 1759//6487
f 1757//6485 1756//6482 1760//6488
f 1761//6489 1357//6486 1757//6485
f 1358//6490 1357//6486 1761//6489
f 1762//6491 1358//6490 1761//6489
f 1359//6492 1358//6490 1762//6491
f 1738//5955 1757//6485 1760//6488
f 1738//5955 1761//6489 1757//6485
f 1738//5955 1737//5954 1761//6489
f 1739//5957 1761//6489 1737//5954
f 1762//6491 1761//6489 1739//5957
f 1516//6493 1763//6494 1514//6495
f 1763//6494 1759//6487 1514//6495
f 1759//6487 1513//6479 1514//6495
f 1741//5960 1759//6487 1763//6494
f 1741//5960 1740//5959 1759//6487
f 1740//5959 1760//6488 1759//6487
f 1725//5786 1742//5962 1734//5785
f 1742//5962 1729//5764 1734//5785
f 1729//5764 1731//5769 1734//5785
f 1742//5962 1495//5765 1729//5764
f 1742//5962 1763//6494 1495//5765
f 1763//6494 1516//6493 1495//5765
f 1741//5960 1763//6494 1742//5962
f 1738//5955 1760//6488 1740//5959
f 1764//6496 1359//6492 1762//6491
f 1361//6497 1359//6492 1764//6496
f 1764//6496 1362//6498 1361//6497
f 1764//6496 1765//6499 1362//6498
f 1765//6499 1755//6500 1362//6498
f 1743//5971 1762//6491 1739//5957
f 1764//6496 1762//6491 1743//5971
f 1744//5973 1764//6496 1743//5971
f 1765//6499 1764//6496 1744//5973
f 1746//5977 1755//6500 1765//6499
f 1746//5977 1758//6501 1755//6500
f 1746//5977 1745//5976 1758//6501
f 1747//5979 1758//6501 1745//5976
f 1750//6461 1758//6501 1747//5979
f 1746//5977 1765//6499 1744//5973
f 1751//6462 1750//6461 1747//5979
f 1747//5979 1748//5983 1751//6462
f 1748//5983 1353//6463 1751//6462
f 1748//5983 1749//5985 1353//6463
f 1749//5985 1364//6502 1353//6463
f 3125//6503 3190//4054 3194//4064
f 3125//6504 3193//6505 3190//6506
f 3125//6504 3123//6507 3193//6505
f 3128//6508 3193//6505 3123//6507
f 3125//6509 3194//6510 3130//6511
f 2960//6064 2958//6066 3197//6512
f 3134//6513 3199//6514 3132//6515
f 3135//6516 3199//6517 3134//6518
f 2968//6076 2960//6077 3197//6519
f 3141//6520 3202//4014 3138//4015
f 3205//6521 2974//6096 2975//6098
f 3207//4019 3202//4014 3141//6520
f 3141//6520 3144//6522 3207//4019
f 3144//6522 3147//6523 3207//4019
f 3147//6523 3210//6524 3207//4019
f 3210//6524 3209//4020 3207//4019
f 3150//6525 3210//6524 3147//6523
f 3210//6524 3212//6526 3209//4020
f 3212//6526 2976//6102 3209//4020
f 2976//6102 2955//3872 3209//4020
f 2977//6104 2976//6102 3212//6526
f 3150//6525 3212//6526 3210//6524
f 3150//6525 3152//6527 3212//6526
f 3152//6527 3214//6528 3212//6526
f 3214//6528 2977//6106 3212//6526
f 3214//6528 3216//6529 2977//6106
f 3216//6529 2978//6105 2977//6106
f 3154//6530 3214//6528 3152//6527
f 3154//6530 3216//6529 3214//6528
f 3154//6530 3218//6531 3216//6529
f 3154//6530 3155//6532 3218//6531
f 3160//6533 3218//6531 3155//6532
f 3220//6534 3218//6531 3160//6533
f 3163//6535 3220//6534 3160//6533
f 3224//6536 2978//6105 3216//6529
f 2982//6125 2978//6105 3224//6536
f 2897//6127 2982//6125 3224//6536
f 3218//6531 2890//6537 3216//6529
f 2890//6538 3224//6539 3216//6540
f 3218//6531 2894//6541 2890//6537
f 2890//6538 2897//6542 3224//6539
f 3220//6534 2899//6543 3218//6531
f 2899//6543 2894//6541 3218//6531
f 3220//6534 3225//6544 2899//6543
f 2903//6545 2899//6543 3225//6544
f 3225//6544 3220//6534 3163//6535
f 3163//6535 3165//6546 3225//6544
f 3165//6546 2903//6545 3225//6544
f 3165//6546 2906//6547 2903//6545
f 3165//6546 3168//6548 2906//6547
f 3168//6548 3228//6549 2906//6547
f 3170//6550 3228//6549 3168//6548
f 2909//6551 2906//6547 3228//6549
f 3170//6550 3172//6552 3228//6549
f 3172//6552 2909//6551 3228//6549
f 3172//6552 2910//6553 2909//6551
f 3172//6552 2911//6554 2910//6553
f 3172//6552 3173//6555 2911//6554
f 3173//6555 3229//6556 2911//6554
f 3175//6557 3229//6556 3173//6555
f 3231//6558 2911//6554 3229//6556
f 2912//6559 2911//6554 3231//6558
f 3234//6560 2912//6559 3231//6558
f 2913//6561 2912//6559 3234//6560
f 2915//6562 2913//6561 3234//6560
f 3175//6557 3231//6558 3229//6556
f 3175//6557 3178//6563 3231//6558
f 3178//6563 3235//6564 3231//6558
f 3237//6565 3231//6558 3235//6564
f 3234//6560 3231//6558 3237//6565
f 3180//6566 3235//6564 3178//6563
f 3237//6565 3235//6564 3180//6566
f 3180//6566 3181//6567 3237//6565
f 3237//6565 2915//6562 3234//6560
f 3237//6565 2917//6568 2915//6562
f 3237//6565 3239//6569 2917//6568
f 3241//6570 2917//6568 3239//6569
f 2919//6571 2917//6568 3241//6570
f 3181//6567 3126//6151 3237//6565
f 3126//6151 3189//6150 3237//6565
f 3189//6150 3239//6569 3237//6565
f 3195//6572 3239//6569 3189//6150
f 3241//6570 3239//6569 3195//6573
f 2923//6574 2919//6575 3241//6576
f 2925//6162 3241//6576 3195//6161
f 2923//6574 3241//6576 2925//6162
f 3677//6577 3101//6133 3102//6132
f 3659//6578 3101//6133 3677//6577
f 3659//6578 3103//6134 3101//6133
f 3659//6578 3658//6579 3103//6134
f 3620//6580 3661//6581 3354//6582
f 3661//6581 3677//6577 3354//6582
f 3677//6577 3384//6583 3354//6582
f 3677//6577 3102//6132 3384//6583
f 3102//6132 3057//6136 3384//6583
f 3659//6578 3677//6577 3661//6581
f 3679//6584 3106//6141 3108//6140
f 3109//6142 3106//6141 3679//6584
f 3679//6584 3681//6585 3109//6142
f 3658//6579 3108//6140 3103//6134
f 3658//6579 3664//6586 3108//6140
f 3664//6586 3679//6584 3108//6140
f 3681//6585 3679//6584 3664//6586
f 3664//6586 3665//6587 3681//6585
f 3110//6143 3109//6142 3681//6585
f 3681//6585 3683//6588 3110//6143
f 3111//6144 3110//6143 3683//6588
f 3683//6588 3686//6589 3111//6144
f 3683//6588 3681//6585 3665//6587
f 3665//6587 3668//6590 3683//6588
f 3686//6589 3683//6588 3668//6590
f 3668//6590 3669//6591 3686//6589
f 3689//6592 3111//6144 3686//6589
f 3112//6147 3111//6144 3689//6592
f 3691//6593 3112//6147 3689//6592
f 3113//6148 3112//6147 3691//6593
f 3672//6594 3686//6589 3669//6591
f 3689//6592 3686//6589 3672//6594
f 3674//6595 3689//6592 3672//6594
f 3691//6593 3689//6592 3674//6595
f 5441//6596 5344//5526 5347//5524
f 5444//6597 5344//5526 5441//6596
f 5349//5527 5344//5526 5444//6597
f 5441//6598 5347//5524 5352//5529
f 5352//5529 5446//6599 5441//6598
f 5444//6600 5441//6598 5446//6599
f 5446//6599 5448//6601 5444//6600
f 5424//6602 5354//5542 5444//6597
f 5354//5542 5349//5527 5444//6597
f 5424//6602 5420//6603 5354//5542
f 5426//6604 5354//5542 5420//6603
f 5356//5543 5354//5542 5426//6604
f 5428//6605 5424//6606 5451//6607
f 5424//6606 5448//6601 5451//6607
f 5424//6606 5444//6600 5448//6601
f 5451//6607 5454//6608 5430//6609
f 5430//6609 5428//6605 5451//6607
f 5432//6610 5356//5543 5426//6604
f 5359//6611 5356//5543 5432//6610
f 5435//6612 5359//6611 5432//6610
f 5361//6613 5359//6611 5435//6612
f 5430//6609 5454//6608 5421//6614
f 5436//6615 5361//6613 5435//6612
f 5365//5558 5361//6613 5436//6615
f 5367//5559 5365//5558 5436//6615
f 5436//6615 5437//6616 5367//5559
f 5439//6617 5367//5559 5437//6616
f 5369//5560 5367//5559 5439//6617
f 5411//6618 5369//5560 5439//6617
f 5350//5561 5369//5560 5411//6618
f 5438//6619 5510//5653 5509//5652
f 5438//6619 5434//5618 5510//5653
f 346//570 345//569 489//6620
f 458//6621 490//6622 456//6623
f 489//6620 345//569 347//6624
f 456//999 492//6625 460//1000
f 490//6626 492//6627 456//6628
f 460//1000 492//6625 463//1005
f 348//588 493//6629 494//6630
f 494//6630 349//586 348//588
f 466//1007 468//1006 493//6629
f 468//1006 494//6630 493//6629
f 468//1006 495//6631 494//6630
f 350//590 349//586 494//6630
f 351//592 494//6630 495//6631
f 350//590 494//6630 351//592
f 469//1011 495//6631 468//1006
f 469//1011 470//1015 495//6631
f 470//1015 352//6632 495//6631
f 352//594 351//592 495//6631
f 472//6633 496//6634 471//6635
f 353//596 346//595 489//6636
f 473//6637 490//6638 458//6639
f 474//6640 471//6641 496//6642
f 489//6636 347//6643 353//596
f 475//6644 496//6645 472//6646
f 497//6647 355//612 354//611
f 474//6648 496//6649 475//6650
f 497//6651 354//614 356//613
f 476//6652 490//6653 473//6654
f 492//6655 490//6653 476//6652
f 463//6656 492//6657 476//6658
f 357//619 355//618 497//6659
f 359//625 358//622 498//6660
f 356//624 357//623 497//6661
f 360//6662 359//625 498//6660
f 498//6660 361//630 499//6663
f 358//622 361//630 498//6660
f 499//6663 361//630 362//631
f 363//637 498//6660 499//6664
f 360//6662 498//6660 363//637
f 499//6664 362//638 363//637
f 364//650 352//594 470//6665
f 470//6665 477//1037 364//650
f 365//651 364//650 477//1037
f 477//1037 478//1040 365//651
f 480//1042 366//657 367//656
f 480//1042 500//1064 366//657
f 480//1042 479//1044 500//1064
f 367//656 368//659 481//1045
f 481//1045 480//1042 367//656
f 481//1045 369//660 482//1050
f 368//659 369//660 481//1045
f 482//1050 370//661 483//1052
f 369//660 370//661 482//1050
f 370//661 371//662 484//1053
f 484//1053 483//1052 370//661
f 428//789 484//1053 407//739
f 484//1053 371//662 407//739
f 371//662 320//741 407//739
f 372//669 365//651 478//1040
f 478//1040 485//1055 372//669
f 486//1056 372//669 485//1055
f 373//670 372//669 486//1056
f 487//1059 373//670 486//1056
f 374//686 373//670 487//1059
f 375//687 374//686 487//1059
f 487//1059 488//1060 375//687
f 457//1063 375//687 488//1060
f 376//716 375//687 457//1063
f 414//767 424//6666 425//770
f 424//6666 327//705 425//770
f 327//705 331//704 425//770
f 414//767 412//6667 424//6666
f 414//767 452//800 412//6667
f 563//1012 738//1541 740//6668
f 740//6668 565//1013 563//1012
f 565//1013 740//6668 741//6669
f 741//6669 567//1016 565//1013
f 569//1038 567//1016 741//6669
f 742//1540 571//1043 743//6670
f 570//1070 571//1043 742//1540
f 725//1509 726//1508 572//1047
f 726//1508 743//6670 572//1047
f 743//6670 571//1043 572//1047
f 727//1513 738//1541 743//6671
f 738//1541 742//1540 743//6671
f 727//1513 728//1512 738//1541
f 727//1513 743//6671 726//1508
f 725//6672 573//6673 729//6674
f 572//6675 573//6676 725//6677
f 730//1518 729//6678 697//1172
f 729//6678 574//1051 697//1172
f 729//6678 573//1048 574//1051
f 531//933 635//1077 574//1051
f 635//1077 590//1076 574//1051
f 590//1076 697//1172 574//1051
f 531//933 632//1073 635//1077
f 731//1522 738//1541 728//1512
f 740//6668 738//1541 731//1522
f 741//6669 740//6668 731//1522
f 731//1522 732//1525 741//6669
f 730//1518 698//1171 650//1175
f 697//1172 698//1171 730//1518
f 732//1525 569//1038 741//6669
f 732//1525 575//1054 569//1038
f 732//1525 733//1527 575//1054
f 576//1057 575//1054 733//1527
f 733//1527 734//1531 576//1057
f 577//1058 576//1057 734//1531
f 734//1531 735//1533 577//1058
f 736//1534 577//1058 735//1533
f 578//1061 577//1058 736//1534
f 736//1534 564//1062 578//1061
f 736//1534 739//1308 564//1062
f 736//1534 737//1536 739//1308
f 666//1539 739//1308 737//1536
f 708//1310 739//1308 666//1539
f 1193//2071 1206//6679 1272//6680
f 1272//6681 1206//6682 1207//6683
f 1191//6684 1189//6685 1273//6686
f 1190//6687 1189//6688 1191//6689
f 1274//6690 1193//2071 1272//6680
f 1274//6690 1192//2070 1193//2071
f 1274//6690 1273//6691 1192//2070
f 1273//6691 1189//2065 1192//2070
f 1194//2072 1191//2068 1273//6692
f 1274//6693 1195//2078 1273//6692
f 1195//2078 1194//2072 1273//6692
f 1274//6693 1196//2081 1195//2078
f 1274//6694 1207//6683 1197//6695
f 1272//6681 1207//6683 1274//6694
f 1274//6693 1197//2087 1196//2081
f 1521//2557 1582//6696 1519//2558
f 1521//2557 1408//2395 1582//6697
f 1521//2557 1523//2562 1408//2395
f 1523//2562 1409//2393 1408//2395
f 1519//2566 1584//6698 1525//2564
f 1582//6699 1584//6698 1519//2566
f 1584//6698 1586//6700 1527//2567
f 1527//2567 1525//2564 1584//6698
f 1582//6701 1408//2398 1410//2396
f 1410//2396 1584//6698 1582//6699
f 1586//6700 1410//2396 1411//2399
f 1584//6698 1410//2396 1586//6700
f 1527//2567 1586//6700 1529//2569
f 1531//2571 1529//2569 1588//6702
f 1529//2569 1586//6700 1588//6702
f 1586//6700 1411//2538 1588//6702
f 1411//2538 1455//2540 1588//6702
f 1531//2571 1588//6702 1533//2573
f 1538//6703 1590//6704 1536//6705
f 1541//2579 1592//6706 1539//2580
f 1541//2579 1593//5747 1592//6706
f 1541//2579 1595//6707 1593//5747
f 1541//2579 1543//2583 1595//6707
f 1536//2585 1590//6708 1545//1131
f 1547//2587 1595//6707 1543//2583
f 1597//6709 1595//6707 1547//2587
f 1549//6710 1590//6711 1538//6712
f 1545//1131 1590//6708 1549//2592
f 1551//2593 1597//6709 1547//2587
f 1416//2413 1409//2393 1523//2562
f 1523//2562 1553//2598 1416//2413
f 1417//6713 1416//2413 1553//2598
f 1553//2598 1555//2600 1417//6713
f 1419//2422 1418//2420 1600//6714
f 1418//2420 1420//2424 1602//6715
f 1602//6715 1600//6714 1418//2420
f 1559//6716 1558//6717 1604//6718
f 1558//6719 1419//6720 1604//6721
f 1419//2422 1600//6714 1604//6722
f 1558//6723 1412//2425 1419//2427
f 1604//6724 1602//6725 1606//6726
f 1600//6714 1602//6715 1604//6722
f 1602//6715 1421//6727 1607//6728
f 1420//2424 1421//6727 1602//6715
f 1555//6729 1421//6730 1417//6731
f 1555//6729 1607//6732 1421//6730
f 1555//2608 1560//2607 1607//6733
f 1602//6734 1607//6733 1609//6735
f 1609//6736 1606//6726 1602//6725
f 1560//2607 1609//6735 1607//6733
f 1560//2607 1561//6737 1609//6735
f 1561//2624 1610//6738 1609//6739
f 1562//2621 1611//6740 1563//2620
f 1561//2624 1564//2623 1610//6738
f 1564//2623 1422//2456 1610//6738
f 1422//2456 1423//2455 1610//6738
f 1564//2623 1611//6740 1422//2456
f 1611//6740 1424//2554 1422//2456
f 1564//2623 1563//2620 1611//6740
f 1431//2471 1593//5747 1595//6707
f 1430//2473 1593//5747 1431//2471
f 1432//2477 1595//6707 1597//6709
f 1431//2471 1595//6707 1432//2477
f 1613//6741 1433//2483 1434//2484
f 1612//5748 1433//2483 1613//6741
f 1613//6741 1434//2484 1435//2489
f 1435//2489 1614//6742 1613//6741
f 1551//2593 1436//2490 1597//6709
f 1436//2490 1432//2477 1597//6709
f 1551//2593 1615//6743 1436//2490
f 1551//2593 1565//2633 1615//6743
f 1437//2491 1436//2490 1615//6743
f 1566//2635 1615//6743 1565//2633
f 1566//2635 1567//2636 1615//6743
f 1567//2636 1437//2491 1615//6743
f 1567//2636 1438//2493 1437//2491
f 1616//6744 1439//6745 1440//2503
f 1569//2640 1568//2639 1616//6744
f 1568//2639 1614//6742 1616//6744
f 1614//6742 1435//6746 1616//6744
f 1435//6746 1439//6747 1616//6744
f 1567//2636 1440//2503 1438//2493
f 1567//2636 1616//6744 1440//2503
f 1567//2636 1570//2646 1616//6744
f 1569//2640 1616//6744 1570//2646
f 1572//2649 1571//2648 1613//6741
f 1571//2648 1617//5750 1613//6741
f 1617//5750 1612//5748 1613//6741
f 1573//2651 1617//5750 1571//2648
f 1618//5752 1617//5750 1573//2651
f 1572//2653 1614//6742 1574//2654
f 1613//6741 1614//6742 1572//2653
f 1575//2659 1618//5752 1573//2651
f 1619//5753 1618//5752 1575//2659
f 1575//2659 1620//5755 1619//5753
f 1575//2659 1576//2660 1620//5755
f 1576//2660 1621//5758 1620//5755
f 1577//2663 1621//5758 1576//2660
f 1574//2654 1614//6742 1568//2639
f 1579//2669 1622//5757 1578//2670
f 1579//2669 1624//5762 1622//5757
f 1624//5762 1623//5760 1622//5757
f 1579//2669 1580//2671 1624//5762
f 1581//2674 1624//5762 1580//2671
f 2181//6748 2264//3205 2178//3204
f 2265//6749 2027//6750 2024//6751
f 2030//6752 2027//6753 2265//6754
f 2181//6748 2024//6751 2264//3205
f 2024//6751 2034//3042 2264//3205
f 2181//6748 2265//6749 2024//6751
f 2181//6755 2184//6756 2265//6754
f 2184//6756 2037//6757 2265//6754
f 2037//6757 2030//6752 2265//6754
f 2184//6756 2188//6758 2037//6757
f 2039//6759 2037//6757 2188//6758
f 2188//6758 2192//6760 2039//6759
f 2198//6761 2269//6762 2200//6763
f 2202//6764 2039//6765 2192//6766
f 2043//6767 2039//6768 2202//6769
f 2202//6770 2200//6763 2043//6771
f 2200//6763 2269//6762 2043//6771
f 2269//6762 2046//6772 2043//6771
f 2272//6773 2050//6774 2051//6775
f 2275//6776 2050//6777 2272//6778
f 2055//6779 2050//6780 2275//6781
f 2058//6782 2055//6779 2275//6783
f 2277//6784 2062//6785 2063//6786
f 2206//6787 2062//6788 2277//6789
f 2206//6790 2066//6791 2062//6785
f 2206//6792 2204//6793 2066//6794
f 2208//6795 2069//6796 2210//6797
f 2068//6798 2069//6796 2208//6795
f 2208//6795 2051//6799 2068//6798
f 2208//6800 2272//6773 2051//6775
f 2208//6801 2212//6802 2272//6803
f 2069//6804 2066//6794 2204//6793
f 2204//6793 2210//6805 2069//6804
f 2277//6784 2063//6786 2072//6806
f 2214//6807 2072//6808 2280//6809
f 2072//6808 2082//6810 2280//6809
f 2214//6811 2206//6812 2072//6813
f 2206//6787 2277//6789 2072//6814
f 2216//6815 2284//6816 2218//6817
f 2216//6815 2280//6818 2284//6816
f 2280//6818 2092//6819 2284//6816
f 2280//6818 2089//6820 2092//6819
f 2216//6815 2214//6821 2280//6818
f 2280//6822 2082//6823 2095//6824
f 2280//6822 2095//6824 2089//6825
f 2099//6826 2097//6827 2286//6828
f 2212//6829 2275//6783 2272//6830
f 2212//6829 2220//6831 2275//6783
f 2220//6831 2288//6832 2275//6783
f 2102//6833 2275//6783 2288//6832
f 2058//6782 2275//6783 2102//6833
f 2222//6834 2288//6832 2220//6831
f 2222//6834 2224//6835 2288//6832
f 2224//6835 2292//6836 2288//6832
f 2292//6836 2102//6837 2288//6832
f 2292//6836 2105//6838 2102//6837
f 2107//6839 2105//6838 2292//6836
f 2226//6840 2292//6836 2224//6835
f 2286//6841 2097//6842 2108//6843
f 2226//6840 2107//6839 2292//6836
f 2226//6840 2109//6844 2107//6839
f 2226//6840 2295//6845 2109//6844
f 2226//6840 2228//6846 2295//6845
f 2110//6847 2109//6844 2295//6845
f 2295//6845 2298//6848 2110//6847
f 2229//6849 2295//6845 2228//6846
f 2298//6848 2295//6845 2229//6849
f 2229//6849 2232//6850 2298//6848
f 2198//6761 2284//6816 2269//6762
f 2284//6816 2111//6851 2269//6762
f 2111//6851 2112//6852 2269//6762
f 2198//6761 2218//6817 2284//6816
f 2284//6816 2092//6819 2111//6851
f 2269//6762 2112//6852 2046//6772
f 2113//6853 2099//6826 2286//6828
f 2286//6841 2108//6843 2113//6854
f 2114//6855 2110//6847 2298//6848
f 2232//6850 2114//6855 2298//6848
f 2232//6850 2235//6856 2114//6855
f 2235//6856 2115//6857 2114//6855
f 2235//6856 2301//6858 2115//6857
f 2303//6859 2115//6857 2301//6858
f 2116//6860 2115//6857 2303//6859
f 2117//6861 2116//6860 2303//6859
f 2238//6862 2301//6858 2235//6856
f 2303//6859 2301//6858 2238//6862
f 2238//6862 2240//6863 2303//6859
f 2240//6863 2242//6864 2303//6859
f 2242//6864 2305//6865 2303//6859
f 2305//6865 2117//6861 2303//6859
f 2305//6865 2118//6866 2117//6861
f 2119//6867 2118//6866 2305//6865
f 2244//6868 2305//6865 2242//6864
f 2244//6868 2119//6867 2305//6865
f 2244//6868 2026//5926 2119//6867
f 2244//6868 2267//5923 2026//5926
f 2244//6868 2176//5924 2267//5923
f 1880//6869 1963//6870 2129//6871
f 2327//6872 2009//6873 2011//6874
f 2329//6875 2011//6874 2013//6876
f 2327//6872 2011//6874 2329//6875
f 2310//6877 2009//6873 2327//6872
f 2310//6877 2308//6878 2009//6873
f 2308//6878 2014//5966 2009//6873
f 2308//6878 2330//5965 2014//5966
f 2312//5963 2330//5965 2308//6878
f 2310//6877 2329//6875 2314//6879
f 2327//6872 2329//6875 2310//6877
f 2015//6880 1964//6881 2138//6882
f 2138//6882 2142//6883 2015//6880
f 2142//6883 2013//6876 2015//6880
f 2142//6883 2329//6875 2013//6876
f 2142//6883 2331//6884 2329//6875
f 2317//6885 2290//5942 2297//5947
f 2317//6885 2316//6886 2290//5942
f 2316//6886 2053//5943 2290//5942
f 2316//6886 2331//6884 2053//5943
f 2331//6884 2142//6883 2053//5943
f 2329//6875 2331//6884 2319//6887
f 2319//6887 2314//6879 2329//6875
f 2319//6887 2331//6884 2316//6886
f 2317//6885 2297//5947 2201//5949
f 2493//6888 2218//6817 2198//6761
f 2592//6889 2358//5990 2591//6890
f 2358//5990 2498//6891 2591//6890
f 2498//6891 2444//3516 2591//6890
f 2444//3516 2589//3519 2591//6890
f 2444//3516 2670//3515 2589//3519
f 2358//5990 2448//6892 2498//6891
f 2592//6889 2607//5991 2358//5990
f 2592//6889 2500//5995 2607//5991
f 2705//6893 2308//6878 2310//6877
f 2688//6894 2308//6878 2705//6893
f 2688//6894 2312//5963 2308//6878
f 2688//6894 2707//6129 2312//5963
f 2688//6894 2684//6135 2707//6129
f 2693//6895 2691//6896 2314//6879
f 2691//6896 2705//6893 2314//6879
f 2705//6893 2310//6877 2314//6879
f 2688//6894 2705//6893 2691//6896
f 2710//6897 2316//6886 2317//6885
f 2314//6879 2319//6887 2695//6898
f 2695//6898 2693//6895 2314//6879
f 2697//6899 2695//6898 2710//6897
f 2695//6898 2316//6886 2710//6897
f 2695//6898 2319//6887 2316//6886
f 2542//6026 2700//6900 2418//6025
f 2700//6900 2710//6897 2418//6025
f 2710//6897 2317//6885 2418//6025
f 2317//6885 2201//5949 2418//6025
f 2697//6899 2710//6897 2700//6900
f 2583//6901 2679//6902 2827//6903
f 2879//6904 2558//6905 2877//6906
f 2558//6905 2872//6907 2877//6906
f 2558//6905 2556//6908 2872//6907
f 2879//6904 2560//6909 2558//6905
f 2565//3484 2879//6904 2563//3475
f 2879//6904 2874//6910 2563//3475
f 2874//6910 2869//6911 2563//3475
f 2869//6911 2551//3473 2563//3475
f 2879//6904 2565//3484 2560//6909
f 3308//6912 3123//6507 3125//6504
f 3247//6913 3123//6914 3308//6912
f 3247//6913 3244//6915 3123//6914
f 3244//6916 3128//6917 3123//6918
f 3311//4124 3313//6919 3130//4068
f 3313//6919 3125//6504 3130//4068
f 3313//6919 3308//6912 3125//6504
f 3308//6912 3313//6919 3250//6920
f 3250//6920 3247//6913 3308//6912
f 3256//4235 3317//4114 3254//4117
f 3320//4119 3317//4114 3256//4235
f 3256//4235 3258//4236 3320//4119
f 3258//4236 3321//4120 3320//4119
f 3258//4236 3324//6921 3321//4120
f 3261//4239 3324//6921 3258//4236
f 3324//6921 3134//6922 3321//4120
f 3134//6513 3132//6515 3321//6923
f 3324//6921 3326//6924 3134//6922
f 3326//6924 3327//6925 3134//6922
f 3327//6926 3135//6516 3134//6518
f 3327//6927 3311//4124 3135//4067
f 3264//4241 3324//6921 3261//4239
f 3326//6924 3324//6921 3264//4241
f 3267//4245 3326//6924 3264//4241
f 3327//6925 3326//6924 3267//4245
f 3313//6919 3311//4124 3327//6927
f 3327//6927 3330//6928 3313//6919
f 3250//6920 3330//6928 3270//4261
f 3313//6919 3330//6928 3250//6920
f 3272//6929 3327//6927 3267//6930
f 3330//6928 3327//6927 3272//6929
f 3270//4261 3330//6928 3272//4262
f 3277//4271 3334//4107 3269//4108
f 3335//4110 3334//4107 3277//4271
f 3277//4271 3279//4273 3335//4110
f 3279//4273 3281//4274 3335//4110
f 3281//4274 3138//4015 3335//4110
f 3281//4274 3337//6931 3138//4015
f 3337//6931 3141//6520 3138//4015
f 3284//4276 3337//6931 3281//4274
f 3338//6932 3141//6520 3337//6931
f 3144//6522 3141//6520 3338//6932
f 3147//6523 3144//6522 3338//6932
f 3338//6932 3337//6931 3284//4276
f 3284//4276 3286//6933 3338//6932
f 3286//6933 3147//6523 3338//6932
f 3286//6933 3288//6934 3147//6523
f 3288//6934 3150//6525 3147//6523
f 3288//6934 3340//6935 3150//6525
f 3152//6527 3150//6525 3340//6935
f 3342//6936 3340//6935 3288//6937
f 3288//6937 3290//6938 3342//6936
f 3343//6939 3342//6936 3290//6938
f 3290//6938 3292//6940 3343//6939
f 3342//6936 3154//6530 3340//6935
f 3154//6530 3152//6527 3340//6935
f 3342//6936 3344//6941 3154//6530
f 3155//6532 3154//6530 3344//6941
f 3344//6941 3342//6936 3343//6939
f 3343//6939 3345//6942 3344//6941
f 3160//6533 3344//6941 3345//6942
f 3155//6532 3344//6941 3160//6533
f 3345//6942 3343//6939 3293//6943
f 3293//6943 3295//6944 3345//6942
f 3295//6944 3297//6945 3345//6942
f 3297//6945 3346//6946 3345//6942
f 3346//6946 3160//6533 3345//6942
f 3346//6946 3163//6535 3160//6533
f 3299//6947 3346//6946 3297//6945
f 3165//6546 3163//6535 3346//6946
f 3346//6946 3347//6948 3165//6546
f 3168//6548 3165//6546 3347//6948
f 3299//6947 3347//6948 3346//6946
f 3299//6947 3300//6949 3347//6948
f 3300//6949 3348//6950 3347//6948
f 3348//6951 3349//6952 3347//6948
f 3349//6952 3168//6548 3347//6948
f 3349//6952 3170//6550 3168//6548
f 3350//6953 3170//6550 3349//6952
f 3172//6552 3170//6550 3350//6953
f 3173//6555 3172//6552 3350//6953
f 3301//6954 3348//6951 3300//6949
f 3302//6955 3348//6951 3301//6954
f 3349//6952 3348//6951 3302//6955
f 3303//6956 3349//6952 3302//6955
f 3350//6953 3349//6952 3303//6956
f 3303//6956 3351//6957 3350//6953
f 3351//6957 3173//6555 3350//6953
f 3351//6957 3175//6557 3173//6555
f 3303//6956 3304//6958 3351//6957
f 3309//6959 3351//6957 3304//6958
f 3304//6958 3243//6960 3309//6959
f 3178//6563 3175//6557 3351//6957
f 3309//6959 3314//6961 3351//6957
f 3314//6961 3180//6566 3351//6957
f 3180//6566 3178//6563 3351//6957
f 3181//6567 3180//6566 3314//6961
f 3314//6961 3316//6962 3181//6567
f 3126//6151 3181//6567 3316//6962
f 3384//6583 3057//6136 3059//6963
f 3356//6964 3354//6582 3061//6965
f 3354//6582 3384//6583 3061//6965
f 3384//6583 3059//6963 3061//6965
f 3358//6966 3066//6967 3361//6968
f 3064//6969 3066//6967 3358//6966
f 3356//6964 3064//6969 3358//6966
f 3061//6965 3064//6969 3356//6964
f 3361//6968 3068//6970 3363//6971
f 3066//6967 3068//6970 3361//6968
f 3294//6972 3364//6973 3332//6974
f 3364//6973 3187//6188 3332//6974
f 3364//6973 3071//6975 3187//6188
f 3071//6975 2908//6187 3187//6188
f 3068//6970 3071//6976 3364//6973
f 3364//6973 3363//6971 3068//6970
f 3502//6977 3576//6978 3500//4342
f 3578//6979 3576//6978 3502//6977
f 3581//6980 3576//6978 3578//6979
f 3580//6981 3576//6978 3581//6980
f 3504//6982 3578//6979 3502//6977
f 3504//6982 3584//6983 3578//6979
f 3584//6983 3581//6980 3578//6979
f 3504//6982 3506//6292 3584//6983
f 3417//6984 3415//4277 3580//4344
f 3417//6985 3580//6981 3581//6980
f 3581//6980 3419//6986 3417//6985
f 3422//6987 3581//6980 3584//6983
f 3419//6986 3581//6980 3422//6987
f 3586//6988 3424//6989 3585//6990
f 3425//6991 3424//6989 3586//6988
f 3427//6992 3425//6991 3586//6988
f 3510//6993 3585//6990 3508//6295
f 3588//6994 3585//6990 3510//6993
f 3512//6995 3588//6994 3510//6993
f 3586//6988 3585//6990 3588//6994
f 3588//6994 3589//6996 3586//6988
f 3589//6996 3427//6992 3586//6988
f 3589//6996 3429//6997 3427//6992
f 3512//6995 3589//6996 3588//6994
f 3512//6995 3514//6200 3589//6996
f 3514//6200 3592//6998 3589//6996
f 3429//6997 3589//6996 3592//6998
f 3592//6998 3593//6999 3429//6997
f 3516//6202 3592//6998 3514//6200
f 3593//6999 3592//6998 3516//6202
f 3516//6202 3518//6204 3593//6999
f 3431//7000 3429//6997 3597//7001
f 3433//7002 3431//7000 3597//7001
f 3597//7001 3429//6997 3593//6999
f 3593//6999 3598//7003 3597//7001
f 3435//7004 3597//7001 3598//7003
f 3433//7002 3597//7001 3435//7004
f 3518//6204 3522//6210 3593//6999
f 3522//6210 3598//7003 3593//6999
f 3522//6210 3601//7005 3598//7003
f 3601//7005 3602//7006 3598//7003
f 3602//7006 3438//7007 3598//7003
f 3438//7007 3435//7004 3598//7003
f 3524//6212 3601//7005 3522//6210
f 3602//7006 3601//7005 3524//6212
f 3524//6212 3526//6213 3602//7006
f 3440//7008 3438//7007 3602//7006
f 3602//7006 3605//7009 3440//7008
f 3441//7010 3440//7008 3605//7009
f 3605//7009 3602//7006 3526//6213
f 3526//6213 3528//6216 3605//7009
f 3528//6216 3441//7010 3605//7009
f 3528//6216 3443//7011 3441//7010
f 3528//6216 3530//6218 3443//7011
f 3530//6218 3607//7012 3443//7011
f 3531//6229 3607//7012 3530//6218
f 3445//7013 3443//7011 3607//7012
f 3607//7012 3609//7014 3445//7013
f 3447//7015 3445//7013 3609//7014
f 3609//7014 3611//7016 3447//7015
f 3449//7017 3447//7015 3611//7016
f 3534//6231 3607//7012 3531//6229
f 3609//7014 3607//7012 3534//6231
f 3535//6233 3609//7014 3534//6231
f 3611//7016 3609//7014 3535//6233
f 3535//6233 3537//6237 3611//7016
f 3537//6237 3449//7017 3611//7016
f 3537//6237 3451//7018 3449//7017
f 3453//7019 3451//7018 3537//6237
f 3537//6237 3539//6240 3453//7019
f 3699//4453 3792//7020 3700//7021
f 3707//7022 3800//4465 3704//4466
f 3707//7022 3709//7023 3800//4465
f 3709//7023 3803//7024 3800//4465
f 3803//7024 3515//4291 3800//4465
f 3803//7024 3542//4316 3515//4291
f 3711//7025 3803//7024 3709//7023
f 3544//4321 3529//4300 3811//4488
f 3715//6272 3824//6274 3719//7026
f 3722//7027 3832//6277 3546//4326
f 3832//6277 3545//4324 3546//4326
f 3722//7028 3719//7026 3832//6275
f 3719//7026 3824//6274 3832//6275
f 3547//4330 3548//4327 3726//7029
f 3726//7030 3724//7031 3547//4330
f 3546//4326 3547//4330 3724//7031
f 3724//7031 3722//7027 3546//4326
f 3836//4490 3838//7032 3811//4488
f 3838//7032 3544//4321 3811//4488
f 3838//7032 3549//4331 3544//4321
f 3550//4332 3549//4331 3838//7032
f 3838//7032 3836//4490 3729//4491
f 3729//4491 3731//7033 3838//7032
f 3731//7033 3841//7034 3838//7032
f 3841//7034 3550//4332 3838//7032
f 3841//7034 3551//4334 3550//4332
f 3731//7035 3734//7036 3841//7037
f 3548//7038 3552//7039 3737//7040
f 3737//7040 3726//7030 3548//7038
f 3739//7041 3737//7040 3841//7042
f 3737//7040 3551//7043 3841//7042
f 3737//7040 3552//7039 3551//7043
f 3553//4337 3542//4316 3803//7024
f 3803//7024 3846//7044 3553//4337
f 3554//4339 3553//4337 3846//7044
f 3743//7045 3803//7024 3711//7046
f 3846//7044 3803//7024 3743//7045
f 3743//7047 3745//7048 3846//7049
f 3745//7048 3554//4339 3846//7049
f 3745//7048 3848//7050 3554//4339
f 3848//7050 3555//4341 3554//4339
f 3500//4342 3555//4341 3848//7050
f 3750//7051 3851//7052 3748//7053
f 3745//7054 3853//7055 3848//7050
f 3745//7054 3748//7053 3853//7055
f 3748//7053 3851//7052 3853//7055
f 3754//6284 3851//7056 3750//7057
f 3854//6285 3851//7056 3754//6284
f 3853//7055 3851//7056 3854//6285
f 3854//6285 3858//6287 3853//7055
f 3500//4342 3848//7050 3853//7055
f 3853//7055 3502//6977 3500//4342
f 3858//6287 3502//6977 3853//7055
f 3858//6287 3504//6982 3502//6977
f 3858//6287 3862//6289 3504//6982
f 3506//6292 3504//6982 3862//6289
f 3760//7058 3865//6288 3757//6290
f 3760//7058 3867//6293 3865//6288
f 3760//7058 3761//7059 3867//6293
f 3761//7059 3868//7060 3867//6293
f 3791//6191 3868//7060 3761//7059
f 3761//7059 3763//7061 3791//6191
f 3870//6294 3867//6293 3868//7060
f 3868//7060 3872//7062 3870//6294
f 3510//6993 3870//6294 3872//7062
f 3508//6295 3870//6294 3510//6993
f 3872//7062 3868//7060 3791//6191
f 3791//6191 3794//6190 3872//7062
f 3794//6190 3799//6194 3872//7062
f 3799//6194 3512//6995 3872//7062
f 3512//6995 3510//6993 3872//7062
f 3514//6200 3512//6995 3799//6194
f 3766//7063 3841//7064 3734//7065
f 3739//7041 3841//7066 3766//7067
f 3701//6189 3791//6191 3763//7061
f 4999//7068 4931//7069 4934//7070
f 4940//7071 4931//7069 4999//7068
f 4999//7068 5003//7072 4940//7071
f 5005//7073 4940//7071 5003//7072
f 4942//7074 4940//7071 5005//7073
f 5007//7075 4944//7076 4948//7077
f 5001//5395 4944//7076 5007//7075
f 4941//5394 4944//7076 5001//5395
f 4974//7078 4948//7077 5005//7073
f 4948//7077 4942//7074 5005//7073
f 4974//7078 4970//7079 4948//7077
f 4970//7079 5007//7075 4948//7077
f 4967//5399 5007//7075 4970//7079
f 5001//5395 5007//7075 4967//5399
f 5474//7080 5420//6603 5424//6602
f 5477//7081 5420//6603 5474//7080
f 5426//6604 5420//6603 5477//7081
f 5474//7082 5424//7083 5428//6605
f 5477//7084 5428//6605 5430//6609
f 5474//7082 5428//6605 5477//7084
f 5432//6610 5426//6604 5477//7081
f 5477//7081 5481//7085 5432//6610
f 5435//6612 5432//6610 5481//7085
f 5481//7085 5484//7086 5435//6612
f 5421//6614 5481//7087 5430//6609
f 5481//7088 5477//7084 5430//6609
f 5421//6614 5487//7089 5481//7087
f 5490//7090 5481//7087 5487//7089
f 5484//7091 5481//7087 5490//7090
f 5436//7092 5435//6612 5484//7086
f 5484//7086 5495//7093 5436//7092
f 5498//7094 5436//7092 5495//7093
f 5437//7095 5436//7092 5498//7094
f 5500//7096 5484//7091 5490//7090
f 5495//7093 5484//7091 5500//7096
f 5502//7097 5495//7093 5500//7096
f 5498//7094 5495//7093 5502//7097
f 5504//7098 5437//7095 5498//7094
f 5439//7099 5437//7095 5504//7098
f 5472//7100 5439//7099 5504//7098
f 5411//7101 5439//7099 5472//7100
f 5504//7098 5498//7094 5502//7097
f 5502//7097 5506//7102 5504//7098
f 5472//7100 5504//7098 5506//7102
f 5506//7102 5485//7103 5472//7100
f 1331//6472 1340//7104 1330//6468
f 1341//7105 1340//7104 1331//6472
f 1332//6473 1341//7105 1331//6472
f 1342//7106 1340//7104 1341//7105
f 1341//7105 1343//7107 1342//7106
f 1344//7108 1342//7106 1343//7107
f 1343//7107 1345//7109 1344//7108
f 1332//6473 1333//6475 1341//7105
f 1333//6475 1343//7107 1341//7105
f 1333//6475 1346//7110 1343//7107
f 1347//7111 1343//7107 1346//7110
f 1345//7109 1343//7107 1347//7111
f 1349//7112 1344//7108 1345//7109
f 1348//7113 1344//7108 1349//7112
f 1335//6480 1348//7113 1349//7112
f 1335//6480 1350//7114 1348//7113
f 1335//6480 1334//6481 1350//7114
f 1337//6478 1345//7109 1347//7111
f 1337//6478 1336//6477 1345//7109
f 1336//6477 1349//7112 1345//7109
f 1335//6480 1349//7112 1336//6477
f 1338//7115 1346//7110 1333//6475
f 1347//7111 1346//7110 1338//7115
f 1338//7115 1339//7116 1347//7111
f 1337//6478 1347//7111 1339//7116
f 1717//2866 1484//2546 1728//5746
f 1717//2866 1719//2873 1484//2546
f 1719//2873 1485//2544 1484//2546
f 1719//2873 1539//2580 1485//2544
f 1539//2580 1592//6706 1485//2544
f 1592//6706 1593//5747 1485//2544
f 1593//5747 1486//2547 1485//2544
f 1719//2873 1638//2578 1539//2580
f 1413//2400 1558//7117 1703//7118
f 1412//2401 1558//7117 1413//2400
f 1415//7119 1413//7120 1703//7121
f 1414//7122 1413//7123 1415//7124
f 1722//7125 1533//2573 1489//2549
f 1533//2573 1588//7126 1489//2549
f 1588//7126 1455//7127 1489//2549
f 1722//7125 1635//2574 1533//2573
f 1658//2618 1489//2549 1562//2621
f 1489//2549 1611//6740 1562//2621
f 1489//2549 1424//2554 1611//6740
f 1658//2618 1722//7125 1489//2549
f 1606//7128 1425//7129 1604//7130
f 1425//7129 1559//7131 1604//7130
f 1425//7129 1426//7132 1559//7131
f 1426//2465 1703//7133 1559//7134
f 1426//2465 1415//2464 1703//7133
f 1606//7128 1427//7135 1425//7129
f 1610//6738 1428//7136 1609//6739
f 1428//7136 1606//7128 1609//6739
f 1428//7136 1427//7135 1606//7128
f 1610//6738 1429//2470 1428//2468
f 1610//6738 1423//2455 1429//2470
f 1878//7137 1966//2854 1876//2851
f 1878//7137 1881//7138 1966//2854
f 1881//7138 1767//7139 1966//2854
f 1881//7140 1769//5788 1767//7141
f 1884//7142 1769//5788 1881//7140
f 1772//5789 1769//5788 1884//7142
f 1888//7143 1772//5789 1884//7142
f 1774//5794 1772//5795 1888//7144
f 1888//7144 1890//7145 1774//5794
f 1890//7145 1970//7146 1774//5794
f 1970//7146 1776//5796 1774//5794
f 1781//5797 1780//2709 1973//2818
f 1975//7147 1784//5800 1786//5799
f 1896//7148 1786//5799 1787//5803
f 1896//7148 1975//7147 1786//5799
f 1896//7148 1894//7149 1975//7147
f 1900//7150 1898//7151 1975//7147
f 1898//7151 1784//5800 1975//7147
f 1898//7151 1790//5807 1784//5800
f 1898//7151 1792//5808 1790//5807
f 1898//7152 1978//7153 1792//5808
f 1898//7152 1902//7154 1978//7153
f 1900//7155 1975//7147 1894//7149
f 1904//7156 1978//7153 1902//7154
f 1794//5809 1792//5808 1978//7153
f 1904//7156 1796//5811 1978//7153
f 1796//5811 1794//5809 1978//7153
f 1904//7156 1906//7157 1796//5811
f 1906//7157 1980//7158 1796//5811
f 1798//5813 1796//5811 1980//7158
f 1909//2846 1781//5797 1973//2818
f 1909//2846 1799//5814 1781//5797
f 1909//2846 1910//7159 1799//5814
f 1801//5815 1799//5814 1910//7159
f 1910//7159 1911//7160 1801//5815
f 1914//7161 1801//5815 1911//7162
f 1804//5817 1801//5815 1914//7161
f 1896//7148 1804//5817 1914//7161
f 1787//5803 1804//5817 1896//7148
f 1916//2856 1983//2857 1918//7163
f 1920//7164 1918//7163 1807//5819
f 1918//7163 1983//2857 1807//5819
f 1983//2857 1806//2739 1807//5819
f 1920//7165 1809//7166 1921//7167
f 1807//5819 1809//5822 1920//7164
f 1921//7168 1811//5823 1924//7169
f 1809//5824 1811//5823 1921//7168
f 1811//5823 1813//5831 1926//7170
f 1926//7170 1924//7169 1811//5823
f 1985//7171 1980//7158 1906//7157
f 1906//7157 1928//7172 1985//7171
f 1985//7171 1798//5813 1980//7158
f 1985//7171 1815//5833 1798//5813
f 1985//7171 1986//7173 1815//5833
f 1930//7174 1985//7171 1928//7172
f 1930//7174 1932//7175 1985//7171
f 1932//7175 1988//7176 1985//7171
f 1988//7176 1986//7173 1985//7171
f 1813//7177 1817//7178 1934//7179
f 1934//7180 1926//7170 1813//5831
f 1936//7181 1817//7182 1991//7183
f 1817//7182 1819//5845 1991//7183
f 1936//7181 1934//7184 1817//7182
f 1937//7185 1988//7176 1932//7175
f 1991//7183 1819//5845 1821//5842
f 1942//7186 1823//5853 1970//7146
f 1823//5853 1776//5796 1970//7146
f 1942//7186 1940//7187 1823//5853
f 1944//7188 1823//5853 1940//7187
f 1824//5854 1823//5853 1944//7188
f 1946//7189 1824//5854 1944//7188
f 1825//7190 1824//5854 1946//7189
f 1826//7191 1825//7190 1946//7189
f 1946//7189 1948//7192 1826//7191
f 1950//7193 1828//7194 1951//7195
f 1827//7196 1828//7197 1950//7198
f 1950//7198 1829//7199 1827//7196
f 1950//7198 1993//7200 1829//7199
f 1950//7201 1936//7202 1993//7203
f 1936//7204 1991//7183 1993//7205
f 1828//5884 1826//5886 1948//7206
f 1948//7207 1951//7195 1828//7194
f 1830//7208 1829//7199 1993//7200
f 1995//7209 1991//7183 1831//5892
f 1991//7183 1821//5842 1831//5892
f 1995//7209 1993//7205 1991//7183
f 1995//7209 1831//5892 1832//5893
f 1830//7210 1993//7211 1995//7212
f 1995//7212 1833//5901 1830//7210
f 1995//7212 1832//5902 1833//5901
f 1834//5905 1815//5833 1986//7173
f 1988//7176 1834//5905 1986//7173
f 1988//7176 1835//5909 1834//5905
f 1988//7176 1997//7213 1835//5909
f 1836//5911 1835//5909 1997//7213
f 1997//7213 1988//7176 1937//7185
f 1937//7185 1954//7214 1997//7213
f 1954//7214 1836//5911 1997//7213
f 1954//7214 1837//5914 1836//5911
f 1954//7214 1956//7215 1837//7216
f 1957//7217 1837//7216 1956//7215
f 1838//5916 1837//7216 1957//7217
f 1957//7217 1958//7218 1838//5916
f 1958//7218 2000//7219 1838//5916
f 2000//7219 1839//5917 1838//5916
f 1959//7220 2000//7221 1958//7222
f 1961//7223 2001//7224 1960//7225
f 2003//7226 2001//7224 1961//7223
f 2003//7226 1841//5919 2001//7224
f 1841//5919 1840//5921 2001//7224
f 2003//7226 2004//7227 1841//5919
f 1962//7228 2003//7226 1961//7229
f 1963//7230 2003//7226 1962//7228
f 2004//7227 2003//7226 1963//7230
f 1938//2836 1908//2805 1998//2837
f 1908//2805 1982//2807 1998//2837
f 1982//2807 1810//2722 1998//2837
f 1982//2807 1785//7231 1810//2722
f 1785//7231 1635//7232 1810//2722
f 1635//7232 1722//7125 1810//2722
f 1722//7125 1861//2723 1810//2722
f 1861//2723 1722//7125 1658//2618
f 2005//7233 1970//7146 1890//7145
f 1942//7186 1970//7146 2005//7233
f 1718//5771 1870//5898 1871//5900
f 1678//5770 1870//5898 1718//5771
f 1959//7234 2001//7224 2000//7235
f 2001//7236 1839//7237 2000//7238
f 2001//7224 1840//5921 1839//7239
f 1840//5921 1720//5776 1839//7239
f 1720//5776 1688//5775 1839//5917
f 1840//5921 1874//5920 1720//5776
f 1959//7234 1960//7225 2001//7224
f 1721//5777 1720//5776 1874//5920
f 1874//5920 2016//7240 1721//5777
f 1871//5900 1690//5782 1718//5771
f 1961//7223 2122//7241 2125//7242
f 1960//7225 2122//7241 1961//7223
f 2026//5926 2126//7243 2125//7242
f 2126//7243 1961//7223 2125//7242
f 2126//7243 1962//7244 1961//7223
f 2026//5926 2029//5925 2126//7243
f 2129//6871 1962//7244 2126//7243
f 1963//6870 1962//7244 2129//6871
f 2032//5928 2126//7243 2029//5925
f 2032//5928 2035//5930 2126//7243
f 2035//5930 2129//6871 2126//7243
f 2035//7245 2131//7246 2129//7247
f 2042//5933 2131//7248 2035//5930
f 2131//7249 1880//6869 2129//6871
f 2131//7250 2134//7251 1880//7252
f 2134//7253 1883//7254 1880//7255
f 1887//7256 1883//7254 2134//7253
f 2134//7253 2136//7257 1887//7256
f 2134//7258 2131//7259 2042//7260
f 2042//5933 2045//5935 2134//7253
f 2136//7257 2134//7253 2045//5935
f 2045//5935 2048//5937 2136//7257
f 2136//7257 1964//6881 1887//7256
f 2136//7257 2138//6882 1964//6881
f 2136//7257 2140//7261 2138//6882
f 2057//5944 2142//6883 2140//7261
f 2142//6883 2138//6882 2140//7261
f 2057//5944 2053//5943 2142//6883
f 2140//7261 2136//7257 2048//5937
f 2048//5937 2060//5945 2140//7261
f 2057//5944 2140//7261 2060//5945
f 2253//3192 2219//3110 2091//3017
f 2219//3110 2061//2948 2091//3017
f 2061//2948 1908//2805 2091//3017
f 1908//2805 1938//2836 2091//3017
f 2087//7262 2096//3020 1935//2842
f 2096//3020 1943//2841 1935//2842
f 2087//7262 2299//3194 2096//3020
f 2250//7263 2300//7264 2255//7265
f 2005//7266 1890//7267 2128//7268
f 2128//7268 1942//7269 2005//7266
f 1960//7225 1959//7234 2122//7241
f 2501//7270 2606//7271 2499//7272
f 2499//7272 2606//7271 2503//7273
f 2506//7274 2606//7271 2501//7270
f 2503//7273 2606//7271 2506//7274
f 2611//3526 2610//3521 2510//3520
f 2510//3520 2512//3648 2611//3526
f 2514//3527 2611//3526 2512//3648
f 2518//3653 2615//3531 2517//3532
f 2521//3656 2615//3531 2518//3653
f 2617//3529 2615//3531 2521//3656
f 2526//3678 2621//7275 2524//3679
f 2621//7275 2623//7276 2528//3680
f 2528//3680 2524//3679 2621//7275
f 2526//3678 2628//3582 2621//7275
f 2526//3678 2531//3535 2628//3582
f 2531//3535 2627//3534 2628//3582
f 2628//3582 2623//7276 2621//7275
f 2628//3582 2356//3243 2623//7276
f 2356//3243 2355//3245 2623//7276
f 2537//3684 2630//7277 2535//3681
f 2521//3656 2632//3538 2617//3529
f 2521//3656 2535//3681 2632//3538
f 2535//3681 2630//7277 2632//3538
f 2540//3685 2630//7277 2537//3684
f 2634//7278 2630//7277 2540//3685
f 2636//3536 2630//7277 2634//7278
f 2632//3538 2630//7277 2636//3536
f 2540//3685 2623//7276 2634//7278
f 2623//7276 2638//7279 2634//7278
f 2540//3685 2528//3680 2623//7276
f 2636//3536 2634//7278 2638//7279
f 2638//7279 2640//3541 2636//3536
f 2357//3592 2642//3591 2355//7280
f 2642//7281 2638//7279 2355//3245
f 2638//7279 2623//7276 2355//3245
f 2644//7282 2638//7279 2642//7281
f 2640//3541 2638//7279 2644//7282
f 2651//7283 2646//3530 2650//3539
f 2648//3555 2646//3530 2651//7283
f 2651//7283 2360//3249 2648//3555
f 2360//7284 2653//3553 2648//3552
f 2651//7283 2363//3247 2360//3249
f 2651//7283 2650//3539 2654//3537
f 2654//3537 2655//7285 2651//7283
f 2655//7285 2366//3250 2651//7283
f 2366//3250 2363//3247 2651//7283
f 2655//7285 2657//7286 2366//3250
f 2653//3553 2360//7284 2368//7287
f 2368//3251 2658//3557 2653//3553
f 2368//3251 2370//3253 2658//3557
f 2372//3255 2366//3250 2657//7286
f 2547//3688 2654//3537 2545//3543
f 2655//7285 2654//3537 2547//3688
f 2657//7286 2655//7285 2547//3688
f 2547//3688 2548//3689 2657//7286
f 2548//3689 2375//3259 2657//7286
f 2375//3259 2372//3255 2657//7286
f 2548//7288 2660//7289 2375//7290
f 2548//7291 2550//7292 2660//7293
f 2550//7292 2552//7294 2660//7293
f 2552//7295 2381//7296 2660//7297
f 2552//7295 2661//7298 2381//7296
f 2661//7299 2378//3267 2381//3266
f 2375//7300 2660//7301 2663//7302
f 2663//7302 2382//7303 2375//7300
f 2553//7304 2661//7305 2552//7306
f 2384//3274 2663//7307 2381//3275
f 2663//7308 2660//7309 2381//7310
f 2384//7311 2665//7312 2663//7313
f 2386//3284 2389//3286 2557//3707
f 2557//3707 2555//3558 2386//3284
f 2559//7314 2391//3287 2667//7315
f 2559//3711 2389//3286 2391//3287
f 2559//3711 2557//3707 2389//3286
f 2559//7314 2669//7316 2561//7317
f 2667//7315 2669//7316 2559//7314
f 2667//7315 2391//3287 2394//3288
f 2669//7316 2394//3288 2396//3289
f 2667//7315 2394//3288 2669//7316
f 2671//7318 2378//3267 2661//7299
f 2400//7319 2378//3267 2671//7318
f 2562//7320 2561//7321 2671//7322
f 2561//7323 2400//7324 2671//7325
f 2561//7326 2669//7327 2400//7328
f 2669//7316 2401//3307 2400//3304
f 2671//7318 2661//7299 2553//7329
f 2553//7330 2564//7331 2671//7322
f 2402//7332 2672//7333 2665//7312
f 2665//7312 2384//7311 2402//7332
f 2562//7320 2671//7322 2564//7331
f 2672//7334 2402//7335 2404//7336
f 2669//7316 2396//3289 2401//3307
f 2410//7337 2407//3321 2566//3601
f 2566//3601 2567//7338 2410//7337
f 2567//7338 2569//3604 2410//7337
f 2569//3604 2673//3603 2410//7337
f 2673//7339 2411//3324 2410//3322
f 2571//3597 2614//3404 2573//3767
f 2612//3406 2614//3404 2571//3597
f 2575//3770 2365//3336 2413//3335
f 2575//3770 2614//3404 2365//3336
f 2575//3770 2573//3767 2614//3404
f 2674//7340 2415//7341 2417//3347
f 2675//7342 2417//3347 2419//3346
f 2675//7342 2674//7340 2417//3347
f 2420//3350 2415//3349 2674//7340
f 2413//3354 2422//3353 2577//7343
f 2577//7344 2575//3770 2413//3335
f 2580//7345 2674//7340 2675//7342
f 2580//7345 2579//7346 2674//7340
f 2579//7346 2420//3350 2674//7340
f 2579//7346 2423//3356 2420//3350
f 2577//7347 2423//7348 2579//7349
f 2422//3352 2423//3356 2577//7350
f 2583//7351 2584//7352 2673//7353
f 2584//7352 2411//7354 2673//7353
f 2584//7352 2426//3357 2411//7354
f 2586//7355 2426//3357 2584//7352
f 2427//3358 2426//3357 2586//7355
f 2586//7355 2588//7356 2427//3358
f 2588//7356 2419//3346 2427//3358
f 2675//7342 2419//3346 2588//7356
f 2588//7356 2590//7357 2675//7342
f 2580//7345 2675//7342 2590//7357
f 2430//7358 2663//7302 2676//7359
f 2382//7303 2663//7302 2430//7358
f 2433//7360 2676//7361 2432//7362
f 2676//7361 2663//7363 2432//7362
f 2663//7364 2665//7365 2432//3397
f 2435//7366 2430//7367 2676//7368
f 2676//7369 2433//7370 2435//7371
f 2612//3406 2437//3378 2359//3377
f 2440//7372 2439//7373 2677//7374
f 2677//7375 2439//7376 2441//7377
f 2443//7378 2440//7379 2677//7380
f 2677//7381 2441//7382 2443//7383
f 2432//3397 2665//7365 2672//7384
f 2672//7384 2445//3398 2432//3397
f 2672//7384 2404//3312 2445//3398
f 2904//6185 2712//7385 2901//6184
f 2714//7386 2712//7385 2904//6185
f 2908//6187 2714//7386 2904//6185
f 2716//6032 2714//6031 2908//7387
f 2684//6135 2688//6894 3059//6963
f 3059//6963 3057//6136 2684//6135
f 3089//7388 2691//6896 2693//6895
f 3061//6965 2688//6894 3089//7388
f 2688//6894 2691//6896 3089//7388
f 3061//6965 3059//6963 2688//6894
f 3066//6967 3064//6969 2695//6898
f 3064//6969 3089//7388 2695//6898
f 3089//7388 2693//6895 2695//6898
f 3061//6965 3089//7388 3064//6969
f 2695//6898 2697//6899 3068//6970
f 3068//6970 3066//6967 2695//6898
f 2908//7387 3071//7389 2716//6032
f 3071//7389 2700//6900 2716//6032
f 2700//6900 2822//6029 2716//6032
f 2700//6900 2542//6026 2822//6029
f 3068//6970 2700//6900 3071//7390
f 2697//6899 2700//6900 3068//6970
f 3415//4277 3417//6984 3284//4276
f 3417//6984 3468//7391 3284//4276
f 3468//7391 3286//6933 3284//4276
f 3288//6934 3286//6933 3468//7391
f 3470//7392 3468//7393 3417//6985
f 3417//6985 3419//6986 3470//7392
f 3290//6938 3468//7393 3470//7392
f 3288//6937 3468//7393 3290//6938
f 3471//7394 3470//7392 3419//6986
f 3419//6986 3422//6987 3471//7394
f 3292//6940 3470//7392 3471//7394
f 3290//6938 3470//7392 3292//6940
f 3295//6944 3293//6943 3474//7395
f 3474//7395 3475//7396 3295//6944
f 3297//6945 3295//6944 3475//7396
f 3425//6991 3474//7395 3424//6989
f 3475//7396 3474//7395 3425//6991
f 3425//6991 3297//6945 3475//7396
f 3425//6991 3427//6992 3297//6945
f 3427//6992 3299//6947 3297//6945
f 3427//6992 3477//7397 3299//6947
f 3429//6997 3477//7397 3427//6992
f 3300//6949 3299//6947 3477//7397
f 3429//6997 3431//7000 3477//7397
f 3431//7000 3300//6949 3477//7397
f 3431//7000 3301//6954 3300//6949
f 3431//7000 3480//7398 3301//6954
f 3480//7398 3302//6955 3301//7399
f 3431//7000 3433//7002 3480//7398
f 3435//7004 3480//7398 3433//7002
f 3482//7400 3480//7398 3435//7004
f 3484//7401 3302//6955 3480//7398
f 3303//6956 3302//6955 3484//7401
f 3304//6958 3303//6956 3484//7401
f 3486//7402 3480//7398 3482//7400
f 3484//7401 3480//7398 3486//7402
f 3243//6960 3484//7401 3486//7402
f 3304//6958 3484//7401 3243//6960
f 3438//7007 3482//7400 3435//7004
f 3486//7402 3482//7400 3438//7007
f 3438//7007 3440//7008 3486//7402
f 3440//7008 3441//7010 3486//7402
f 3441//7010 3488//7403 3486//7402
f 3488//7403 3243//6960 3486//7402
f 3488//7403 3245//7404 3243//6960
f 3443//7011 3488//7403 3441//7010
f 3249//7405 3245//7404 3488//7403
f 3488//7403 3490//7406 3249//7405
f 3252//7407 3249//7405 3490//7406
f 3490//7406 3488//7403 3443//7011
f 3443//7011 3445//7013 3490//7406
f 3445//7013 3447//7015 3490//7406
f 3447//7015 3252//7407 3490//7406
f 3447//7015 3255//7408 3252//7407
f 3447//7015 3492//7409 3255//7408
f 3492//7409 3259//7410 3255//7408
f 3447//7015 3449//7017 3492//7409
f 3262//7411 3259//7410 3492//7409
f 3451//7018 3492//7409 3449//7017
f 3451//7018 3453//7019 3492//7409
f 3453//7019 3266//7412 3492//7409
f 3266//7412 3262//7411 3492//7409
f 4307//7413 4039//6251 4305//7414
f 4041//6252 4039//6251 4307//7413
f 4043//6253 4041//6252 4307//7413
f 4279//7415 4309//7416 4305//7414
f 4309//7416 4307//7413 4305//7414
f 4279//7415 4281//7417 4309//7416
f 4309//7416 4043//6253 4307//7413
f 4309//7416 4044//6256 4043//6253
f 4309//7416 4311//7418 4044//6256
f 4047//6257 4044//6256 4311//7418
f 4284//7419 4309//7416 4281//7417
f 4314//7420 4309//7416 4284//7419
f 4311//7418 4309//7416 4314//7420
f 4314//7420 4316//7421 4311//7418
f 4286//7422 4314//7423 4284//7424
f 4316//7425 4314//7423 4286//7422
f 4286//7422 4289//7426 4316//7425
f 4291//7427 4078//4735 4316//7425
f 4078//4735 4168//4730 4316//7425
f 4168//4730 4047//6257 4316//7428
f 4047//6257 4311//7418 4316//7429
f 4168//4730 3946//4729 4047//6257
f 4291//7427 4177//4770 4078//4735
f 4291//7427 4316//7425 4289//7426
f 4172//4750 3889//4751 4049//6259
f 4260//7430 4205//7431 4199//7432
f 4107//4759 4101//4755 3959//4756
f 4101//4755 4049//6259 3959//4756
f 4101//4755 4172//4750 4049//6259
f 4107//4759 4262//4800 4101//4755
f 4142//7433 4104//7434 4106//7435
f 4104//7434 4265//7436 4106//7435
f 4142//7433 4141//7437 4104//7434
f 4142//7433 3920//6278 4141//7437
f 3920//6278 4135//7438 4141//7437
f 4142//7433 3934//6279 3920//6278
f 4231//7439 4229//7440 4237//7441
f 4272//7442 4229//7443 4231//7444
f 4625//7445 4332//7446 4623//7447
f 4335//7448 4332//7446 4625//7445
f 4336//7449 4335//7448 4625//7445
f 4625//7445 4623//7447 4624//7450
f 4624//7450 4626//7451 4625//7445
f 4626//7451 4336//7449 4625//7445
f 4626//7451 4338//7452 4336//7449
f 4626//7451 4627//7453 4338//7452
f 4628//7454 4338//7452 4627//7453
f 4340//7455 4338//7452 4628//7454
f 4629//7456 4340//7455 4628//7454
f 4341//7457 4340//7455 4629//7456
f 4342//7458 4341//7457 4629//7456
f 4626//7451 4624//7450 4605//7459
f 4605//7459 4606//7460 4626//7451
f 4627//7453 4626//7451 4606//7460
f 4606//7460 4608//7461 4627//7453
f 4628//7454 4627//7453 4608//7461
f 4608//7461 4609//7462 4628//7454
f 4629//7456 4628//7454 4609//7462
f 4609//7462 4611//7463 4629//7456
f 4611//7463 4342//7458 4629//7456
f 4611//7463 4612//7464 4342//7458
f 4612//7464 4344//7465 4342//7458
f 4612//7464 4630//7466 4344//7465
f 4346//7467 4344//7465 4630//7466
f 4613//7468 4630//7466 4612//7464
f 4613//7468 4346//7467 4630//7466
f 4613//7468 4614//7469 4346//7467
f 4614//7469 4348//7470 4346//7467
f 4614//7469 4590//7471 4348//7470
f 4558//5133 4590//7471 4614//7469
f 4591//7472 4348//7470 4590//7471
f 4591//7472 4484//7473 4348//7470
f 4484//7473 4279//7415 4348//7470
f 4484//7473 4512//7474 4279//7415
f 5297//5513 5298//7475 5241//5514
f 5298//7475 5242//7476 5241//5514
f 5298//7475 5330//7477 5242//7476
f 5244//7478 5242//7476 5330//7477
f 5330//7477 5332//7479 5244//7478
f 5301//7480 5330//7477 5298//7475
f 5303//7481 5330//7477 5301//7480
f 5332//7479 5330//7477 5303//7481
f 5333//7482 5244//7478 5332//7479
f 5247//7483 5244//7478 5333//7482
f 5249//7484 5247//7483 5333//7482
f 5333//7482 5334//7485 5249//7484
f 5333//7482 5332//7479 5303//7481
f 5303//7481 5304//7486 5333//7482
f 5334//7485 5333//7482 5304//7486
f 5304//7486 5305//7487 5334//7485
f 5335//7488 5249//7484 5334//7485
f 5250//7489 5249//7484 5335//7488
f 5336//7490 5250//7489 5335//7488
f 5251//7491 5250//7489 5336//7490
f 5335//7488 5334//7485 5305//7487
f 5305//7487 5306//7492 5335//7488
f 5307//7493 5335//7488 5306//7492
f 5336//7490 5335//7488 5307//7493
f 5337//7494 5251//7491 5336//7490
f 5252//7495 5251//7491 5337//7494
f 5311//7496 5252//7495 5337//7494
f 5311//7496 5254//7497 5252//7495
f 5311//7496 5309//7498 5254//7497
f 5312//7499 5336//7490 5307//7493
f 5337//7494 5336//7490 5312//7499
f 5311//7496 5337//7494 5312//7499
f 5338//7500 5257//7501 5258//7502
f 5260//7503 5257//7501 5338//7500
f 5338//7500 5339//7504 5260//7503
f 5329//7505 5260//7503 5339//7504
f 5262//7506 5260//7503 5329//7505
f 5309//7498 5313//7507 5254//7497
f 5313//7507 5267//7508 5254//7497
f 5313//7507 5340//7509 5267//7508
f 5269//7510 5267//7508 5340//7509
f 5340//7509 5341//7511 5269//7510
f 5314//7512 5340//7509 5313//7507
f 5341//7511 5340//7509 5314//7512
f 5314//7512 5315//7513 5341//7511
f 5319//7514 5269//7510 5341//7511
f 5319//7514 5271//7515 5269//7510
f 5319//7514 5318//7516 5271//7515
f 5318//7516 5258//7502 5271//7515
f 5318//7516 5321//7517 5258//7502
f 5321//7517 5338//7500 5258//7502
f 5319//7514 5341//7511 5315//7513
f 5339//7504 5338//7500 5321//7517
f 5321//7517 5323//7518 5339//7504
f 5329//7505 5339//7504 5323//7518
f 5323//7518 5296//7519 5329//7505
f 1085//1895 1084//1894 1208//7520
f 1208//7520 1084//1894 1086//1896
f 1089//1901 1087//1898 1209//7521
f 1088//7522 1087//7523 1089//7524
f 1168//1990 1090//1903 1209//7521
f 1090//1903 1089//1901 1209//7521
f 1168//1990 1091//1905 1090//1903
f 1210//7525 1092//1906 1208//7520
f 1092//1906 1085//1895 1208//7520
f 1210//7525 1209//7521 1092//1906
f 1209//7521 1087//1898 1092//1906
f 1211//7526 1093//1907 1094//1909
f 1211//7526 1210//7525 1093//1907
f 1210//7525 1208//7520 1093//1907
f 1208//7520 1086//1896 1093//1907
f 1201//2066 1199//2063 1210//7525
f 1199//2063 1209//7521 1210//7525
f 1199//2063 1152//1991 1209//7521
f 1152//1991 1168//1990 1209//7521
f 1206//6679 1202//2069 1211//7526
f 1202//2069 1210//7525 1211//7526
f 1202//2069 1201//2066 1210//7525
f 1206//6679 1193//2071 1202//2069
f 1097//7527 1211//7526 1096//7528
f 1211//7526 1095//7529 1096//7528
f 1211//7526 1094//1909 1095//7529
f 1207//7530 1098//7531 1099//7532
f 1207//6683 1206//6682 1098//7533
f 1206//6682 1211//7526 1098//7533
f 1211//7526 1097//7527 1098//7533
f 1169//1989 1100//1917 1168//1990
f 1100//1917 1091//1905 1168//1990
f 1169//1989 1101//1918 1100//1917
f 1197//7534 1207//7530 1204//2089
f 1207//7530 1160//2019 1204//2089
f 1207//7530 1111//1940 1160//2019
f 1111//1940 1112//1941 1160//2019
f 1207//7530 1099//7532 1111//1940
f 1883//7254 1967//7535 1880//7255
f 1968//7536 1967//7535 1883//7254
f 1883//7254 1887//7256 1968//7536
f 1963//7230 1880//7537 2004//7227
f 1880//7255 1967//7535 2004//7227
f 1967//7535 2016//7240 2004//7227
f 2016//7240 1841//5919 2004//7227
f 2016//7240 1874//5920 1841//5919
f 1967//7535 1968//7536 2016//7240
f 2019//7538 1723//5784 1724//5783
f 2011//6874 2009//6873 2019//7538
f 2009//6873 2021//5961 2019//7538
f 2021//5961 1723//5784 2019//7538
f 2021//5961 1725//5786 1723//5784
f 2016//7240 1724//5783 1721//5777
f 2016//7240 2019//7538 1724//5783
f 2016//7240 2022//7539 2019//7538
f 2019//7538 2022//7539 2013//6876
f 2013//6876 2011//6874 2019//7538
f 2014//5966 2021//5961 2009//6873
f 1964//6881 2016//7240 1968//7536
f 1964//6881 2015//6880 2016//7240
f 2015//6880 2022//7539 2016//7240
f 2013//6876 2022//7539 2015//6880
f 1964//6881 1968//7536 1887//7256
f 2359//3377 2254//7540 2362//3405
f 2247//7541 2254//7540 2359//3377
f 2255//7542 2249//7543 2447//7544
f 2362//7545 2234//3337 2365//3336
f 2254//7546 2234//3337 2362//7545
f 2374//7547 2451//7548 2371//7549
f 2377//3439 2371//3438 2256//7550
f 2371//7549 2257//3201 2256//3202
f 2371//7549 2451//7548 2257//3201
f 2454//7551 2451//7552 2374//3444
f 2374//3444 2380//3441 2454//7551
f 2178//3204 2451//7552 2454//7551
f 2257//3203 2451//7552 2178//3204
f 2258//7553 2457//3573 2460//7554
f 2227//3576 2457//3573 2258//7553
f 2260//3210 2259//7555 2462//7556
f 2464//7557 2258//7553 2460//7554
f 2464//7557 2259//7558 2258//7553
f 2464//7559 2462//7556 2259//7555
f 2385//3447 2377//3436 2462//7556
f 2377//7560 2260//3210 2462//7556
f 2377//7560 2256//3202 2260//3210
f 2388//3448 2464//7561 2466//7562
f 2388//3448 2385//3447 2464//7561
f 2385//3447 2462//7556 2464//7559
f 2388//3448 2466//7562 2392//3452
f 2398//7563 2469//7564 2397//7565
f 2399//3459 2469//7566 2398//3455
f 2380//7567 2469//7564 2454//7568
f 2469//7564 2471//7569 2454//7568
f 2380//7567 2397//7565 2469//7564
f 2471//7569 2178//7570 2454//7568
f 2471//7571 2181//7572 2178//7573
f 2471//7574 2473//7575 2181//7576
f 2399//3459 2403//3462 2469//7566
f 2403//3462 2471//7574 2469//7566
f 2403//3462 2474//7577 2471//7574
f 2406//3465 2473//7575 2474//7577
f 2473//7575 2471//7574 2474//7577
f 2406//3465 2405//3464 2473//7575
f 2409//7578 2474//7577 2403//3462
f 2406//3465 2474//7577 2409//7578
f 2184//7579 2181//7580 2473//7581
f 2412//3477 2477//7582 2414//3476
f 2405//3464 2416//7583 2473//7575
f 2416//7584 2184//7585 2473//7586
f 2416//7587 2188//6758 2184//6756
f 2416//3485 2414//3476 2188//7588
f 2414//7589 2477//7590 2188//7591
f 2477//7582 2192//7592 2188//7593
f 2424//7594 2480//7595 2421//7596
f 2482//7597 2480//7595 2424//7594
f 2425//7598 2482//7597 2424//7594
f 2480//7595 2482//7597 2485//7599
f 2485//7599 2484//7600 2480//7595
f 2425//7598 2485//7599 2482//7597
f 2425//7601 2206//6792 2485//7599
f 2425//7601 2204//6793 2206//6792
f 2425//3495 2428//3496 2204//7602
f 2487//7603 2208//7604 2210//7605
f 2488//7606 2208//6801 2487//7607
f 2212//6802 2208//6801 2488//7606
f 2428//7608 2210//6805 2204//6793
f 2428//7609 2487//7610 2210//7611
f 2428//7612 2429//3500 2487//7607
f 2488//7606 2487//7607 2429//3500
f 2429//3500 2431//3504 2488//7606
f 2489//7613 2485//7599 2490//7614
f 2484//7600 2485//7599 2489//7613
f 2485//7599 2206//6792 2214//6821
f 2214//6821 2490//7614 2485//7599
f 2218//6817 2489//7613 2216//6815
f 2489//7613 2490//7614 2216//6815
f 2218//6817 2493//6888 2489//7613
f 2490//7614 2214//6821 2216//6815
f 2220//6831 2212//6829 2488//7606
f 2431//3504 2220//6831 2488//7606
f 2431//3504 2434//3510 2220//6831
f 2434//3510 2495//7615 2220//6831
f 2495//7615 2222//6834 2220//6831
f 2224//6835 2222//6834 2495//7615
f 2496//7616 2495//7615 2434//3510
f 2434//3510 2436//3511 2496//7616
f 2496//7616 2224//6835 2495//7615
f 2496//7616 2226//6840 2224//6835
f 2496//7616 2497//7617 2226//6840
f 2438//3512 2496//7616 2436//3511
f 2497//7617 2496//7616 2438//3512
f 2438//3512 2442//3514 2497//7617
f 2228//6846 2226//6840 2497//7617
f 2442//3514 2444//3516 2497//7617
f 2444//3516 2228//6846 2497//7617
f 2444//3516 2229//6849 2228//6846
f 2444//3516 2498//6891 2229//6849
f 2448//6892 2229//6849 2498//6891
f 2232//6850 2229//6849 2448//6892
f 2583//6901 2673//7618 2679//6902
f 2447//7619 2250//7620 2255//7621
f 2484//7600 2460//7554 2480//7595
f 2460//7554 2421//7596 2480//7595
f 2460//7554 2457//3573 2421//7596
f 2457//3573 2659//3491 2421//3490
f 2484//7600 2464//7561 2460//7554
f 2493//6888 2392//3452 2489//7613
f 2392//3452 2466//7562 2489//7613
f 2466//7562 2464//7561 2489//7613
f 2464//7561 2484//7600 2489//7613
f 2493//6888 2643//3451 2392//3452
f 2493//6888 2200//6763 2643//3451
f 2200//6763 2412//3477 2643//3451
f 2200//6763 2477//7582 2412//3477
f 2200//6763 2202//6770 2477//7582
f 2202//6770 2192//7592 2477//7582
f 2493//6888 2198//6761 2200//6763
f 2568//3489 2659//3491 2596//3579
f 2575//3770 2577//7344 2722//6039
f 2722//6039 2719//3769 2575//3770
f 2726//7622 2580//7623 2728//7624
f 2579//7625 2580//7626 2726//7627
f 2577//7344 2579//7628 2726//6041
f 2726//6041 2722//6039 2577//7344
f 2734//3763 2584//7352 2827//7629
f 2584//7352 2583//7630 2827//7629
f 2734//3763 2737//6043 2584//7352
f 2738//6044 2584//7352 2737//6043
f 2586//7355 2584//7352 2738//6044
f 2743//7631 2586//7355 2738//6044
f 2588//7356 2586//7355 2743//7631
f 2590//7632 2588//7633 2743//7634
f 2743//7634 2745//7635 2590//7632
f 2728//7636 2590//7632 2745//7635
f 2580//7637 2590//7632 2728//7636
f 2750//3693 2839//3694 2753//3970
f 2762//6074 2847//7638 2760//7639
f 2847//7638 2851//7640 2764//7641
f 2764//7641 2760//7639 2847//7638
f 2762//6074 2507//3400 2847//7638
f 2507//3400 2505//3402 2847//7638
f 2762//6074 2769//6075 2507//3400
f 2509//3403 2847//7638 2505//3402
f 2509//3403 2851//7640 2847//7638
f 2509//3403 2852//7642 2851//7643
f 2513//7644 2507//3400 2769//6075
f 2769//6075 2775//6078 2513//7645
f 2852//7642 2509//3403 2515//3409
f 2777//7646 2513//7647 2775//7648
f 2519//7649 2513//7647 2777//7646
f 2522//7650 2519//7651 2777//6081
f 2777//6081 2781//6086 2522//7650
f 2784//6087 2522//7650 2781//6086
f 2525//7652 2522//7650 2784//6087
f 2789//7653 2532//7654 2530//7655
f 2789//7656 2764//7641 2532//7657
f 2764//7641 2851//7640 2532//7657
f 2789//6089 2536//7658 2791//6093
f 2530//7655 2536//7659 2789//7653
f 2532//3420 2851//7660 2852//7661
f 2852//7661 2538//3426 2532//3420
f 2794//6097 2541//3435 2863//7662
f 2794//6097 2536//7663 2541//3435
f 2794//6097 2791//6093 2536//7658
f 2863//7662 2543//3437 2865//7664
f 2541//3435 2543//3437 2863//7662
f 2794//6097 2863//7662 2796//6100
f 2798//6101 2865//7664 2869//7665
f 2798//6101 2796//6100 2865//7664
f 2796//6100 2863//7662 2865//7664
f 2865//7664 2543//3437 2549//3445
f 2869//7665 2549//3445 2551//3450
f 2865//7664 2549//3445 2869//7665
f 2515//3453 2538//3426 2852//7661
f 2801//6115 2872//6907 2803//6114
f 2869//6911 2874//6910 2806//6118
f 2806//6118 2798//6117 2869//6911
f 2877//6906 2872//6907 2801//6115
f 2801//6115 2808//6119 2877//6906
f 2808//6119 2879//6904 2877//6906
f 2808//6119 2806//6118 2879//6904
f 2806//6118 2874//6910 2879//6904
f 2554//7666 2525//7652 2784//6087
f 2784//6087 2811//6120 2554//7666
f 2811//6120 2803//6114 2554//7666
f 2803//6114 2556//6908 2554//7667
f 2803//6114 2872//6907 2556//6908
f 2568//7668 2596//3747 2800//3746
f 2800//3746 2814//6121 2568//7668
f 2815//6122 2568//7668 2814//6121
f 2570//7669 2568//7668 2815//6122
f 2572//3497 2570//7669 2815//6122
f 2815//6122 2816//6124 2572//3497
f 2717//6126 2572//3497 2816//6124
f 2574//3498 2572//3497 2717//6126
f 3306//4193 3319//4091 3251//4092
f 3306//4193 3305//4190 3319//4091
f 3305//4190 3151//3999 3319//4091
f 3305//4190 3143//3995 3151//3999
f 3143//3995 2916//3816 3151//3999
f 2916//3816 2918//3823 3151//3999
f 3143//3995 2914//3817 2916//3816
f 3305//4190 3242//4087 3143//3995
f 3352//7670 3387//7671 3385//4169
f 3387//7671 3386//4170 3385//4169
f 3352//7670 3353//7672 3387//7671
f 3082//3956 3386//4170 3387//7671
f 3074//3925 3386//4170 3082//3956
f 3355//7673 3387//7671 3353//7672
f 3355//7673 3357//7674 3387//7671
f 3357//7674 3082//3956 3387//7671
f 3357//7674 3083//3958 3082//3956
f 3084//3959 3083//3958 3357//7674
f 3357//7674 3359//7675 3084//3965
f 3359//7675 3085//3963 3084//3965
f 3359//7675 3388//7676 3085//7677
f 3359//7675 3360//7678 3388//7676
f 3307//4220 3388//7676 3360//7678
f 3227//7679 3339//7680 3166//7681
f 2964//3895 3085//3971 3388//7682
f 3307//4220 3227//7683 3388//7676
f 3227//4029 2965//3894 3388//7684
f 2965//3894 2964//3895 3388//7684
f 3227//4029 2962//7685 2965//3894
f 3227//4029 2961//3900 2962//7685
f 3307//4220 3339//4113 3227//7683
f 3307//4220 3274//4116 3339//4113
f 3389//7686 2963//7687 2967//6091
f 3389//7686 2966//7688 2963//7687
f 3389//7686 3197//7689 2966//7688
f 3197//6512 2958//6066 2966//6073
f 3389//7690 2969//6079 3197//7691
f 2969//6079 2968//6076 3197//6519
f 3389//7690 2970//6083 2969//6079
f 3389//7690 2971//6084 2970//6083
f 3205//6521 2973//6095 2974//6096
f 3205//6521 3389//7686 2973//6095
f 3389//7686 2972//6088 2973//6095
f 3389//7686 2967//6091 2972//6088
f 3205//6521 2980//6109 3389//7692
f 2980//6109 2981//6110 3389//7692
f 2981//6110 2971//6112 3389//7692
f 3205//6521 2979//6107 2980//6109
f 3205//6521 2975//6098 2979//6107
f 3293//6943 3343//6939 3292//6940
f 3105//7693 3104//7694 3678//7695
f 3678//7695 3680//7696 3105//7693
f 3107//7697 3105//7693 3680//7696
f 3680//7696 3682//7698 3107//7697
f 3690//7699 3640//4345 3362//4347
f 3875//4740 3967//4653 3873//4654
f 3883//4745 3880//4744 3974//6260
f 3880//4744 3700//7021 3974//6260
f 3880//4744 3972//4614 3700//7021
f 3972//4614 3699//4453 3700//7021
f 3977//4615 3972//4614 3880//4744
f 3880//4744 3887//4746 3977//4615
f 3883//4745 3974//6260 3889//4751
f 3979//4620 3977//4615 3887//4746
f 3887//4746 3892//7700 3979//4620
f 3892//7700 3894//7701 3979//4620
f 3894//7701 3983//7702 3979//4620
f 3983//7702 3981//4621 3979//4620
f 3897//7703 3983//7702 3894//7701
f 3983//7702 3704//4466 3981//4621
f 3983//7702 3707//7022 3704//4466
f 3983//7702 3986//7704 3707//7022
f 3709//7023 3707//7022 3986//7704
f 3897//7703 3899//7705 3983//7702
f 3899//7705 3986//7704 3983//7702
f 3899//7705 3989//7706 3986//7704
f 3906//7707 3986//7704 3989//7706
f 3906//7708 3903//7709 3986//7710
f 3903//7711 3709//7712 3986//7713
f 3903//7711 3711//7714 3709//7712
f 3907//7715 3989//7706 3899//7705
f 3913//7716 3992//7717 3910//7718
f 3906//7707 3989//7706 3907//7715
f 3920//7719 3995//7720 3917//7721
f 3913//7722 3997//6281 3992//7723
f 3913//7722 3995//7724 3997//6281
f 3913//7725 3917//7726 3995//7727
f 3925//7728 3924//4757 3999//7729
f 3924//4757 3719//7026 3999//7729
f 3924//4757 3715//6272 3719//7026
f 3999//7729 3719//7026 3722//7027
f 3927//7730 3724//7031 3726//7030
f 3927//7730 3999//7729 3724//7031
f 3927//7730 3925//7728 3999//7729
f 3999//7729 3722//7027 3724//7031
f 3731//7033 3729//4491 3967//4653
f 3967//4653 4002//7731 3731//7033
f 3734//7732 3731//7733 4002//7734
f 3726//7030 3737//7040 3931//7735
f 3931//7735 3927//7730 3726//7030
f 3931//7735 3739//7041 3932//7736
f 3737//7040 3739//7041 3931//7735
f 3936//7737 4005//6282 3934//6279
f 3903//7738 3939//7739 3711//7740
f 3939//7741 4008//7742 3711//7743
f 4008//7744 3743//7745 3711//7746
f 3745//7054 3743//7747 4008//7748
f 3939//7749 3750//7750 4008//7751
f 3750//7051 3748//7053 4008//7748
f 3939//7749 3910//7752 3750//7750
f 3910//7718 3992//7717 3750//7753
f 3748//7053 3745//7054 4008//7748
f 3754//6284 3992//7723 3997//6281
f 3750//7057 3992//7723 3754//6284
f 3942//7754 4005//6282 3936//7737
f 4012//6283 4005//6282 3942//7754
f 3942//7754 4014//6286 4012//6283
f 3942//7754 3944//7755 4014//6286
f 3944//7755 4016//7756 4014//6286
f 3945//7757 4016//7756 3944//7755
f 4016//7756 4018//7758 4014//6286
f 4018//7758 3757//6290 4014//6286
f 4018//7758 3760//7058 3757//6290
f 3761//7059 3760//7058 4018//7758
f 3945//7757 4018//7758 4016//7756
f 3945//7757 4020//7759 4018//7758
f 3945//7757 3947//7760 4020//7759
f 3763//7061 4018//7758 4020//7759
f 3761//7059 4018//7758 3763//7061
f 3875//4740 4021//7761 3967//4653
f 4021//7761 4002//7731 3967//4653
f 3875//4740 3949//7762 4021//7761
f 4021//7761 3766//7763 4002//7731
f 3766//7063 3734//7065 4002//7764
f 4021//7761 4022//7765 3766//7763
f 4024//7766 4021//7761 3949//7762
f 3949//7762 3950//7767 4024//7766
f 3952//7768 3951//7769 4024//7770
f 3951//7769 4021//7761 4024//7770
f 3951//7769 4022//7765 4021//7761
f 3953//7771 3932//7736 4022//7772
f 3932//7736 3766//7773 4022//7772
f 3932//7736 3739//7041 3766//7067
f 3953//7771 4022//7772 3951//7774
f 3954//7775 4024//7766 3950//7767
f 3952//7768 4024//7770 3954//7776
f 4026//7777 4020//7759 3947//7760
f 3947//7760 3955//7778 4026//7777
f 4026//7777 3960//7779 4020//7759
f 3960//7779 3763//7061 4020//7759
f 3960//7779 3701//6189 3763//7061
f 3956//7780 4026//7777 3955//7778
f 4028//7781 4026//7777 3956//7780
f 3962//7782 4026//7777 4028//7781
f 3960//7779 4026//7777 3962//7782
f 3957//7783 4028//7781 3956//7780
f 3957//7783 3968//7784 4028//7781
f 3968//7784 3962//7782 4028//7781
f 3957//7783 3958//7785 3968//7784
f 3874//6297 3968//7784 3958//7785
f 4723//6376 4739//7786 4735//6374
f 4739//7786 4662//6373 4735//6374
f 4739//7786 4570//7787 4662//6373
f 4570//7787 4564//7788 4662//6373
f 4739//7786 4572//7789 4570//7787
f 4739//7786 4574//7790 4572//7789
f 4739//7786 4740//7791 4574//7790
f 4740//7791 4576//7792 4574//7790
f 4740//7791 4577//7793 4576//7792
f 4740//7791 4741//7794 4577//7793
f 4741//7794 4579//7795 4577//7793
f 4760//7796 4607//6349 4588//6348
f 4610//6352 4607//6349 4760//7796
f 4760//7796 4761//7797 4610//6352
f 4763//7798 4581//7799 4582//7800
f 4763//7798 4585//7801 4581//7799
f 4763//7798 4764//7802 4585//7801
f 4764//7802 4584//7803 4585//7801
f 4764//7802 4583//7804 4584//7803
f 4741//7794 4586//7805 4579//7795
f 4741//7794 4763//7806 4586//7805
f 4763//7798 4582//7800 4586//7807
f 4741//7794 4742//7808 4763//7809
f 4764//7802 4763//7809 4742//7808
f 4742//7808 4743//7810 4764//7802
f 4745//7811 4587//7812 4764//7802
f 4587//7812 4583//7804 4764//7802
f 4745//7811 4744//7813 4587//7812
f 4744//7813 4760//7796 4587//7812
f 4760//7796 4588//6348 4587//7812
f 4761//7797 4760//7796 4744//7813
f 4744//7813 4746//7814 4761//7797
f 4745//7811 4764//7802 4743//7810
f 4767//7815 4615//6354 4616//6353
f 4769//7816 4615//6354 4767//7815
f 4617//6356 4615//6354 4769//7816
f 4749//7817 4610//6352 4761//7797
f 4749//7817 4616//6353 4610//6352
f 4749//7817 4748//7818 4616//6353
f 4748//7818 4767//7815 4616//6353
f 4750//7819 4767//7815 4748//7818
f 4769//7816 4767//7815 4750//7819
f 4771//7820 4617//6356 4769//7816
f 4618//6359 4617//6356 4771//7820
f 4619//6360 4618//6359 4771//7820
f 4771//7820 4773//7821 4619//6360
f 4751//7822 4769//7816 4750//7819
f 4771//7820 4769//7816 4751//7822
f 4773//7821 4771//7820 4751//7822
f 4751//7822 4752//7823 4773//7821
f 4749//7817 4761//7797 4746//7814
f 4775//7824 4619//6360 4773//7821
f 4620//6362 4619//6360 4775//7824
f 4762//7825 4620//6362 4775//7824
f 4604//6364 4620//6362 4762//7825
f 4754//7826 4773//7821 4752//7823
f 4775//7824 4773//7821 4754//7826
f 4738//7827 4775//7824 4754//7826
f 4762//7825 4775//7824 4738//7827
f 4848//7828 4845//7829 4941//5394
f 4941//5394 4947//5393 4848//7828
f 4949//5398 4848//7828 4947//5393
f 4849//7830 4848//7828 4949//5398
f 4949//5398 4952//5402 4849//7830
f 4955//5411 4963//5391 4954//5392
f 4955//5411 4930//5361 4963//5391
f 4930//5361 4884//5327 4963//5391
f 4884//5327 4902//5326 4963//5391
f 4955//5411 4913//5362 4930//5361
f 4966//7831 4965//7832 5030//7833
f 5030//7833 5031//7834 4966//7831
f 4968//7835 4966//7831 5031//7834
f 5031//7834 5032//7836 4968//7835
f 5034//7837 4968//7835 5032//7836
f 4971//7838 4968//7835 5034//7837
f 4973//7839 4971//7838 5034//7837
f 5034//7837 5036//7840 4973//7839
f 4975//7841 4973//7839 5036//7840
f 5036//7840 5038//7842 4975//7841
f 4977//7843 4975//7841 5038//7842
f 5038//7842 5039//7844 4977//7843
f 5041//7845 4977//7843 5039//7844
f 4978//7846 4977//7843 5041//7845
f 5043//7847 4978//7846 5041//7845
f 4980//7848 4978//7846 5043//7847
f 4982//7849 4983//7850 5048//7851
f 5048//7851 5046//7852 4982//7849
f 4985//7853 4980//7848 5043//7847
f 5043//7847 5049//7854 4985//7853
f 5048//7851 4985//7853 5049//7854
f 4983//7850 4985//7853 5048//7851
f 5046//7852 5051//7855 4982//7849
f 5051//7855 4974//7078 4982//7849
f 5051//7855 5064//7856 4974//7078
f 5063//7857 5064//7856 5051//7855
f 5051//7855 5052//7858 5063//7857
f 5065//7859 5063//7857 5052//7858
f 5052//7858 5055//7860 5065//7859
f 5066//7861 5065//7859 5055//7860
f 5055//7860 5057//7862 5066//7861
f 5108//7863 5030//7833 5107//7864
f 5031//7865 5030//7833 5108//7863
f 5110//7866 5031//7865 5108//7863
f 5032//7867 5031//7865 5110//7866
f 5111//7868 5032//7867 5110//7866
f 5034//7869 5032//7867 5111//7868
f 5036//7870 5034//7869 5111//7868
f 5111//7868 5113//7871 5036//7870
f 5077//7872 5107//7864 5076//7873
f 5108//7863 5107//7864 5077//7872
f 5110//7866 5108//7863 5077//7872
f 5077//7872 5078//7874 5110//7866
f 5111//7868 5110//7866 5078//7874
f 5078//7874 5079//7875 5111//7868
f 5080//7876 5111//7868 5079//7875
f 5113//7871 5111//7868 5080//7876
f 5115//7877 5036//7870 5113//7871
f 5038//7878 5036//7870 5115//7877
f 5116//7879 5038//7878 5115//7877
f 5039//7880 5038//7878 5116//7879
f 5041//7881 5039//7880 5116//7879
f 5116//7879 5118//7882 5041//7881
f 5043//7883 5041//7881 5118//7882
f 5118//7882 5119//7884 5043//7883
f 5081//7885 5113//7871 5080//7876
f 5115//7877 5113//7871 5081//7885
f 5116//7879 5115//7877 5081//7885
f 5081//7885 5082//7886 5116//7879
f 5118//7882 5116//7879 5082//7886
f 5082//7886 5084//7887 5118//7882
f 5119//7884 5118//7882 5084//7887
f 5084//7887 5085//7888 5119//7884
f 5122//7889 5046//7852 5048//7851
f 5049//7890 5043//7883 5119//7884
f 5119//7884 5123//7891 5049//7890
f 5123//7891 5125//7892 5049//7890
f 5125//7892 5048//7851 5049//7890
f 5125//7892 5122//7889 5048//7851
f 5051//7855 5046//7852 5122//7889
f 5122//7889 5127//7893 5051//7855
f 5129//7894 5051//7855 5127//7893
f 5052//7858 5051//7855 5129//7894
f 5089//7895 5087//6394 5125//7892
f 5087//6394 5127//7893 5125//7892
f 5127//7893 5122//7889 5125//7892
f 5091//6397 5127//7893 5087//6394
f 5129//7894 5127//7893 5091//6397
f 5123//7891 5119//7884 5085//7888
f 5085//7888 5093//7896 5123//7891
f 5125//7892 5123//7891 5093//7896
f 5093//7896 5094//7897 5125//7892
f 5089//7895 5125//7892 5094//7897
f 5130//7898 5052//7858 5129//7894
f 5055//7860 5052//7858 5130//7898
f 5057//7862 5055//7860 5130//7898
f 5130//7898 5131//7899 5057//7862
f 5097//6404 5129//7894 5091//6397
f 5130//7898 5129//7894 5097//6404
f 5131//7899 5130//7898 5097//6404
f 5097//6404 5099//6406 5131//7899
f 457//1063 459//6448 376//716
f 459//6448 491//7900 376//716
f 491//7900 377//718 376//716
f 378//719 377//718 491//7900
f 461//6449 491//7900 459//6448
f 461//6449 379//721 491//7900
f 379//721 378//720 491//7900
f 461//6449 462//6452 379//721
f 464//6453 379//721 462//6452
f 380//722 379//721 464//6453
f 465//6455 382//724 467//6454
f 381//726 382//724 465//6455
f 465//6455 422//785 381//726
f 422//785 427//7901 381//726
f 427//7901 319//728 381//726
f 465//6455 449//834 422//785
f 382//724 380//722 464//6453
f 464//6453 467//6454 382//724
f 1330//6468 1366//7902 1354//6467
f 1340//7104 1366//7902 1330//6468
f 1342//7106 1366//7902 1340//7104
f 1342//7106 1367//7903 1366//7902
f 1342//7106 1344//7108 1367//7903
f 1348//7113 1367//7903 1344//7108
f 1348//7113 1368//7904 1367//7903
f 1348//7113 1350//7114 1368//7904
f 1356//6484 1368//7904 1350//7114
f 1356//6484 1369//7905 1368//7904
f 1356//6484 1355//6483 1369//7905
f 1357//6486 1369//7905 1355//6483
f 1370//7906 1369//7905 1357//6486
f 1356//6484 1350//7114 1334//6481
f 1358//6490 1370//7906 1357//6486
f 1371//7907 1370//7906 1358//6490
f 1359//6492 1371//7907 1358//6490
f 1372//7908 1371//7907 1359//6492
f 1361//6497 1372//7908 1359//6492
f 1373//7909 1372//7908 1361//6497
f 1362//6498 1373//7909 1361//6497
f 1364//6502 1365//7910 1353//6463
f 3613//7911 3634//7912 3614//7913
f 3539//6240 3615//7914 3453//7019
f 3615//7914 3271//7915 3453//7019
f 3271//7915 3266//7412 3453//7019
f 3615//7914 3273//7916 3271//7915
f 3615//7914 3276//7917 3273//7916
f 3615//7914 3614//7913 3276//7917
f 3614//7913 3634//7912 3276//7917
f 3634//7912 3278//7918 3276//7917
f 3613//7911 3617//7919 3634//7912
f 3617//7919 3283//7920 3634//7912
f 3283//7920 3285//7921 3634//7912
f 3617//7919 3287//7922 3283//7920
f 3617//7919 3289//7923 3287//7922
f 3617//7919 3618//7924 3289//7923
f 3618//7924 3291//7925 3289//7923
f 3634//7912 3285//7921 3278//7918
f 3354//6582 3356//6964 3621//7926
f 3621//7926 3620//6580 3354//6582
f 3624//7927 3636//7928 3625//7929
f 3627//7930 3636//7928 3624//7927
f 3637//7931 3636//7928 3627//7930
f 3629//7932 3361//6968 3631//7933
f 3358//6966 3361//6968 3629//7932
f 3621//7926 3358//6966 3629//7932
f 3356//6964 3358//6966 3621//7926
f 3627//7930 3361//6968 3637//7931
f 3361//6968 3363//6971 3637//7931
f 3627//7930 3631//7933 3361//6968
f 3618//7924 3298//7934 3291//7925
f 3618//7924 3625//7929 3298//7934
f 3625//7929 3636//7928 3298//7934
f 3636//7928 3296//7935 3298//7934
f 3636//7928 3294//6972 3296//7935
f 3294//6972 3636//7928 3637//7931
f 3637//7931 3364//6973 3294//6972
f 3637//7931 3363//6971 3364//6973
f 4057//7936 3613//7911 3614//7913
f 3918//7937 4040//7938 3758//6242
f 4040//7938 3615//7914 3758//6242
f 3615//7914 3845//6239 3758//6242
f 3615//7914 3539//6240 3845//6239
f 4040//7938 3614//7913 3615//7914
f 4040//7938 4057//7936 3614//7913
f 4040//7938 4042//7939 4057//7936
f 4046//7940 3613//7911 4057//7936
f 4046//7940 3617//7919 3613//7911
f 4046//7940 4045//7941 3617//7919
f 4048//7942 3617//7919 4045//7941
f 3618//7924 3617//7919 4048//7942
f 4046//7940 4057//7936 4042//7939
f 4060//7943 3624//7927 3625//7929
f 4051//7944 3624//7927 4060//7943
f 4051//7944 3627//7930 3624//7927
f 4051//7944 4050//7945 3627//7930
f 4061//7946 3629//7932 3631//7933
f 4053//7947 4052//7948 4061//7946
f 4052//7948 3629//7932 4061//7946
f 4052//7948 4062//7949 3629//7932
f 4062//7949 3621//7926 3629//7932
f 4050//7945 3631//7933 3627//7930
f 4050//7945 4061//7946 3631//7933
f 4050//7945 4054//7950 4061//7946
f 4053//7947 4061//7946 4054//7950
f 4048//7942 3625//7951 3618//7924
f 4048//7942 4055//7952 3625//7951
f 4055//7953 4060//7954 3625//7955
f 4051//7944 4060//7956 4055//7957
f 4283//7958 4303//7959 4287//7960
f 4355//7961 3660//7962 4353//7963
f 3662//7964 3660//7962 4355//7961
f 4357//7965 3662//7964 4355//7961
f 3663//7966 3662//7964 4357//7965
f 4335//7448 4353//7963 4332//7446
f 4355//7961 4353//7963 4335//7448
f 4335//7448 4336//7449 4355//7961
f 4336//7449 4360//7967 4355//7961
f 4360//7967 4357//7965 4355//7961
f 4338//7452 4360//7967 4336//7449
f 4362//7968 3663//7966 4357//7965
f 3666//7969 3663//7966 4362//7968
f 3667//7970 3666//7969 4362//7968
f 4363//7971 4357//7965 4360//7967
f 4362//7968 4357//7965 4363//7971
f 4363//7971 3667//7970 4362//7968
f 4363//7971 4364//7972 3667//7970
f 4364//7972 3670//7973 3667//7970
f 4340//7455 4360//7967 4338//7452
f 4363//7971 4360//7967 4340//7455
f 4341//7457 4363//7971 4340//7455
f 4364//7972 4363//7971 4341//7457
f 4365//7974 3670//7973 4364//7972
f 3671//7975 3670//7973 4365//7974
f 3673//7976 3671//7975 4365//7974
f 4341//7457 4342//7458 4364//7972
f 4342//7458 4366//7977 4364//7972
f 4366//7977 4365//7974 4364//7972
f 4366//7977 3673//7976 4365//7974
f 4366//7977 3675//7978 3673//7976
f 4366//7977 4367//7979 3675//7978
f 4344//7465 4366//7977 4342//7458
f 4344//7465 4346//7467 4366//7977
f 4346//7467 4368//7980 4366//7977
f 4368//7980 4367//7979 4366//7977
f 4348//7470 4368//7980 4346//7467
f 3676//7981 3675//7978 4367//7979
f 4368//7980 3676//7981 4367//7979
f 4368//7980 4056//6248 3676//7981
f 4056//6248 3619//6247 3676//7981
f 4348//7470 4039//6251 4368//7980
f 4039//6251 4056//6248 4368//7980
f 4348//7470 4305//7414 4039//6251
f 4348//7470 4279//7415 4305//7414
f 4482//7982 4481//7983 4589//7984
f 4557//7985 4482//7982 4589//7984
f 4557//7985 4559//7986 4482//7982
f 4559//7987 4483//7988 4482//7989
f 4561//7990 4483//7991 4559//7992
f 4485//7993 4483//7991 4561//7990
f 4564//7994 4593//7995 4565//7996
f 4568//7997 4485//7993 4561//7990
f 4487//7998 4485//7993 4568//7997
f 4568//7997 4565//7996 4487//7998
f 4565//7996 4593//7995 4487//7998
f 4593//7995 4488//7999 4487//7998
f 4595//8000 4593//7995 4564//7994
f 4564//7994 4570//8001 4595//8000
f 4570//8001 4492//8002 4595//8000
f 4570//8001 4572//8003 4492//8002
f 4572//8003 4490//8004 4492//8002
f 4488//7999 4593//7995 4595//8000
f 4595//8000 4494//8005 4488//7999
f 4595//8000 4492//8002 4494//8005
f 4574//8006 4490//8004 4572//8003
f 4496//8007 4490//8004 4574//8006
f 4576//8008 4496//8007 4574//8006
f 4497//8009 4496//8007 4576//8008
f 4499//8010 4497//8009 4576//8008
f 4576//8008 4577//8011 4499//8010
f 4500//8012 4499//8010 4577//8011
f 4577//8011 4579//8013 4500//8012
f 4581//7799 4598//8014 4582//8015
f 4583//8016 4600//8017 4584//8018
f 4585//7801 4598//8014 4581//7799
f 4601//8019 4598//8014 4585//7801
f 4585//7801 4504//8020 4601//8019
f 4585//7801 4503//8021 4504//8020
f 4585//7801 4584//8018 4503//8021
f 4584//8018 4600//8017 4503//8021
f 4586//8022 4500//8012 4579//8013
f 4505//8023 4500//8012 4586//8022
f 4586//8022 4582//8015 4505//8023
f 4582//8015 4506//8024 4505//8023
f 4582//8015 4598//8014 4506//8024
f 4506//8024 4598//8014 4601//8019
f 4601//8019 4507//8025 4506//8024
f 4601//8019 4504//8020 4507//8025
f 4583//8016 4587//8026 4600//8017
f 4587//8026 4509//8027 4600//8017
f 4587//7812 4603//6350 4509//8028
f 4603//6350 4508//6351 4509//8028
f 4588//6348 4603//6350 4587//7812
f 4600//8017 4509//8027 4503//8029
f 4880//8030 4876//8031 4845//7829
f 4845//7829 4848//7828 4880//8030
f 4849//7830 4880//8030 4848//7828
f 4869//8032 4880//8030 4849//7830
f 4972//5400 4967//5399 5063//7857
f 5063//7857 5065//7859 4972//5400
f 4976//5401 4972//5400 5065//7859
f 5065//7859 5066//7861 4976//5401
f 5068//8033 5067//8034 5033//8035
f 5033//8035 5035//8036 5068//8033
f 5037//8037 5068//8033 5035//8036
f 5069//8038 5068//8033 5037//8037
f 5037//8037 4984//5405 5069//8038
f 5037//8037 4986//5403 4984//5405
f 5037//8037 5070//8039 4986//5403
f 5037//8037 5040//8040 5070//8039
f 4987//5407 4986//5403 5070//8039
f 5042//8041 5070//8039 5040//8040
f 5042//8041 5044//8042 5070//8039
f 5044//8042 4987//5407 5070//8039
f 5044//8042 4988//5409 4987//5407
f 5045//8043 4988//5409 5044//8042
f 4989//5413 4988//5409 5045//8043
f 5045//8043 5047//8044 4989//5413
f 5047//8044 5071//8045 4989//5413
f 5071//8045 4990//5414 4989//5413
f 5050//8046 5071//8045 5047//8044
f 5072//8047 4990//5414 5071//8045
f 4991//5417 4990//5414 5072//8047
f 4992//5418 4991//5417 5072//8047
f 5072//8047 5073//8048 4992//5418
f 5074//8049 4992//5418 5073//8048
f 4993//5421 4992//5418 5074//8049
f 5075//8050 4993//5421 5074//8049
f 4994//5422 4993//5421 5075//8050
f 5053//8051 5071//8045 5050//8046
f 5072//8047 5071//8045 5053//8051
f 5054//8052 5072//8047 5053//8051
f 5073//8048 5072//8047 5054//8052
f 5074//8049 5073//8048 5054//8052
f 5054//8052 5056//8053 5074//8049
f 5058//8054 5074//8049 5056//8053
f 5075//8050 5074//8049 5058//8054
f 5060//8055 4994//5422 5075//8050
f 5060//8055 4995//5426 4994//5422
f 5060//8055 5059//8056 4995//5426
f 4996//5427 4995//5426 5059//8056
f 5059//8056 5061//8057 4996//5427
f 4997//5434 4996//5427 5061//8057
f 5061//8057 5062//8058 4997//5434
f 4965//7832 4997//5434 5062//8058
f 5062//8058 5030//7833 4965//7832
f 5060//8055 5075//8050 5058//8054
f 992//1752 991//1751 1057//1789
f 1061//1801 1001//1763 1060//1800
f 1001//1763 1000//1762 1060//1800
f 1000//1762 999//1761 1060//1800
f 1065//1813 1001//1763 1061//1801
f 1065//1813 1003//1768 1001//1763
f 1065//1813 1004//1769 1003//1768
f 1483//5745 1500//8059 1499//6469
f 1483//5745 1484//2546 1500//8059
f 1484//2546 1498//2545 1500//8059
f 1501//6470 1499//6469 1500//8059
f 1500//8059 1502//8060 1501//6470
f 1486//2547 1430//2473 1498//2545
f 1430//2473 1468//2472 1498//2545
f 1468//2472 1500//8059 1498//2545
f 1468//2472 1470//2476 1500//8059
f 1433//2483 1487//5749 1474//2482
f 1487//5749 1502//8060 1474//2482
f 1502//8060 1500//8059 1474//2482
f 1500//8059 1470//2476 1474//2482
f 1503//6471 1501//6470 1502//8060
f 1502//8060 1504//8061 1503//6471
f 1506//8062 1503//6471 1504//8061
f 1505//6474 1503//6471 1506//8062
f 1488//5751 1502//8060 1487//5749
f 1504//8061 1502//8060 1488//5751
f 1490//5754 1504//8061 1488//5751
f 1506//8062 1504//8061 1490//5754
f 1506//8062 1333//6475 1505//6474
f 1506//8062 1338//7115 1333//6475
f 1506//8062 1507//8063 1338//7115
f 1508//8064 1338//7115 1507//8063
f 1339//7116 1338//7115 1508//8064
f 1490//5754 1491//5756 1506//8062
f 1491//5756 1509//8065 1506//8062
f 1509//8065 1507//8063 1506//8062
f 1510//8066 1507//8063 1509//8065
f 1508//8064 1507//8063 1510//8066
f 1508//8064 1512//8067 1339//7116
f 1512//8067 1337//6478 1339//7116
f 1512//8067 1511//6476 1337//6478
f 1514//6495 1511//6476 1512//8067
f 1513//6479 1511//6476 1514//6495
f 1512//8067 1508//8064 1510//8066
f 1510//8066 1515//8068 1512//8067
f 1514//6495 1512//8067 1515//8068
f 1515//8068 1516//6493 1514//6495
f 1492//5759 1509//8065 1491//5756
f 1492//5759 1517//8069 1509//8065
f 1517//8069 1510//8066 1509//8065
f 1492//5759 1493//5761 1517//8069
f 1494//5763 1517//8069 1493//5761
f 1515//8068 1510//8066 1517//8069
f 1517//8069 1518//8070 1515//8068
f 1496//5766 1516//6493 1518//8070
f 1516//6493 1515//8068 1518//8070
f 1496//5766 1495//5765 1516//6493
f 1497//5768 1517//8069 1494//5763
f 1518//8070 1517//8069 1497//5768
f 1496//5766 1518//8070 1497//5768
f 1450//8071 1407//8072 1456//8073
f 1394//8074 1407//8075 1450//8076
f 1454//8077 1396//8078 1482//8079
f 1454//8080 1456//8081 1396//8082
f 1456//8081 1407//8083 1396//8082
f 1630//5816 1691//2637 1628//2638
f 1633//5802 1691//2637 1630//5816
f 1692//2627 1693//8084 1637//8085
f 1637//8085 1636//2628 1692//2627
f 1693//8084 1694//8086 1640//8087
f 1640//8087 1637//8085 1693//8084
f 1640//8087 1694//8086 1643//8088
f 1647//5829 1695//8089 1646//5830
f 1650//8090 1695//8091 1520//5656
f 1695//8091 1522//5654 1520//5656
f 1650//5835 1646//5837 1695//8092
f 1650//5838 1524//5666 1652//5839
f 1520//8093 1524//8094 1650//8095
f 1524//5666 1526//5668 1654//5846
f 1654//5846 1652//5839 1524//5666
f 1656//5847 1528//8096 1697//8097
f 1656//5847 1654//5843 1528//8096
f 1654//5846 1526//5668 1528//8098
f 1700//8099 1692//2630 1699//2631
f 1693//8100 1692//2630 1700//8099
f 1660//8101 1693//8102 1700//8103
f 1660//8101 1694//8104 1693//8102
f 1660//8105 1659//8106 1694//8107
f 1700//8099 1699//2631 1662//2632
f 1662//5852 1664//5851 1700//8108
f 1660//5855 1700//8108 1664//5851
f 1643//8109 1694//8110 1659//8111
f 1666//8112 1695//8089 1647//5829
f 1666//5877 1669//5875 1695//8113
f 1669//8114 1530//8115 1695//8116
f 1530//8117 1522//8118 1695//8119
f 1671//8120 1530//8121 1669//8122
f 1532//8123 1530//8124 1671//8125
f 1674//5888 1532//5678 1671//5889
f 1534//5682 1532//5678 1674//5888
f 1656//5847 1697//8097 1676//5894
f 1674//5888 1678//5770 1534//5682
f 1678//5770 1535//5692 1534//5682
f 1678//5770 1702//5772 1535//5692
f 1537//5700 1535//5692 1702//5772
f 1683//5907 1704//2673 1681//2672
f 1683//5907 1684//5908 1704//2673
f 1684//5908 1707//8126 1704//2673
f 1707//8126 1705//2675 1704//2673
f 1685//5910 1707//8126 1684//5908
f 1542//5702 1705//2675 1707//8126
f 1540//5704 1705//2675 1542//5702
f 1685//5910 1708//8127 1707//8126
f 1708//8127 1544//5708 1707//8126
f 1544//5708 1542//5702 1707//8126
f 1685//5910 1686//5913 1708//8127
f 1546//5709 1544//5708 1708//8127
f 1528//8096 1548//8128 1709//8129
f 1709//8129 1697//8097 1528//8096
f 1709//8129 1548//8128 1550//8130
f 1687//5915 1708//8127 1686//5913
f 1687//5915 1688//5775 1708//8127
f 1688//5775 1546//5709 1708//8127
f 1688//5775 1552//5722 1546//5709
f 1689//5918 1709//8129 1710//8131
f 1689//5918 1676//5894 1709//8129
f 1676//5894 1697//8097 1709//8129
f 1710//8131 1550//5732 1554//5731
f 1709//8129 1550//5732 1710//8131
f 1690//5782 1556//5741 1557//5738
f 1690//5782 1710//8131 1556//5741
f 1690//5782 1689//5918 1710//8131
f 1710//8131 1554//5742 1556//5741
f 2235//6856 2232//6850 2448//6892
f 2358//5990 2235//6856 2448//6892
f 2358//5990 2361//5992 2235//6856
f 2361//5992 2238//6862 2235//6856
f 2361//5992 2364//5993 2238//6862
f 2364//5993 2450//8132 2238//6862
f 2450//8132 2240//6863 2238//6862
f 2367//5996 2450//8132 2364//5993
f 2242//6864 2240//6863 2450//8132
f 2367//5996 2242//6864 2450//8132
f 2367//5996 2244//6868 2242//6864
f 2367//5996 2369//5999 2244//6868
f 2369//5999 2455//8133 2244//6868
f 2176//5924 2244//6868 2455//8133
f 2373//6004 2455//8133 2369//5999
f 2373//6004 2459//8134 2455//8133
f 2459//8134 2180//5922 2455//8133
f 2180//5922 2176//5924 2455//8133
f 2373//6004 2376//6005 2459//8134
f 2379//6009 2459//8134 2376//6005
f 2183//5927 2180//5922 2459//8134
f 2379//6009 2463//8135 2459//8134
f 2463//8135 2183//5927 2459//8134
f 2463//8135 2186//5931 2183//5927
f 2379//6009 2383//6010 2463//8135
f 2189//5932 2186//5931 2463//8135
f 2387//6014 2463//8135 2383//6010
f 2387//6014 2390//6015 2463//8135
f 2390//6015 2189//5932 2463//8135
f 2390//6015 2191//5939 2189//5932
f 2393//6017 2191//5939 2390//6015
f 2194//5940 2191//5939 2393//6017
f 2196//5941 2194//5940 2393//6017
f 2393//6017 2395//6020 2196//5941
f 2408//6021 2196//5941 2395//6020
f 2199//5948 2196//5941 2408//6021
f 2201//5949 2199//5948 2408//6021
f 2408//6021 2418//6025 2201//5949
f 4651//6367 4672//8136 4653//6368
f 4674//8137 4672//8136 4651//6367
f 4651//6367 4655//6369 4674//8137
f 4657//5179 4559//7992 4557//5180
f 4657//5179 4653//6368 4559//7992
f 4653//6368 4672//8136 4559//7992
f 4559//7992 4672//8136 4674//8137
f 4674//8137 4561//7990 4559//7992
f 4677//8138 4674//8137 4655//6369
f 4655//6369 4660//6371 4677//8138
f 4660//6371 4565//7996 4677//8138
f 4660//6371 4662//8139 4565//7996
f 4662//6373 4564//7788 4565//8140
f 4561//7990 4674//8137 4677//8138
f 4677//8138 4568//7997 4561//7990
f 4677//8138 4565//7996 4568//7997
f 4606//7460 4605//7459 4765//8141
f 4765//8141 4766//8142 4606//7460
f 4608//7461 4606//7460 4766//8142
f 4766//8142 4768//8143 4608//7461
f 4766//8142 4765//8141 4747//5310
f 4747//5310 4753//5309 4766//8142
f 4768//8143 4766//8142 4753//5309
f 4753//5309 4755//5313 4768//8143
f 4609//7462 4608//7461 4768//8143
f 4768//8143 4770//8144 4609//7462
f 4611//7463 4609//7462 4770//8144
f 4770//8144 4772//8145 4611//7463
f 4770//8144 4768//8143 4755//5313
f 4755//5313 4756//5316 4770//8144
f 4772//8145 4770//8144 4756//5316
f 4756//5316 4757//5318 4772//8145
f 4612//7464 4611//7463 4772//8145
f 4757//5318 4612//7464 4772//8145
f 4757//5318 4613//7468 4612//7464
f 4757//5318 4758//5320 4613//7468
f 4758//5320 4774//8146 4613//7468
f 4614//7469 4613//7468 4774//8146
f 4759//5323 4774//8146 4758//5320
f 4759//5323 4673//5134 4774//8146
f 4673//5134 4614//7469 4774//8146
f 4673//5134 4558//5133 4614//7469
f 4759//5323 4652//5137 4673//5134
f 4759//5323 4709//5208 4652//5137
f 4709//5208 4730//5207 4652//5137
f 5343//5631 5345//8147 5377//8148
f 5479//8149 5411//7101 5472//7100
f 5413//8150 5411//7101 5479//8149
f 5482//8151 5413//8150 5479//8149
f 5415//8152 5413//8150 5482//8151
f 5488//8153 5472//7100 5485//7103
f 5479//8149 5472//7100 5488//8153
f 5482//8151 5479//8149 5488//8153
f 5488//8153 5491//8154 5482//8151
f 5493//8155 5415//8152 5482//8151
f 5417//8156 5415//8152 5493//8155
f 5475//5634 5417//8156 5493//8155
f 5412//5633 5417//8156 5475//5634
f 5493//8155 5482//8151 5491//8154
f 5491//8154 5496//8157 5493//8155
f 5475//5634 5493//8155 5496//8157
f 5496//8157 5473//5638 5475//5634
f 5487//7089 5421//6614 5423//8158
f 5487//7089 5423//8158 5490//7090
f 1227//2127 1215//2101 1241//2128
f 1215//2101 1177//2097 1241//2128
f 1177//2097 1181//2044 1241//2128
f 1227//2127 1265//2166 1215//2101
f 1297//2230 1244//8159 1246//2173
f 1245//2226 1244//8160 1297//2225
f 1258//2202 1301//2250 1257//2199
f 1301//2250 1256//2194 1257//2199
f 1258//2202 1302//2255 1301//2250
f 1260//2217 1304//8161 1261//2213
f 1304//8161 1258//2202 1261//2213
f 1304//8161 1302//8162 1258//2202
f 1726//2862 1753//6466 1736//5950
f 1727//2863 1753//6466 1726//2862
f 1727//2863 1728//5746 1753//6466
f 1727//2863 1717//2866 1728//5746
f 3245//7404 3309//6959 3243//6960
f 3314//6961 3309//6959 3245//7404
f 3245//7404 3249//7405 3314//6961
f 3249//7405 3252//7407 3314//6961
f 3252//7407 3318//8163 3314//6961
f 3318//8163 3316//6962 3314//6961
f 3255//7408 3318//8163 3252//7407
f 3129//6149 3316//6962 3318//8163
f 3126//6151 3316//6962 3129//6149
f 3255//7408 3129//6149 3318//8163
f 3255//7408 3131//6157 3129//6149
f 3255//7408 3259//7410 3131//6157
f 3259//7410 3262//7411 3131//6157
f 3262//7411 3322//8164 3131//6157
f 3322//8164 3133//6159 3131//6157
f 3266//7412 3322//8164 3262//7411
f 3137//6163 3133//6159 3322//8164
f 3266//7412 3271//7915 3322//8164
f 3271//7915 3137//6163 3322//8164
f 3271//7915 3140//6169 3137//6163
f 3273//7916 3140//6169 3271//7915
f 3142//6170 3140//6169 3273//7916
f 3276//7917 3142//6170 3273//7916
f 3145//6171 3142//6170 3276//7917
f 3278//7918 3145//6171 3276//7917
f 3149//6173 3145//6171 3278//7918
f 3153//6178 3167//6177 3285//7921
f 3285//7921 3283//7920 3153//6178
f 3287//7922 3153//6178 3283//7920
f 3177//6179 3153//6178 3287//7922
f 3289//7923 3177//6179 3287//7922
f 3183//6181 3177//6179 3289//7923
f 3291//7925 3183//6181 3289//7923
f 3185//6183 3183//6181 3291//7925
f 3285//7921 3149//6173 3278//7918
f 3167//6177 3149//6173 3285//7921
f 3294//6972 3332//6974 3296//7935
f 3298//7934 3185//6183 3291//7925
f 3186//6186 3185//6183 3298//7934
f 3298//7934 3296//7935 3186//6186
f 3296//7935 3187//6188 3186//6186
f 3296//7935 3332//6974 3187//6188
f 4178//8165 4241//4786 4176//4785
f 4244//8166 4241//4786 4178//8165
f 4180//8167 4244//8166 4178//8165
f 4066//8168 4241//4786 4244//8166
f 4064//4752 4241//4786 4066//8168
f 4180//8169 4183//8170 4244//8171
f 4183//8170 4066//8172 4244//8171
f 4183//8173 4247//8174 4066//8175
f 4247//8176 4068//8177 4066//8178
f 4250//8179 4068//8177 4247//8176
f 4071//8180 4068//8181 4250//8182
f 4074//8183 4071//8184 4250//8185
f 4189//4847 4255//8186 4187//8187
f 4183//8188 4255//8186 4247//8189
f 4255//8186 4079//8190 4247//8189
f 4079//8190 4077//8191 4247//8189
f 4183//8188 4187//8187 4255//8186
f 4192//4851 4255//8186 4189//4847
f 4258//8192 4255//8186 4192//4851
f 4079//8190 4255//8186 4258//8192
f 4258//8192 4082//8193 4079//8190
f 4247//8189 4077//8191 4085//8194
f 4085//8194 4250//8185 4247//8189
f 4085//8194 4074//8183 4250//8185
f 4090//4758 4093//8195 4198//4852
f 4198//4852 4196//4802 4090//4758
f 4093//8195 4094//8196 4202//4858
f 4202//4858 4198//4852 4093//8195
f 4202//4858 4096//8197 4207//8198
f 4094//8196 4096//8197 4202//4858
f 4207//8198 4099//8199 4210//8200
f 4096//8197 4099//8199 4207//8198
f 4263//8201 4258//8192 4192//4851
f 4192//4851 4212//4884 4263//8201
f 4102//8202 4258//8192 4263//8201
f 4082//8193 4258//8192 4102//8202
f 4264//8203 4263//8201 4212//4884
f 4212//4884 4214//4885 4264//8203
f 4264//8203 4104//7434 4263//8201
f 4104//7434 4102//8202 4263//8201
f 4264//8203 4265//7436 4104//7434
f 4215//4888 4264//8203 4214//4885
f 4215//4888 4265//7436 4264//8203
f 4215//4888 4216//4890 4265//7436
f 4216//4890 4266//8204 4265//7436
f 4218//4893 4266//8204 4216//4890
f 4266//8204 4106//7435 4265//7436
f 4266//8204 4108//8205 4106//7435
f 4266//8204 4267//8206 4108//8205
f 4110//8207 4108//8205 4267//8206
f 4218//4893 4267//8206 4266//8204
f 4218//4893 4268//8208 4267//8206
f 4218//4893 4220//4895 4268//8208
f 4268//8208 4269//8209 4267//8206
f 4269//8209 4110//8207 4267//8206
f 4269//8209 4111//8210 4110//8207
f 4113//8211 4111//8210 4269//8209
f 4114//8212 4092//4742 4256//4779
f 4221//8213 4270//8214 4222//8215
f 4099//8199 4115//8216 4224//8217
f 4224//8217 4210//8200 4099//8199
f 4221//8213 4224//8217 4270//8214
f 4224//8217 4115//8216 4270//8214
f 4115//8216 4116//8218 4270//8214
f 4195//4781 4114//8212 4256//4779
f 4195//4781 4226//4908 4114//8212
f 4226//4908 4117//8219 4114//8212
f 4226//4908 4271//8220 4117//8219
f 4227//8221 4117//8219 4271//8220
f 4227//8221 4270//8222 4117//8219
f 4270//8223 4118//8224 4117//8225
f 4227//8226 4222//8215 4270//8214
f 4229//8227 4271//8228 4226//8229
f 4272//8230 4271//8228 4229//8227
f 4271//8231 4272//8232 4231//4922
f 4231//4922 4227//4911 4271//8231
f 4270//8214 4116//8218 4118//8233
f 4273//8234 4268//8208 4220//4895
f 4220//4895 4232//4933 4273//8234
f 4269//8209 4268//8208 4273//8234
f 4273//8234 4274//8235 4269//8209
f 4233//4935 4273//8234 4232//4933
f 4233//4935 4274//8235 4273//8234
f 4233//4935 4234//4936 4274//8235
f 4234//4936 4275//8236 4274//8235
f 4235//4942 4275//8236 4234//4936
f 4276//8237 4275//8236 4235//4942
f 4236//4945 4276//8237 4235//4942
f 4119//8238 4269//8209 4274//8235
f 4113//8211 4269//8209 4119//8238
f 4275//8236 4277//8239 4274//8235
f 4277//8239 4120//8240 4274//8235
f 4120//8240 4119//8238 4274//8235
f 4121//8241 4120//8240 4277//8239
f 4278//8242 4275//8236 4276//8237
f 4277//8239 4275//8236 4278//8242
f 4121//8241 4277//8239 4278//8242
f 4278//8242 4122//8243 4121//8241
f 4236//4945 4278//8242 4276//8237
f 4236//4945 4239//8244 4278//8242
f 4236//4945 4182//4957 4239//8244
f 4239//8244 4122//8243 4278//8242
f 4239//8244 4123//8245 4122//8243
f 4239//8244 4240//8246 4123//8245
f 4070//6316 4123//8245 4240//8246
f 4831//5308 4846//8247 4844//5306
f 4846//8247 4798//5274 4844//5306
f 4846//8247 4868//8248 4798//5274
f 4868//8248 4810//5258 4798//5274
f 4853//8249 4868//8248 4846//8247
f 4870//8250 4868//8248 4853//8249
f 4856//8251 4870//8250 4853//8249
f 4872//8252 4870//8250 4856//8251
f 4857//8253 4872//8252 4856//8251
f 4874//8254 4872//8252 4857//8253
f 4875//8255 4874//8254 4857//8253
f 4857//8253 4858//8256 4875//8255
f 4859//8257 4875//8255 4858//8256
f 4878//8258 4875//8255 4859//8257
f 4850//8259 4878//8258 4859//8257
f 5000//8260 4929//5433 4998//5432
f 4932//8261 4929//5433 5000//8260
f 5002//8262 4932//8261 5000//8260
f 4933//8263 4932//8261 5002//8262
f 5000//8260 4998//5432 4965//5435
f 4965//5435 4966//8264 5000//8260
f 5002//8262 5000//8260 4966//8264
f 4966//8264 4968//8265 5002//8262
f 5004//8266 4933//8263 5002//8262
f 4935//8267 4933//8263 5004//8266
f 4936//8268 4935//8267 5004//8266
f 5004//8266 5006//8269 4936//8268
f 5004//8266 5002//8262 4968//8265
f 4968//8265 4971//8270 5004//8266
f 4973//8271 5004//8266 4971//8270
f 5006//8269 5004//8266 4973//8271
f 5008//8272 4936//8268 5006//8269
f 4937//8273 4936//8268 5008//8272
f 5009//8274 4937//8273 5008//8272
f 4938//8275 4937//8273 5009//8274
f 5008//8272 5006//8269 4973//8271
f 4973//8271 4975//8276 5008//8272
f 5009//8274 5008//8272 4975//8276
f 4975//8276 4977//8277 5009//8274
f 4939//8278 4938//8275 5009//8274
f 5009//8274 5010//8279 4939//8278
f 5010//8279 5011//8280 4939//8278
f 5011//8280 4934//7070 4939//8278
f 5011//8280 4999//7068 4934//7070
f 5010//8279 5009//8274 4977//8277
f 4977//8277 4978//8281 5010//8279
f 4980//8282 5010//8279 4978//8281
f 5011//8280 5010//8279 4980//8282
f 5003//7072 4999//7068 5011//8280
f 5011//8280 5013//8283 5003//7072
f 4983//7850 5003//7072 5013//8283
f 4983//7850 4982//7849 5003//7072
f 4982//7849 5005//7073 5003//7072
f 4985//7853 5011//8280 4980//8282
f 5013//8283 5011//8280 4985//7853
f 4983//7850 5013//8283 4985//7853
f 4974//7078 5005//7073 4982//7849
f 5378//8284 5300//5564 5375//5565
f 5302//8285 5300//5564 5378//8284
f 5376//8286 5302//8285 5378//8284
f 5297//5513 5302//8285 5376//8286
f 5381//8287 5375//5565 5380//5567
f 5378//8284 5375//5565 5381//8287
f 5346//8288 5378//8284 5381//8287
f 5346//8288 5376//8286 5378//8284
f 5346//8288 5342//8289 5376//8286
f 5353//8290 5383//5557 5350//5561
f 5385//5566 5383//5557 5353//8290
f 5355//8291 5385//5566 5353//8290
f 5380//5567 5385//5566 5355//8291
f 5357//8292 5380//5567 5355//8291
f 5381//8287 5380//5567 5357//8292
f 5346//8288 5381//8287 5357//8292
f 5440//5570 5342//5569 5346//8288
f 5353//8290 5350//5561 5411//6618
f 5411//6618 5413//8293 5353//8290
f 5415//8294 5353//8290 5413//8293
f 5355//8291 5353//8290 5415//8294
f 5357//8292 5355//8291 5415//8294
f 5415//8294 5417//8295 5357//8292
f 5417//8295 5346//8288 5357//8292
f 5417//8295 5412//5579 5346//8288
f 5412//5579 5440//5570 5346//8288
f 5446//6599 5352//5529 5363//8296
f 5446//6599 5363//8296 5448//6601
f 2027//8297 2120//8298 2024//6751
f 2030//8299 2120//8300 2027//8301
f 2034//3042 2024//6751 1876//2851
f 2024//6751 2120//8298 1876//2851
f 2120//8300 2123//8302 1876//2851
f 2123//8302 1878//7137 1876//2851
f 1881//7138 1878//7137 2123//8302
f 2123//8302 2120//8300 2030//8299
f 2030//8299 2037//6757 2123//8302
f 2037//6757 1881//7138 2123//8302
f 2037//6757 2039//6759 1881//7138
f 2039//8303 1884//7142 1881//7140
f 1888//7143 1884//7142 2039//8303
f 2039//6768 2043//6767 1888//8304
f 2043//6767 1890//7267 1888//8304
f 2043//6767 2128//7268 1890//7267
f 2043//6771 2046//6772 2128//8305
f 2050//8306 1896//7148 2051//6799
f 1894//7149 1896//7148 2050//8306
f 2133//8307 1898//7151 1900//7150
f 1902//7154 1898//7152 2133//8308
f 2050//8306 1900//7155 1894//7149
f 2050//8309 2133//8307 1900//7150
f 2050//6780 2055//6779 2133//8308
f 2055//6779 2137//8310 2133//8308
f 2137//8310 1904//7156 2133//8308
f 1904//7156 1902//7154 2133//8308
f 2055//6779 2058//6782 2137//8310
f 1906//7157 1904//7156 2137//8310
f 2141//8311 1909//2846 2139//3034
f 1910//7159 1909//2846 2141//8311
f 2143//8312 1910//7159 2141//8311
f 1911//7160 1910//7159 2143//8312
f 2063//6786 2062//6785 2145//3039
f 2062//6785 2139//3034 2145//3039
f 2062//6785 2141//8311 2139//3034
f 2066//6791 2141//8311 2062//6785
f 2143//8312 2141//8311 2066//8313
f 2069//6804 1914//7161 2143//8314
f 1914//7161 1911//7162 2143//8314
f 2069//6796 2068//6798 1914//7161
f 1896//7148 1914//7161 2068//6798
f 2068//6798 2051//6799 1896//7148
f 2069//6804 2143//8314 2066//6794
f 2072//8315 1918//7163 2148//8316
f 2072//8315 1916//2856 1918//7163
f 2072//8315 2145//3044 1916//2856
f 2072//6806 2063//6786 2145//3039
f 2148//8317 2150//8318 2082//8319
f 2082//8320 2072//8315 2148//8316
f 2148//8316 1918//7163 1920//7164
f 2092//6819 2089//6820 2152//8321
f 2089//8322 1921//8323 2152//8324
f 2089//8325 2148//8316 1921//8326
f 2148//8316 1920//7164 1921//8326
f 2089//8327 2150//8318 2148//8317
f 2082//6823 2150//8328 2095//6824
f 2095//6824 2150//8328 2089//6825
f 1924//8329 2154//8330 2152//8331
f 2152//8332 1921//8333 1924//8334
f 2097//8335 2099//8336 1926//8337
f 2099//8338 2154//8339 1926//8340
f 2154//8330 1924//8329 1926//8341
f 2157//8342 2137//8310 2058//6782
f 2058//6782 2102//6833 2157//8342
f 2105//6838 2157//8343 2102//6837
f 1906//7157 2137//8310 2157//8342
f 2157//8342 1928//7172 1906//7157
f 2105//6838 2107//6839 2157//8343
f 2107//6839 1928//7172 2157//8343
f 2107//6839 2158//8344 1928//7172
f 2158//8344 1930//7174 1928//7172
f 1932//7175 1930//7174 2158//8344
f 2108//8345 1926//8346 2160//8347
f 1926//8348 1934//8349 2160//8350
f 2108//8351 2097//8352 1926//8353
f 2160//8350 1934//8349 1936//8354
f 2109//6844 2158//8344 2107//6839
f 2109//6844 1932//7175 2158//8344
f 2109//6844 2110//6847 1932//7175
f 2110//6847 1937//7185 1932//7175
f 2111//6851 2161//8355 2112//6852
f 2111//6851 2163//8356 2161//8355
f 2111//6851 2092//6819 2163//8356
f 2092//6819 2152//8321 2163//8356
f 2046//6772 1942//8357 2128//8305
f 2046//6772 1940//8358 1942//8357
f 2046//6772 2112//6852 1940//8358
f 2112//6852 2161//8355 1940//8358
f 1940//8358 2161//8355 2163//8356
f 2163//8356 1944//8359 1940//8358
f 2163//8356 2154//8330 2165//8360
f 2152//8331 2154//8330 2163//8356
f 2099//6826 2113//6853 2154//8361
f 2113//8362 2166//8363 2154//8364
f 2166//8365 2165//8360 2154//8330
f 1944//8359 2163//8356 2165//8360
f 2165//8360 1946//8366 1944//8359
f 1946//8366 2165//8360 2166//8365
f 2166//8365 1948//8367 1946//8366
f 2113//8368 1951//8369 2166//8370
f 2113//8371 1950//7193 1951//7195
f 2113//8371 2160//8372 1950//7193
f 2113//8373 2108//8374 2160//8375
f 2160//8372 1936//8376 1950//7193
f 2166//8365 1951//8377 1948//8367
f 2110//6847 2114//6855 1937//7185
f 2114//6855 1954//7214 1937//7185
f 2114//6855 2168//8378 1954//7214
f 2170//8379 1954//7214 2168//8378
f 1956//7215 1954//7214 2170//8379
f 2115//6857 2168//8378 2114//6855
f 2116//6860 2168//8378 2115//6857
f 2170//8379 2168//8378 2116//6860
f 1957//7217 1956//7215 2170//8379
f 2170//8379 2172//8380 1957//7217
f 1958//8381 1957//7217 2172//8380
f 2116//6860 2172//8380 2170//8379
f 2116//6860 2117//6861 2172//8380
f 2117//6861 2174//8382 2172//8380
f 2174//8382 1959//7234 2172//8380
f 1959//7234 1958//8383 2172//8380
f 2174//8382 2122//7241 1959//7234
f 2118//6866 2174//8382 2117//6861
f 2118//6866 2125//7242 2174//8382
f 2125//7242 2122//7241 2174//8382
f 2118//6866 2119//6867 2125//7242
f 2026//5926 2125//7242 2119//6867
f 2721//8384 2717//6126 2989//6128
f 2894//6541 2992//8385 2890//6537
f 2897//8386 2995//8387 2989//8388
f 2897//8386 2992//8385 2995//8387
f 2897//8389 2890//8390 2992//8391
f 2899//6543 2992//8385 2894//6541
f 2899//6543 2995//8387 2992//8385
f 2899//6543 2997//8392 2995//8387
f 2899//6543 2903//6545 2997//8392
f 2721//8393 2989//8388 2995//8387
f 2995//8387 2725//8394 2721//8393
f 2729//8395 2995//8387 2997//8392
f 2725//8396 2995//8387 2729//8395
f 2906//6547 2997//8392 2903//6545
f 2906//6547 2729//8395 2997//8392
f 2906//6547 2735//8397 2729//8395
f 2906//6547 3001//8398 2735//8397
f 2906//6547 2909//6551 3001//8398
f 2740//8399 2735//8397 3001//8398
f 3001//8398 3004//8400 2740//8399
f 2910//6553 3001//8398 2909//6551
f 3004//8400 3001//8398 2910//6553
f 2910//6553 2911//6554 3004//8400
f 2744//8401 2740//8399 3004//8400
f 2911//6554 2744//8401 3004//8400
f 2911//6554 2748//8402 2744//8401
f 2911//6554 2912//6559 2748//8402
f 2913//6561 2748//8402 2912//6559
f 2749//8403 2748//8402 2913//6561
f 2913//6561 2915//6562 2749//8403
f 2915//6562 3008//8404 2749//8403
f 3008//8404 2751//8405 2749//8403
f 2754//8406 2751//8405 3008//8404
f 3008//8404 3010//8407 2754//8406
f 2917//6568 3008//8404 2915//6562
f 3010//8407 3008//8404 2917//6568
f 2917//6568 2919//6575 3010//8407
f 2757//8408 2754//8406 3010//8407
f 2919//6575 2757//8408 3010//8407
f 2919//6575 2759//8409 2757//8408
f 2919//6575 2923//6574 2759//8409
f 2923//6574 2765//8410 2759//8409
f 2923//6574 2925//6162 2765//8410
f 2925//6162 3013//8411 2765//8410
f 2768//8412 2765//8410 3013//8411
f 3016//8413 3013//8411 2925//6162
f 2925//6162 2927//6160 3016//8413
f 2772//8414 3013//8411 3016//8413
f 2768//8412 3013//8411 2772//8414
f 2929//6164 3016//8413 2927//6160
f 2929//6164 2932//6166 3016//8413
f 2932//6166 2772//8414 3016//8413
f 2932//6166 2774//8415 2772//8414
f 2932//6166 2776//8416 2774//8415
f 2932//6166 2934//6168 2776//8416
f 2934//6168 3020//8417 2776//8416
f 3021//8418 2776//8416 3020//8417
f 2779//8419 2776//8416 3021//8418
f 2936//6172 3020//8417 2934//6168
f 3021//8418 3020//8417 2936//6172
f 2936//6172 2938//6174 3021//8418
f 2943//6176 2783//8420 3021//8418
f 2783//8421 2779//8419 3021//8418
f 2943//6176 2941//6175 2783//8420
f 2945//6180 2783//8420 2941//6175
f 2785//8422 2783//8420 2945//6180
f 2948//6182 2785//8422 2945//6180
f 2787//8423 2785//8422 2948//6182
f 2901//6184 2787//8423 2948//6182
f 2712//7385 2787//8423 2901//6184
f 2943//6176 3021//8418 2938//6174
f 3688//8424 3678//7695 3684//8425
f 3680//7696 3678//7695 3688//8424
f 3692//8426 3680//7696 3688//8424
f 3682//7698 3680//7696 3692//8426
f 3662//7964 3684//8425 3660//7962
f 3688//8424 3684//8425 3662//7964
f 3663//7966 3688//8424 3662//7964
f 3692//8426 3688//8424 3663//7966
f 3693//8427 3682//7698 3692//8426
f 3685//8428 3682//7698 3693//8427
f 3694//8429 3685//8428 3693//8427
f 3687//8430 3685//8428 3694//8429
f 3666//7969 3692//8426 3663//7966
f 3693//8427 3692//8426 3666//7969
f 3666//7969 3667//7970 3693//8427
f 3667//7970 3694//8429 3693//8427
f 3667//7970 3695//8431 3694//8429
f 3690//7699 3687//8430 3694//8429
f 3694//8429 3696//8432 3690//7699
f 3696//8432 3645//4350 3690//7699
f 3645//4350 3640//4345 3690//7699
f 3696//8432 3648//4354 3645//4350
f 3697//8433 3694//8429 3695//8431
f 3696//8432 3694//8429 3697//8433
f 3697//8433 3391//4140 3696//8432
f 3391//4140 3367//4137 3696//8432
f 3367//4137 3648//4354 3696//8432
f 3697//8433 3394//4144 3391//4140
f 3670//7973 3695//8431 3667//7970
f 3671//7975 3695//8431 3670//7973
f 3697//8433 3695//8431 3671//7975
f 3671//7975 3698//8434 3697//8433
f 3698//8434 3394//4144 3697//8433
f 3671//7975 3673//7976 3698//8434
f 3675//7978 3698//8434 3673//7976
f 3698//8434 3395//4143 3394//4144
f 3698//8434 3403//4166 3395//4143
f 3403//4166 3396//4145 3395//4143
f 3698//8434 3405//4167 3403//4166
f 3675//7978 3406//4168 3698//8434
f 3406//4168 3405//4167 3698//8434
f 3675//7978 3676//7981 3406//4168
f 3676//7981 3385//4169 3406//4168
f 3676//7981 3352//7670 3385//4169
f 3676//7981 3638//8435 3352//7670
f 3676//7981 3619//6247 3638//8435
f 4185//4959 4239//8244 4182//4958
f 4188//4961 4239//8244 4185//4959
f 4240//8246 4239//8244 4188//4961
f 4188//4961 4191//8436 4240//8246
f 4191//8436 4070//6316 4240//8246
f 4191//8436 4072//6314 4070//6316
f 4076//6317 4072//6314 4191//8436
f 4191//8436 4194//8437 4076//6317
f 4197//8438 4076//6317 4194//8437
f 4081//6318 4076//6317 4197//8438
f 4200//8439 4081//6318 4197//8438
f 4084//6319 4081//6318 4200//8439
f 4204//8440 4084//6319 4200//8439
f 4088//6320 4084//6319 4204//8440
f 4204//8440 4091//6321 4088//6320
f 4204//8440 4209//8441 4091//6321
f 4209//8441 4242//8442 4091//6321
f 4213//8443 4242//8442 4209//8441
f 4245//8444 4091//6321 4242//8442
f 4097//6334 4091//6321 4245//8444
f 4248//8445 4097//6334 4245//8444
f 4100//6335 4097//6334 4248//8445
f 4217//8446 4242//8442 4213//8443
f 4245//8444 4242//8442 4217//8446
f 4219//8447 4245//8444 4217//8446
f 4248//8445 4245//8444 4219//8447
f 4251//8448 4100//6335 4248//8445
f 4103//6336 4100//6335 4251//8448
f 4253//8449 4103//6336 4251//8448
f 4105//6337 4103//6336 4253//8449
f 4223//8450 4248//8445 4219//8447
f 4251//8448 4248//8445 4223//8450
f 4225//8451 4251//8448 4223//8450
f 4253//8449 4251//8448 4225//8451
f 4257//8452 4105//6337 4253//8449
f 4109//6338 4105//6337 4257//8452
f 4259//8453 4109//6338 4257//8452
f 4112//6339 4109//6338 4259//8453
f 4257//8452 4253//8449 4225//8451
f 4225//8451 4228//8454 4257//8452
f 4228//8454 4230//8455 4257//8452
f 4230//8455 4259//8453 4257//8452
f 4230//8455 4261//8456 4259//8453
f 4481//7983 4197//8438 4194//8437
f 4481//7983 4482//7982 4197//8438
f 4482//7982 4510//8457 4197//8438
f 4510//8457 4200//8439 4197//8438
f 4510//8457 4204//8440 4200//8439
f 4510//8457 4511//8458 4204//8440
f 4511//8458 4209//8441 4204//8440
f 4511//8458 4213//8443 4209//8441
f 4483//8459 4510//8457 4482//7982
f 4511//8458 4510//8457 4483//8459
f 4483//8459 4485//8460 4511//8458
f 4511//8458 4217//8446 4213//8443
f 4511//8458 4513//8461 4217//8446
f 4513//8461 4219//8447 4217//8446
f 4513//8461 4223//8450 4219//8447
f 4513//8461 4515//8462 4223//8450
f 4515//8462 4225//8451 4223//8450
f 4513//8461 4511//8458 4485//8460
f 4485//8460 4487//8463 4513//8461
f 4488//8464 4513//8461 4487//8463
f 4515//8462 4513//8461 4488//8464
f 4230//8465 4225//8451 4515//8462
f 4228//8466 4225//8467 4230//8468
f 4490//8469 4516//8470 4492//8002
f 4488//8464 4230//8465 4515//8462
f 4488//8464 4494//8005 4230//8465
f 4494//8005 4280//8471 4230//8465
f 4494//8005 4516//8470 4280//8471
f 4516//8470 4282//8472 4280//8471
f 4494//8005 4492//8002 4516//8470
f 4496//8007 4516//8470 4490//8469
f 4517//8473 4516//8470 4496//8007
f 4497//8009 4517//8473 4496//8007
f 4518//8474 4517//8473 4497//8009
f 4282//8472 4516//8470 4517//8473
f 4517//8473 4285//8475 4282//8472
f 4285//8475 4517//8473 4518//8476
f 4518//8476 4288//8477 4285//8475
f 4499//8010 4518//8474 4497//8009
f 4519//8478 4518//8474 4499//8010
f 4499//8010 4292//8479 4519//8478
f 4499//8010 4500//8012 4292//8479
f 4500//8012 4290//8480 4292//8479
f 4288//8477 4518//8476 4519//8478
f 4519//8478 4293//8481 4288//8477
f 4519//8478 4292//8479 4293//8481
f 4521//8482 4295//6342 4296//8483
f 4520//6340 4295//6342 4521//8482
f 4504//8020 4503//8021 4522//8484
f 4503//8485 4521//8486 4522//8487
f 4521//8486 4297//8488 4522//8487
f 4521//8482 4296//8483 4297//8489
f 4500//8012 4298//8490 4290//8480
f 4500//8012 4505//8023 4298//8490
f 4505//8023 4523//8491 4298//8490
f 4506//8024 4523//8491 4505//8023
f 4524//8492 4523//8491 4506//8024
f 4299//8493 4298//8494 4523//8491
f 4299//8493 4523//8491 4524//8492
f 4524//8492 4300//8495 4299//8493
f 4506//8024 4302//8496 4524//8492
f 4506//8024 4507//8025 4302//8496
f 4507//8025 4301//8497 4302//8496
f 4507//8025 4287//8498 4301//8497
f 4507//8025 4504//8020 4287//8498
f 4504//8020 4522//8499 4287//8498
f 4524//8492 4302//8500 4300//8495
f 4508//6351 4521//8501 4509//8028
f 4520//6340 4521//8482 4508//6351
f 4509//8028 4521//8501 4503//8502
f 4522//8503 4297//8504 4283//8505
f 4522//8506 4283//8507 4287//8508
f 4847//8509 4850//8510 4934//8511
f 4934//8511 4931//8512 4847//8509
f 4956//8513 4851//8514 4852//8515
f 4957//8516 4851//8514 4956//8513
f 4854//8517 4851//8514 4957//8516
f 4931//8512 4940//7071 4847//8509
f 4940//7071 4852//8515 4847//8509
f 4940//7071 4956//8513 4852//8515
f 4957//8516 4956//8513 4940//7071
f 4940//7071 4942//7074 4957//8516
f 4948//7077 4854//8517 4957//8516
f 4948//7077 4855//8518 4854//8517
f 4948//7077 4944//7076 4855//8518
f 4941//5394 4855//8518 4944//7076
f 4845//7829 4855//8518 4941//5394
f 4948//7077 4957//8516 4942//7074
f 5068//8033 4969//8519 5067//8034
f 4979//8520 4969//8519 5068//8033
f 5069//8038 4979//8520 5068//8033
f 4981//8521 4979//8520 5069//8038
f 4984//5405 4981//8521 5069//8038
f 5133//6378 5132//5486 5219//5506
f 5219//5506 5220//8522 5133//6378
f 5135//8523 5133//6378 5220//8522
f 5220//8522 5221//8524 5135//8523
f 5185//5508 5187//8525 5219//5506
f 5187//8525 5220//8522 5219//5506
f 5187//8525 5222//8526 5220//8522
f 5223//8527 5220//8522 5222//8526
f 5221//8524 5220//8522 5223//8527
f 5137//8528 5135//8523 5221//8524
f 5221//8524 5224//8529 5137//8528
f 5138//8530 5137//8528 5224//8529
f 5224//8529 5225//8531 5138//8530
f 5226//8532 5221//8524 5223//8527
f 5224//8529 5221//8524 5226//8532
f 5225//8531 5224//8529 5226//8532
f 5226//8532 5227//8533 5225//8531
f 5139//8534 5138//8530 5225//8531
f 5225//8531 5228//8535 5139//8534
f 5229//8536 5139//8534 5228//8535
f 5141//8537 5139//8534 5229//8536
f 5230//8538 5225//8531 5227//8533
f 5228//8535 5225//8531 5230//8538
f 5231//8539 5228//8535 5230//8538
f 5229//8536 5228//8535 5231//8539
f 5232//8540 5141//8537 5229//8536
f 5143//8541 5141//8537 5232//8540
f 5144//8542 5143//8541 5232//8540
f 5232//8540 5233//8543 5144//8542
f 5191//8544 5229//8536 5231//8539
f 5191//8544 5232//8540 5229//8536
f 5191//8544 5189//8545 5232//8540
f 5233//8543 5232//8540 5189//8545
f 5189//8545 5192//8546 5233//8543
f 5195//8547 5222//8526 5187//8525
f 5223//8527 5222//8526 5195//8547
f 5195//8547 5196//8548 5223//8527
f 5226//8532 5223//8527 5196//8548
f 5196//8548 5197//8549 5226//8532
f 5199//8550 5226//8532 5197//8549
f 5227//8533 5226//8532 5199//8550
f 5230//8538 5227//8533 5199//8550
f 5199//8550 5201//8551 5230//8538
f 5231//8539 5230//8538 5201//8551
f 5201//8551 5202//8552 5231//8539
f 5191//8544 5231//8539 5202//8552
f 5234//8553 5148//6398 5150//6396
f 5151//8554 5144//8542 5233//8543
f 5233//8543 5235//8555 5151//8554
f 5153//6402 5151//8554 5235//8555
f 5235//8555 5236//8556 5153//6402
f 5235//8555 5233//8543 5192//8546
f 5192//8546 5204//8557 5235//8555
f 5236//8556 5235//8555 5204//8557
f 5204//8557 5208//8558 5236//8556
f 5154//6403 5153//6402 5236//8556
f 5236//8556 5237//8559 5154//6403
f 5237//8559 5238//8560 5154//6403
f 5238//8560 5150//6396 5154//6403
f 5238//8560 5234//8553 5150//6396
f 5237//8559 5236//8556 5208//8558
f 5208//8558 5209//8561 5237//8559
f 5211//8562 5237//8559 5209//8561
f 5238//8560 5237//8559 5211//8562
f 5239//8563 5148//6398 5234//8553
f 5157//6405 5148//6398 5239//8563
f 5159//6407 5157//6405 5239//8563
f 5239//8563 5240//8564 5159//6407
f 5215//8565 5234//8553 5238//8560
f 5215//8565 5239//8563 5234//8553
f 5215//8565 5213//8566 5239//8563
f 5216//8567 5239//8563 5213//8566
f 5240//8564 5239//8563 5216//8567
f 5215//8565 5238//8560 5211//8562
f 2717//6126 2576//3501 2574//3498
f 2717//6126 2721//8384 2576//3501
f 2721//8384 2817//8568 2576//3501
f 2578//3502 2576//3501 2817//8568
f 2820//8569 2817//8570 2721//8393
f 2721//8393 2725//8394 2820//8569
f 2578//3506 2817//8570 2820//8569
f 2820//8569 2581//3507 2578//3506
f 2729//8395 2820//8569 2725//8396
f 2823//8571 2820//8569 2729//8395
f 2582//3508 2820//8569 2823//8571
f 2581//3507 2820//8569 2582//3508
f 2735//8397 2823//8572 2729//8395
f 2735//8397 2582//3508 2823//8572
f 2735//8397 2585//3517 2582//3508
f 2735//8397 2740//8399 2585//3517
f 2740//8399 2744//8401 2585//3517
f 2744//8401 2829//8573 2585//3517
f 2829//8573 2587//3518 2585//3517
f 2589//3519 2587//3518 2829//8573
f 2829//8573 2831//8574 2589//3519
f 2748//8402 2829//8573 2744//8401
f 2749//8403 2829//8573 2748//8402
f 2831//8574 2829//8573 2749//8403
f 2834//8575 2589//3519 2831//8574
f 2591//6890 2589//3519 2834//8575
f 2592//6889 2591//6890 2834//8575
f 2751//8405 2831//8574 2749//8403
f 2834//8575 2831//8574 2751//8405
f 2751//8405 2754//8406 2834//8575
f 2754//8406 2500//5995 2834//8575
f 2500//5995 2592//6889 2834//8575
f 2754//8406 2502//5994 2500//5995
f 2754//8406 2757//8408 2502//5994
f 2757//8408 2838//8576 2502//5994
f 2504//5997 2502//5994 2838//8576
f 2841//8577 2838//8576 2757//8408
f 2757//8408 2759//8409 2841//8577
f 2508//6001 2838//8576 2841//8577
f 2504//5997 2838//8576 2508//6001
f 2765//8410 2841//8577 2759//8409
f 2765//8410 2508//6001 2841//8577
f 2765//8410 2511//6002 2508//6001
f 2765//8410 2842//8578 2511//6002
f 2765//8410 2768//8412 2842//8578
f 2516//6006 2511//6002 2842//8578
f 2772//8414 2842//8578 2768//8412
f 2845//8579 2842//8578 2772//8414
f 2774//8415 2845//8579 2772//8414
f 2845//8579 2848//8580 2842//8578
f 2848//8580 2516//6006 2842//8578
f 2848//8580 2520//6011 2516//6006
f 2523//6012 2520//6011 2848//8580
f 2848//8580 2850//8581 2523//6012
f 2776//8416 2845//8579 2774//8415
f 2848//8580 2845//8579 2776//8416
f 2779//8419 2848//8580 2776//8416
f 2850//8581 2848//8580 2779//8419
f 2527//6013 2523//6012 2850//8581
f 2850//8581 2854//8582 2527//6013
f 2856//8583 2527//6013 2854//8582
f 2529//6016 2527//6013 2856//8583
f 2854//8582 2850//8581 2779//8419
f 2779//8419 2783//8421 2854//8582
f 2856//8583 2854//8582 2783//8421
f 2783//8421 2785//8584 2856//8583
f 2857//8585 2529//6016 2856//8583
f 2533//6018 2529//6016 2857//8585
f 2534//6019 2533//6018 2857//8585
f 2857//8585 2818//6028 2534//6019
f 2857//8585 2856//8583 2785//8584
f 2785//8584 2787//8586 2857//8585
f 2712//6030 2857//8585 2787//8586
f 2818//6028 2857//8585 2712//6030
f 3087//4173 3114//8587 3086//4174
f 3087//4173 3094//3935 3114//8587
f 3087//4173 3076//3936 3094//3935
f 3094//3935 2685//3546 3114//8587
f 2685//3546 2701//3545 3114//8587
f 2701//3545 2337//8588 3114//8587
f 2701//3545 2307//3217 2337//8588
f 3703//6192 3701//6189 3960//7779
f 3703//6192 3960//7779 3962//7782
f 3962//7782 3706//6197 3703//6192
f 3964//8589 3708//8590 3710//8591
f 3713//8592 3708//8590 3964//8589
f 3964//8589 3966//8593 3713//8592
f 3716//6206 3713//6205 3966//8594
f 3968//7784 3969//8595 3962//7782
f 3969//8595 3706//6197 3962//7782
f 3969//8595 3718//6208 3706//6197
f 3969//8595 3710//6198 3718//6208
f 3969//8595 3971//8596 3710//8597
f 3971//8596 3964//8598 3710//8597
f 3969//8595 3968//7784 3874//6297
f 3874//6297 3877//6296 3969//8595
f 3971//8596 3969//8595 3877//6296
f 3877//8599 3879//8600 3971//8601
f 3885//8602 3964//8598 3971//8596
f 3885//6304 3882//6303 3964//8603
f 3882//8604 3966//8593 3964//8589
f 3882//8605 3888//6305 3966//8594
f 3888//6305 3716//6206 3966//8594
f 3888//6305 3976//8606 3716//6206
f 3976//8606 3721//6209 3716//6206
f 3885//8602 3971//8596 3879//8607
f 3890//6312 3976//8606 3888//6305
f 3727//6219 3721//6209 3976//8606
f 3980//8608 3730//8609 3732//8610
f 3890//6312 3895//6322 3976//8606
f 3895//6322 3727//6219 3976//8606
f 3895//6322 3735//6223 3727//6219
f 3895//6322 3980//8611 3735//8612
f 3980//8611 3732//8613 3735//8612
f 3895//6322 3898//6324 3980//8611
f 3740//6225 3730//6222 3980//8611
f 3980//8611 3982//8614 3740//6225
f 3742//6227 3740//6226 3982//8614
f 3901//6326 3980//8611 3898//6324
f 3982//8614 3980//8611 3901//6326
f 3901//6326 3742//6227 3982//8614
f 3901//6326 3904//6328 3742//6227
f 3904//6328 3744//6230 3742//6227
f 3908//6330 3744//6230 3904//6328
f 3749//6235 3744//6230 3908//6330
f 3912//6332 3749//6235 3908//6330
f 3752//6236 3749//6235 3912//6332
f 3915//8615 3752//6236 3912//6332
f 3755//6241 3752//6236 3915//8615
f 3918//7937 3755//6241 3915//8615
f 3758//6242 3755//6241 3918//7937
f 4351//8616 3658//6579 3659//6578
f 4062//7949 3620//6580 3621//7926
f 4337//6345 3661//6581 4062//7949
f 3661//6581 3620//6580 4062//7949
f 4337//6345 4334//6344 3661//6581
f 4334//6344 4339//6347 3661//6581
f 4339//6347 3659//6578 3661//6581
f 4339//6347 4351//8616 3659//6578
f 4294//6341 4337//6345 4322//8617
f 4337//6345 4052//7948 4322//8617
f 4337//6345 4062//7949 4052//7948
f 3664//6586 3658//6579 4351//8616
f 4351//8616 4354//8618 3664//6586
f 3665//6587 3664//6586 4354//8618
f 4354//8618 4356//8619 3665//6587
f 3668//6590 3665//6587 4356//8619
f 4356//8619 4358//8620 3668//6590
f 4359//8621 3668//6590 4358//8620
f 3669//6591 3668//6590 4359//8621
f 4361//8622 3669//6591 4359//8621
f 3672//6594 3669//6591 4361//8622
f 4352//8623 3672//6594 4361//8622
f 3674//6595 3672//6594 4352//8623
f 4343//6355 4351//8616 4339//6347
f 4354//8618 4351//8616 4343//6355
f 4356//8619 4354//8618 4343//6355
f 4343//6355 4345//6357 4356//8619
f 4358//8620 4356//8619 4345//6357
f 4345//6357 4347//6358 4358//8620
f 4349//6361 4358//8620 4347//6358
f 4359//8621 4358//8620 4349//6361
f 4350//6363 4359//8621 4349//6361
f 4361//8622 4359//8621 4350//6363
f 4333//6365 4361//8622 4350//6363
f 4352//8623 4361//8622 4333//6365
f 4281//7417 4279//7415 4512//7474
f 4486//8624 4512//7474 4484//7473
f 4486//8624 4284//7419 4512//7474
f 4284//7419 4281//7417 4512//7474
f 4486//8624 4489//8625 4284//8626
f 4491//8627 4514//8628 4493//8629
f 4495//8630 4284//8626 4489//8625
f 4286//8631 4284//8626 4495//8630
f 4495//8630 4514//8628 4286//8632
f 4514//8628 4289//8633 4286//8632
f 4495//8630 4493//8629 4514//8628
f 4491//8627 4498//8634 4514//8628
f 4498//8634 4291//8635 4514//8628
f 4498//8634 4177//8636 4291//8635
f 4498//8634 4179//4769 4177//8636
f 4498//8634 4369//4804 4179//4769
f 4369//4804 4181//4771 4179//4769
f 4498//8634 4437//4963 4369//4804
f 4514//8628 4291//8635 4289//8633
f 4438//4964 4501//8637 4461//4965
f 4501//8637 4371//4806 4461//4965
f 4501//8637 4404//4807 4371//4806
f 4501//8637 4193//4780 4404//4807
f 4193//4780 4190//4777 4404//4807
f 4501//8637 4388//4912 4193//4780
f 4388//4912 4424//4909 4193//4780
f 4424//4909 4195//4781 4193//4780
f 4501//8637 4502//8638 4388//4912
f 4502//8638 4469//5023 4388//4912
f 4451//5043 4469//5023 4502//8638
f 4405//8639 4199//7432 4205//7431
f 4460//5058 4481//7983 4480//5056
f 4481//7983 4191//8436 4480//5056
f 4191//8436 4403//4962 4480//5056
f 4191//8436 4188//4961 4403//4962
f 4481//7983 4194//8437 4191//8436
f 4868//8248 4723//5257 4810//5258
f 4739//8640 4723//5257 4868//8248
f 4740//7791 4739//8640 4868//8248
f 4868//8248 4870//8250 4740//7791
f 4872//8252 4740//7791 4870//8250
f 4741//7794 4740//7791 4872//8252
f 4742//7808 4741//7794 4872//8252
f 4872//8252 4874//8641 4742//7808
f 4743//7810 4742//7808 4874//8641
f 4874//8641 4875//8642 4743//7810
f 4877//8643 4744//7813 4745//7811
f 4879//8644 4744//7813 4877//8643
f 4746//7814 4744//7813 4879//8644
f 4875//8642 4878//8258 4743//7810
f 4878//8258 4745//7811 4743//7810
f 4878//8258 4877//8643 4745//7811
f 4850//8259 4847//8509 4878//8258
f 4847//8509 4879//8644 4878//8258
f 4879//8644 4877//8643 4878//8258
f 4881//8645 4748//7818 4749//7817
f 4882//8646 4748//7818 4881//8645
f 4750//7819 4748//7818 4882//8646
f 4883//8647 4750//7819 4882//8646
f 4751//7822 4750//7819 4883//8647
f 4876//8031 4751//7822 4883//8647
f 4752//7823 4751//7822 4876//8031
f 4852//8515 4851//8514 4879//8644
f 4851//8514 4881//8645 4879//8644
f 4881//8645 4749//7817 4879//8644
f 4749//7817 4746//7814 4879//8644
f 4854//8517 4881//8645 4851//8514
f 4882//8646 4881//8645 4854//8517
f 4852//8515 4879//8644 4847//8509
f 4855//8518 4882//8646 4854//8517
f 4883//8647 4882//8646 4855//8518
f 4845//7829 4883//8647 4855//8518
f 4876//8031 4883//8647 4845//7829
f 4754//7826 4752//7823 4876//8031
f 4876//8031 4880//8030 4754//7826
f 4869//8032 4754//7826 4880//8030
f 4738//7827 4754//7826 4869//8032
f 4929//5378 4932//8648 4901//5359
f 4932//8648 4830//8649 4901//5359
f 4830//8649 4829//5360 4901//5359
f 4932//8648 4831//5308 4830//8649
f 4933//8650 4831//5308 4932//8648
f 4846//8247 4831//5308 4933//8650
f 4935//8651 4846//8247 4933//8650
f 4853//8249 4846//8247 4935//8651
f 4856//8251 4853//8249 4935//8651
f 4935//8651 4936//8652 4856//8251
f 4937//8653 4856//8251 4936//8652
f 4857//8253 4856//8251 4937//8653
f 4938//8654 4857//8253 4937//8653
f 4858//8655 4857//8253 4938//8654
f 4939//8656 4858//8655 4938//8654
f 4859//8657 4858//8655 4939//8656
f 4850//8658 4859//8657 4939//8656
f 4939//8656 4934//8659 4850//8658
f 4945//5382 4943//5383 5015//8660
f 5015//8660 5016//8661 4945//5382
f 5018//8662 4945//5382 5016//8661
f 4946//5384 4945//5382 5018//8662
f 4979//8520 5015//8660 4969//8519
f 5016//8661 5015//8660 4979//8520
f 4981//8521 5016//8661 4979//8520
f 5018//8662 5016//8661 4981//8521
f 4950//5385 4946//5384 5018//8662
f 4981//8521 4984//5405 5018//8662
f 4984//5405 4950//5385 5018//8662
f 4984//5405 5017//5404 4950//5385
f 5017//5404 4951//5388 4950//5385
f 5019//5406 4951//5388 5017//5404
f 4953//5389 4951//5388 5019//5406
f 4954//5392 4953//5389 5019//5406
f 5064//7856 4970//7079 4974//7078
f 5063//7857 4970//7079 5064//7856
f 4967//5399 4970//7079 5063//7857
f 5112//8663 5033//8035 5109//8664
f 5035//8036 5033//8035 5112//8663
f 5037//8037 5035//8036 5112//8663
f 5112//8663 5114//8665 5037//8037
f 5086//5437 5109//8664 5083//5438
f 5112//8663 5109//8664 5086//5437
f 5088//5442 5112//8663 5086//5437
f 5114//8665 5112//8663 5088//5442
f 5040//8040 5037//8037 5114//8665
f 5088//5442 5090//5446 5114//8665
f 5090//5446 5040//8040 5114//8665
f 5090//5446 5042//8041 5040//8040
f 5044//8042 5042//8041 5090//5446
f 5090//5446 5092//8666 5044//8042
f 5045//8043 5044//8042 5092//8666
f 5092//8666 5095//8667 5045//8043
f 5095//8667 5047//8044 5045//8043
f 5095//8667 5117//8668 5047//8044
f 5095//8667 5096//8669 5117//8668
f 5050//8046 5047//8044 5117//8668
f 5120//8670 5117//8668 5096//8669
f 5096//8669 5098//8671 5120//8670
f 5100//8672 5120//8670 5098//8671
f 5121//8673 5120//8670 5100//8672
f 5101//8674 5121//8673 5100//8672
f 5053//8051 5117//8668 5120//8670
f 5050//8046 5117//8668 5053//8051
f 5054//8675 5120//8670 5121//8673
f 5053//8051 5120//8670 5054//8675
f 5101//8674 5054//8675 5121//8673
f 5101//8674 5056//8053 5054//8675
f 5101//8674 5102//8676 5056//8053
f 5103//8677 5056//8053 5102//8676
f 5058//8054 5056//8053 5103//8677
f 5124//8678 5059//8056 5060//8055
f 5061//8057 5059//8056 5124//8678
f 5124//8678 5126//8679 5061//8057
f 5062//8058 5061//8057 5126//8679
f 5126//8679 5128//8680 5062//8058
f 5030//7833 5062//8058 5128//8680
f 5128//8680 5107//7864 5030//7833
f 5103//8677 5060//8055 5058//8054
f 5103//8677 5104//5476 5060//8055
f 5104//5476 5124//8678 5060//8055
f 5105//5478 5124//8678 5104//5476
f 5126//8679 5124//8678 5105//5478
f 5106//5482 5126//8679 5105//5478
f 5128//8680 5126//8679 5106//5482
f 5076//7873 5128//8680 5106//5482
f 5107//7864 5128//8680 5076//7873
f 5246//5512 5272//6438 5243//5510
f 5273//6439 5272//6438 5246//5512
f 5241//5514 5273//6439 5246//5512
f 5274//6440 5273//6439 5241//5514
f 5248//6413 5245//6412 5331//8681
f 5299//5516 5308//5518 5331//8681
f 5308//5518 5248//6413 5331//8681
f 5308//5518 5253//6425 5248//6413
f 5255//6426 5253//6425 5308//5518
f 5308//5518 5310//8682 5255//6426
f 5256//8683 5255//6426 5310//8682
f 5310//8682 5316//8684 5256//8683
f 5259//8685 5256//8683 5316//8684
f 5316//8684 5317//8686 5259//8685
f 5261//8687 5259//8685 5317//8686
f 5317//8686 5320//8688 5261//8687
f 5322//8689 5261//8687 5320//8688
f 5263//8690 5261//8687 5322//8689
f 5324//8691 5263//8690 5322//8689
f 5264//8692 5263//8690 5324//8691
f 5265//8693 5264//8692 5324//8691
f 5324//8691 5325//8694 5265//8693
f 5326//8695 5265//8693 5325//8694
f 5266//6443 5265//8693 5326//8695
f 5327//8696 5266//6443 5326//8695
f 5268//6444 5266//6443 5327//8696
f 5328//8697 5268//6444 5327//8696
f 5270//6445 5268//6444 5328//8697
f 5243//5510 5270//6445 5328//8697
f 5328//8697 5300//5511 5243//5510
f 5345//8147 5343//5631 5442//5630
f 5447//8698 5445//5622 5449//5623
f 5449//5623 5450//8699 5447//8698
f 5453//8700 5447//8698 5450//8699
f 5442//8701 5447//8698 5453//8700
f 5458//8702 5449//5627 5456//5626
f 5450//8703 5449//5627 5458//8702
f 5453//8704 5450//8703 5458//8702
f 5458//8702 5459//8705 5453//8704
f 1755//6500 1360//8706 1362//6498
f 1758//6501 1360//8706 1755//6500
f 1363//8707 1360//8706 1758//6501
f 1351//6460 1363//8707 1758//6501
f 1758//6501 1750//6461 1351//6460
f 2326//3216 2346//8708 2337//8588
f 2337//8588 2307//3217 2326//3216
f 2326//3216 2006//2860 2346//8708
f 2006//2860 2017//2859 2346//8708
f 2017//2859 1736//5950 2346//8708
f 1736//5950 2345//5952 2346//8708
f 2017//2859 1726//2862 1736//5950
f 3575//8709 3635//8710 3616//8711
f 3575//8709 3574//8712 3635//8710
f 3574//8712 3478//8713 3635//8710
f 3574//8714 3476//4201 3478//4203
f 3574//8715 3573//8716 3476//4201
f 3573//8716 3423//4200 3476//4201
f 3573//4449 3509//4286 3423//4200
f 3353//7672 3352//7670 3638//8435
f 3619//6247 3353//7672 3638//8435
f 3619//6247 3622//6246 3353//7672
f 3622//6246 3355//7673 3353//7672
f 3622//6246 3623//6250 3355//7673
f 3623//6250 3357//7674 3355//7673
f 3623//6250 3639//8717 3357//7674
f 3626//6254 3639//8717 3623//6250
f 3359//7675 3357//7674 3639//8717
f 3639//8717 3487//4212 3359//7675
f 3489//4211 3359//7675 3487//4212
f 3489//4211 3360//7678 3359//7675
f 3489//4211 3491//4216 3360//7678
f 3307//4220 3491//4216 3493//4218
f 3360//7678 3491//4216 3307//4220
f 3626//6254 3432//4213 3639//8717
f 3432//4213 3487//4212 3639//8717
f 3626//6254 3517//4292 3432//4213
f 3532//8718 3616//8719 3590//8720
f 3616//8711 3591//8721 3590//8722
f 3616//8711 3635//8710 3591//8721
f 3595//4314 3594//4309 3446//4226
f 3594//4309 3494//4223 3446//4226
f 3594//4309 3635//8723 3494//4223
f 3635//8723 3478//4203 3494//4223
f 3594//8724 3591//8725 3635//8726
f 3630//6291 3584//6983 3506//6292
f 3630//6291 3422//8727 3584//6983
f 3630//6291 3471//7394 3422//8727
f 3630//6291 3424//6989 3471//7394
f 3424//6989 3474//7395 3471//7394
f 3474//7395 3293//6943 3471//7394
f 3293//6943 3292//6940 3471//7394
f 3630//6291 3508//6295 3424//6989
f 3508//6295 3585//6990 3424//6989
f 3892//7700 3887//4746 4124//4747
f 4124//4747 4126//8728 3892//7700
f 3894//7701 3892//7700 4126//8728
f 4066//8168 4124//4747 4064//4752
f 4126//8728 4124//4747 4066//8168
f 4066//8168 4068//8729 4126//8728
f 4068//8729 3894//7701 4126//8728
f 4068//8729 3897//7703 3894//7701
f 4068//8729 3899//7705 3897//7703
f 4068//8730 4071//8731 3899//8732
f 4071//8731 4128//8733 3899//8732
f 4071//8734 4074//8735 4128//8736
f 4074//8737 3906//8738 4128//8739
f 4074//8737 4131//8740 3906//8738
f 4131//8741 3903//7709 3906//7708
f 4079//8190 4133//8742 4077//8191
f 4082//8193 4133//8742 4079//8190
f 4135//7438 4133//8742 4082//8193
f 4133//8742 4137//8743 4085//8194
f 4085//8194 4077//8191 4133//8742
f 3907//8744 3899//8732 4128//8733
f 4074//8183 4085//8194 4131//8745
f 4085//8194 3913//8746 4131//8745
f 3913//8747 3910//8748 4131//8749
f 4085//8194 4137//8743 3913//8746
f 3906//8750 3907//8744 4128//8733
f 4135//7438 4137//8751 4133//8742
f 4135//7438 3920//6278 4137//8751
f 3920//8752 3917//8753 4137//8754
f 3917//8753 3913//8755 4137//8754
f 3924//4757 3925//7728 4093//8195
f 4093//8195 4090//4758 3924//4757
f 4093//8195 3927//7730 4094//8196
f 3925//7728 3927//7730 4093//8195
f 3927//7730 3931//7735 4096//8197
f 4096//8197 4094//8196 3927//7730
f 3931//7735 3932//7736 4099//8756
f 4099//8199 4096//8197 3931//7735
f 4141//7437 4135//7438 4082//8193
f 4082//8193 4102//8202 4141//7437
f 4104//7434 4141//7437 4102//8202
f 4108//8205 4142//7433 4106//7435
f 4108//8205 4110//8207 4142//7433
f 4110//8207 3934//6279 4142//7433
f 4110//8207 3936//7737 3934//6279
f 4110//8207 4143//8757 3936//7737
f 4111//8210 4143//8757 4110//8207
f 3939//8758 3903//8759 4131//8760
f 3910//7752 3939//7749 4131//8761
f 4148//8762 3936//7737 4143//8757
f 3942//7754 3936//7737 4148//8762
f 3944//7755 3942//7754 4148//8762
f 4111//8210 4148//8762 4143//8757
f 4111//8210 4113//8211 4148//8762
f 4113//8211 4149//8763 4148//8762
f 4149//8763 3945//7757 4148//8762
f 3945//7757 3944//7755 4148//8762
f 4149//8763 4151//8764 3945//7757
f 3947//7760 3945//7757 4151//8764
f 3949//7762 3875//4740 4154//4739
f 4092//4742 3950//7767 4154//4739
f 3950//7767 3949//7762 4154//4739
f 4092//4742 4114//8212 3950//8765
f 4156//8766 3951//7774 3952//8767
f 4099//8199 3953//7771 4115//8216
f 3932//7736 3953//7771 4099//8756
f 4116//8218 4115//8216 4156//8766
f 4115//8216 3951//7774 4156//8766
f 4115//8216 3953//7771 3951//7774
f 4117//8768 3950//8765 4114//8212
f 3954//8769 3950//8765 4117//8768
f 4117//8770 3952//8771 3954//8772
f 4117//8770 4156//8773 3952//8771
f 4117//8770 4118//8774 4156//8773
f 4116//8218 4156//8766 4118//8233
f 4162//8775 4149//8763 4113//8211
f 4113//8211 4119//8238 4162//8775
f 4164//8776 4149//8763 4162//8775
f 4151//8764 4149//8763 4164//8776
f 4120//8240 4162//8775 4119//8238
f 4120//8240 4164//8776 4162//8775
f 4120//8240 4121//8241 4164//8776
f 4121//8241 4166//8777 4164//8776
f 3955//7778 4151//8764 4164//8776
f 3947//7760 4151//8764 3955//7778
f 3955//7778 4164//8776 4166//8777
f 4166//8777 3956//7780 3955//7778
f 4167//8778 4166//8777 4121//8241
f 4121//8241 4122//8243 4167//8778
f 4123//8245 4167//8778 4122//8243
f 4167//8778 3956//7780 4166//8777
f 4167//8778 3957//7783 3956//7780
f 4167//8778 4170//8779 3957//7783
f 3958//7785 3957//7783 4170//8779
f 4123//8245 4070//6316 4167//8778
f 4070//6316 4170//8779 4167//8778
f 4070//6316 4140//6315 4170//8779
f 4140//6315 3958//7785 4170//8779
f 4140//6315 3874//6297 3958//7785
f 4140//6315 4125//6298 3874//6297
f 4175//6333 3915//8615 3912//6332
f 4175//6333 4304//8780 3915//8615
f 4304//8780 3918//7937 3915//8615
f 4261//8456 4306//8781 4259//8453
f 4306//8781 4304//8780 4259//8453
f 4304//8780 4112//6339 4259//8453
f 4304//8780 4175//6333 4112//6339
f 4280//8782 4261//8456 4230//8455
f 4282//8783 4261//8456 4280//8782
f 4306//8781 4261//8456 4282//8783
f 4040//7938 3918//7937 4304//8780
f 4304//8780 4308//8784 4040//7938
f 4042//7939 4040//7938 4308//8784
f 4308//8784 4310//8785 4042//7939
f 4312//8786 4045//8787 4046//8788
f 4048//8789 4045//8787 4312//8786
f 4312//8786 4313//8790 4048//8789
f 4310//8785 4046//8788 4042//7939
f 4310//8785 4315//8791 4046//8788
f 4315//8791 4312//8786 4046//8788
f 4313//8790 4312//8786 4315//8791
f 4315//8791 4317//8792 4313//8790
f 4308//8784 4304//8780 4306//8781
f 4306//8781 4318//8793 4308//8784
f 4310//8785 4308//8784 4318//8793
f 4318//8793 4319//8794 4310//8785
f 4318//8793 4306//8781 4282//8783
f 4282//8783 4285//8795 4318//8793
f 4288//8796 4318//8793 4285//8795
f 4319//8794 4318//8793 4288//8796
f 4315//8791 4310//8785 4319//8794
f 4319//8794 4320//8797 4315//8791
f 4292//8798 4315//8791 4320//8797
f 4292//8798 4317//8792 4315//8791
f 4292//8798 4290//8799 4317//8792
f 4320//8797 4319//8794 4288//8796
f 4288//8796 4293//8800 4320//8797
f 4292//8798 4320//8797 4293//8800
f 4321//8801 4050//7945 4051//7944
f 4322//8617 4052//7948 4053//7947
f 4054//7950 4050//7945 4321//8801
f 4321//8801 4323//8802 4054//7950
f 4295//6342 4294//6341 4323//8802
f 4294//6341 4322//8617 4323//8802
f 4322//8617 4053//7947 4323//8802
f 4053//7947 4054//7950 4323//8802
f 4055//7957 4048//8789 4313//8790
f 4313//8790 4324//8803 4055//7957
f 4324//8803 4051//7944 4055//7957
f 4324//8803 4325//8804 4051//7944
f 4325//8804 4321//8801 4051//7944
f 4326//8805 4313//8790 4317//8792
f 4324//8803 4313//8790 4326//8805
f 4327//8806 4324//8803 4326//8805
f 4325//8804 4324//8803 4327//8806
f 4323//8802 4321//8801 4325//8804
f 4325//8804 4328//8807 4323//8802
f 4323//8802 4328//8807 4296//8483
f 4296//8483 4295//6342 4323//8802
f 4328//8807 4325//8804 4327//8806
f 4327//8806 4329//8808 4328//8807
f 4297//8809 4329//8810 4303//8811
f 4297//8489 4328//8807 4329//8808
f 4297//8489 4296//8483 4328//8807
f 4290//8799 4298//8812 4317//8792
f 4298//8812 4326//8805 4317//8792
f 4298//8812 4330//8813 4326//8805
f 4327//8806 4326//8805 4330//8813
f 4330//8813 4331//8814 4327//8806
f 4299//8815 4330//8813 4298//8812
f 4300//8816 4330//8813 4299//8815
f 4331//8814 4330//8813 4300//8816
f 4302//8817 4327//8806 4331//8814
f 4302//8817 4329//8818 4327//8806
f 4302//8817 4301//8819 4329//8818
f 4287//8820 4329//8818 4301//8819
f 4303//8821 4329//8818 4287//8820
f 4302//8817 4331//8814 4300//8816
f 4297//8822 4303//8823 4283//8824
f 4591//7472 4590//7471 4558//5133
f 4558//5133 4560//5132 4591//7472
f 4560//5132 4486//8624 4591//7472
f 4486//8624 4484//7473 4591//7472
f 4560//5132 4562//5136 4486//8624
f 4562//5136 4592//8825 4486//8624
f 4563//5141 4592//8825 4562//5136
f 4489//8625 4486//8624 4592//8825
f 4594//8826 4491//8827 4493//8629
f 4563//5141 4566//5142 4592//8825
f 4566//5142 4489//8625 4592//8825
f 4566//5142 4495//8630 4489//8625
f 4566//5142 4594//8826 4495//8630
f 4594//8826 4493//8629 4495//8630
f 4566//5142 4567//5143 4594//8826
f 4498//8828 4491//8827 4594//8826
f 4594//8826 4596//8829 4498//8828
f 4597//8830 4498//8828 4596//8829
f 4437//8831 4498//8828 4597//8830
f 4596//8829 4594//8826 4567//5143
f 4567//5143 4569//5155 4596//8829
f 4571//5157 4596//8829 4569//5155
f 4597//8830 4596//8829 4571//5157
f 4438//4964 4437//8831 4597//8830
f 4571//5157 4599//8832 4597//8830
f 4599//8832 4501//8637 4597//8830
f 4501//8637 4438//4964 4597//8830
f 4571//5157 4573//5158 4599//8832
f 4502//8638 4501//8637 4599//8832
f 4575//5160 4599//8832 4573//5158
f 4575//5160 4525//5076 4599//8832
f 4525//5076 4502//8638 4599//8832
f 4525//5076 4451//5043 4502//8638
f 4575//5160 4552//5090 4525//5076
f 4575//5160 4543//5093 4552//5090
f 4578//5174 4556//5102 4551//5101
f 4556//5102 4602//8833 4534//5088
f 4602//8833 4459//5057 4534//5088
f 4459//5057 4458//5054 4534//5088
f 4602//8833 4460//5058 4459//5057
f 4589//7984 4460//5058 4602//8833
f 4481//7983 4460//5058 4589//7984
f 4602//8833 4556//5102 4578//5174
f 4578//5174 4580//5175 4602//8833
f 4589//7984 4602//8833 4580//5175
f 4580//5175 4557//7985 4589//7984
f 5187//8525 5185//5508 5274//6440
f 5275//8834 5189//8835 5191//8836
f 5192//8837 5189//8835 5275//8834
f 5275//8834 5277//8838 5192//8837
f 5241//5514 5187//8525 5274//6440
f 5241//5514 5242//7476 5187//8525
f 5242//7476 5195//8839 5187//8525
f 5244//7478 5195//8839 5242//7476
f 5196//8840 5195//8839 5244//7478
f 5247//8841 5196//8840 5244//7478
f 5197//8842 5196//8840 5247//8841
f 5199//8843 5197//8842 5247//8841
f 5247//8841 5249//8844 5199//8843
f 5201//8845 5199//8843 5249//8844
f 5249//8844 5250//8846 5201//8845
f 5202//8847 5201//8845 5250//8846
f 5250//8846 5251//7491 5202//8847
f 5251//7491 5191//8836 5202//8847
f 5251//7491 5252//7495 5191//8836
f 5252//7495 5275//8834 5191//8836
f 5277//8838 5275//8834 5252//7495
f 5252//7495 5254//7497 5277//8838
f 5278//8848 5192//8837 5277//8838
f 5204//8849 5192//8837 5278//8848
f 5208//8850 5204//8849 5278//8848
f 5278//8848 5280//8851 5208//8850
f 5209//8852 5208//8850 5280//8851
f 5280//8851 5282//8853 5209//8852
f 5258//7502 5209//8852 5282//8853
f 5258//7502 5211//8562 5209//8852
f 5258//7502 5257//7501 5211//8562
f 5284//8854 5213//8566 5215//8565
f 5285//8855 5213//8566 5284//8854
f 5216//8567 5213//8566 5285//8855
f 5257//7501 5215//8565 5211//8562
f 5257//7501 5260//7503 5215//8565
f 5260//7503 5284//8854 5215//8565
f 5285//8855 5284//8854 5260//7503
f 5260//7503 5262//7506 5285//8855
f 5267//7508 5277//8838 5254//7497
f 5278//8848 5277//8838 5267//7508
f 5280//8851 5278//8848 5267//7508
f 5267//7508 5269//7510 5280//8851
f 5282//8853 5280//8851 5269//7510
f 5269//7510 5271//7515 5282//8853
f 5258//7502 5282//8853 5271//7515
f 5298//7475 5297//5513 5376//8286
f 5342//8289 5298//7475 5376//8286
f 5342//8289 5348//5568 5298//7475
f 5348//5568 5301//7480 5298//7475
f 5303//7481 5301//7480 5348//5568
f 5348//5568 5351//5572 5303//7481
f 5304//7486 5303//7481 5351//5572
f 5351//5572 5358//5574 5304//7486
f 5360//5577 5304//7486 5358//5574
f 5305//7487 5304//7486 5360//5577
f 5306//7492 5305//7487 5360//5577
f 5360//5577 5362//5586 5306//7492
f 5307//7493 5306//7492 5362//5586
f 5362//5586 5364//5589 5307//7493
f 5382//8856 5309//7498 5311//7496
f 5312//7499 5307//7493 5364//5589
f 5364//5589 5366//5590 5312//7499
f 5366//5590 5311//7496 5312//7499
f 5366//5590 5368//5592 5311//7496
f 5368//5592 5382//8856 5311//7496
f 5313//7507 5309//7498 5382//8856
f 5368//5592 5313//7507 5382//8856
f 5368//5592 5370//5602 5313//7507
f 5370//5602 5314//7512 5313//7507
f 5315//7513 5314//7512 5370//5602
f 5370//5602 5371//5604 5315//7513
f 5387//8857 5318//7516 5319//7514
f 5321//7517 5318//7516 5387//8857
f 5387//8857 5388//8858 5321//7517
f 5371//5604 5319//7514 5315//7513
f 5371//5604 5372//5606 5319//7514
f 5372//5606 5387//8857 5319//7514
f 5388//8858 5387//8857 5372//5606
f 5372//5606 5373//5608 5388//8858
f 5391//8859 5321//7517 5388//8858
f 5323//7518 5321//7517 5391//8859
f 5296//7519 5323//7518 5391//8859
f 5391//8859 5377//8148 5296//7519
f 5391//8859 5388//8858 5373//5608
f 5373//5608 5374//5628 5391//8859
f 5343//5631 5391//8859 5374//5628
f 5377//8148 5391//8859 5343//5631
